hsa-miR-328-5p,hsa_circ_0002172
hsa-miR-328-5p,hsa_circ_0089776
hsa-miR-3689b-3p,hsa_circ_0041089
hsa-miR-3689b-3p,hsa_circ_0041099
hsa-miR-3689b-3p,hsa_circ_0041116
hsa-miR-3689c,hsa_circ_0041089
hsa-miR-3689c,hsa_circ_0041099
hsa-miR-3689c,hsa_circ_0041116
hsa-miR-30b-3p,hsa_circ_0041089
hsa-miR-30b-3p,hsa_circ_0041099
hsa-miR-30b-3p,hsa_circ_0041116
hsa-miR-3689a-3p,hsa_circ_0041089
hsa-miR-3689a-3p,hsa_circ_0041099
hsa-miR-3689a-3p,hsa_circ_0041116
hsa-miR-8485,hsa_circ_0089792
hsa-miR-6851-5p,hsa_circ_0041089
hsa-miR-6851-5p,hsa_circ_0041099
hsa-miR-6851-5p,hsa_circ_0041116
hsa-miR-4778-3p,hsa_circ_0013871
hsa-miR-4778-3p,hsa_circ_0013870
hsa-miR-4300,hsa_circ_0041089
hsa-miR-4300,hsa_circ_0041099
hsa-miR-4300,hsa_circ_0041116
hsa-miR-3192-5p,hsa_circ_0041089
hsa-miR-3192-5p,hsa_circ_0041099
hsa-miR-3192-5p,hsa_circ_0041116
hsa-miR-6780a-5p,hsa_circ_0041089
hsa-miR-6780a-5p,hsa_circ_0041099
hsa-miR-6780a-5p,hsa_circ_0041116
hsa-miR-6756-5p,hsa_circ_0041089
hsa-miR-6756-5p,hsa_circ_0041099
hsa-miR-6756-5p,hsa_circ_0041116
hsa-miR-6726-5p,hsa_circ_0041089
hsa-miR-6726-5p,hsa_circ_0041099
hsa-miR-6726-5p,hsa_circ_0041116
hsa-miR-4728-5p,hsa_circ_0037995
hsa-miR-4728-5p,hsa_circ_0037996
hsa-miR-328-5p,hsa_circ_0052415
hsa-miR-650,hsa_circ_0052415
hsa-miR-4728-5p,hsa_circ_0037997
hsa-miR-1277-5p,hsa_circ_0057112
hsa-miR-1249-5p,hsa_circ_0002172
hsa-miR-103a-3p,hsa_circ_0052415
hsa-miR-107,hsa_circ_0052415
hsa-miR-7110-5p,hsa_circ_0002172
hsa-miR-7110-5p,hsa_circ_0089776
hsa-miR-1249-5p,hsa_circ_0089776
hsa-miR-920,hsa_circ_0041089
hsa-miR-920,hsa_circ_0041099
hsa-miR-920,hsa_circ_0041116
hsa-miR-6752-5p,hsa_circ_0002172
hsa-miR-6752-5p,hsa_circ_0089776
hsa-miR-646,hsa_circ_0013871
hsa-miR-4739,hsa_circ_0041089
hsa-miR-4739,hsa_circ_0041099
hsa-miR-4739,hsa_circ_0041116
hsa-miR-6812-5p,hsa_circ_0002172
hsa-miR-6812-5p,hsa_circ_0089776
hsa-miR-646,hsa_circ_0013870
hsa-miR-6799-5p,hsa_circ_0041089
hsa-miR-6799-5p,hsa_circ_0041099
hsa-miR-6799-5p,hsa_circ_0041116
hsa-miR-6756-3p,hsa_circ_0013871
hsa-miR-4446-3p,hsa_circ_0013871
hsa-miR-4498,hsa_circ_0013871
hsa-miR-4672,hsa_circ_0005461
hsa-miR-6790-3p,hsa_circ_0002172
hsa-miR-6790-3p,hsa_circ_0089776
hsa-miR-6862-5p,hsa_circ_0013871
hsa-miR-4640-5p,hsa_circ_0052415
hsa-miR-8485,hsa_circ_0041122
hsa-miR-5088-3p,hsa_circ_0013871
hsa-miR-4778-3p,hsa_circ_0013876
hsa-miR-4446-3p,hsa_circ_0013870
hsa-miR-6881-3p,hsa_circ_0013871
hsa-miR-4498,hsa_circ_0013870
hsa-miR-765,hsa_circ_0002172
hsa-miR-765,hsa_circ_0089776
hsa-miR-6778-5p,hsa_circ_0041089
hsa-miR-6778-5p,hsa_circ_0041099
hsa-miR-6778-5p,hsa_circ_0041116
hsa-miR-6862-5p,hsa_circ_0013870
hsa-miR-1199-5p,hsa_circ_0013871
hsa-miR-6779-5p,hsa_circ_0041089
hsa-miR-6779-5p,hsa_circ_0041099
hsa-miR-6779-5p,hsa_circ_0041116
hsa-miR-1185-2-3p,hsa_circ_0005461
hsa-miR-4726-5p,hsa_circ_0052415
hsa-miR-370-3p,hsa_circ_0013871
hsa-miR-7113-3p,hsa_circ_0013871
hsa-miR-6881-3p,hsa_circ_0013870
hsa-miR-93-3p,hsa_circ_0013871
hsa-miR-1199-5p,hsa_circ_0013870
hsa-miR-431-5p,hsa_circ_0013871
hsa-miR-6756-3p,hsa_circ_0013870
hsa-miR-370-3p,hsa_circ_0013870
hsa-miR-7113-3p,hsa_circ_0013870
hsa-miR-3689d,hsa_circ_0041089
hsa-miR-3689d,hsa_circ_0041099
hsa-miR-3689d,hsa_circ_0041116
hsa-miR-93-3p,hsa_circ_0013870
hsa-miR-431-5p,hsa_circ_0013870
hsa-miR-5088-3p,hsa_circ_0013870
hsa-miR-1273h-5p,hsa_circ_0041089
hsa-miR-1273h-5p,hsa_circ_0041099
hsa-miR-1273h-5p,hsa_circ_0041116
hsa-miR-6865-3p,hsa_circ_0020316
hsa-miR-4781-5p,hsa_circ_0005461
hsa-miR-297,hsa_circ_0089771
hsa-miR-6745,hsa_circ_0038404
hsa-miR-6825-5p,hsa_circ_0052415
hsa-miR-4739,hsa_circ_0037995
hsa-miR-4739,hsa_circ_0037996
hsa-miR-4739,hsa_circ_0037997
hsa-miR-149-3p,hsa_circ_0037995
hsa-miR-149-3p,hsa_circ_0037996
hsa-miR-149-3p,hsa_circ_0037997
hsa-miR-6870-5p,hsa_circ_0037995
hsa-miR-6870-5p,hsa_circ_0037996
hsa-miR-6870-5p,hsa_circ_0037997
hsa-miR-1266-5p,hsa_circ_0002326
hsa-miR-6757-5p,hsa_circ_0002326
hsa-miR-5591-5p,hsa_circ_0041089
hsa-miR-5591-5p,hsa_circ_0041099
hsa-miR-5591-5p,hsa_circ_0041116
hsa-miR-646,hsa_circ_0013876
hsa-miR-1913,hsa_circ_0014209
hsa-miR-1913,hsa_circ_0014210
hsa-miR-6804-5p,hsa_circ_0038404
hsa-miR-4518,hsa_circ_0002326
hsa-miR-6756-3p,hsa_circ_0013876
hsa-miR-4728-5p,hsa_circ_0002172
hsa-miR-4728-5p,hsa_circ_0089776
hsa-miR-4446-3p,hsa_circ_0013876
hsa-miR-4498,hsa_circ_0013876
hsa-miR-5088-3p,hsa_circ_0013876
hsa-miR-6862-5p,hsa_circ_0013876
hsa-miR-6133,hsa_circ_0041089
hsa-miR-6133,hsa_circ_0041099
hsa-miR-6133,hsa_circ_0041116
hsa-miR-7111-5p,hsa_circ_0037995
hsa-miR-7111-5p,hsa_circ_0037996
hsa-miR-7111-5p,hsa_circ_0037997
hsa-miR-4726-5p,hsa_circ_0044512
hsa-miR-6767-5p,hsa_circ_0089792
hsa-miR-4726-5p,hsa_circ_0044522
hsa-miR-1185-1-3p,hsa_circ_0005461
hsa-miR-4763-3p,hsa_circ_0082878
hsa-miR-4763-3p,hsa_circ_0082879
hsa-miR-4534,hsa_circ_0002326
hsa-miR-324-3p,hsa_circ_0014209
hsa-miR-324-3p,hsa_circ_0014210
hsa-miR-3160-3p,hsa_circ_0038404
hsa-miR-1249-5p,hsa_circ_0041089
hsa-miR-1249-5p,hsa_circ_0041099
hsa-miR-1249-5p,hsa_circ_0041116
hsa-miR-6862-3p,hsa_circ_0020316
hsa-miR-6794-5p,hsa_circ_0037995
hsa-miR-6127,hsa_circ_0041089
hsa-miR-6127,hsa_circ_0041099
hsa-miR-6127,hsa_circ_0041116
hsa-miR-6870-3p,hsa_circ_0013871
hsa-miR-6832-3p,hsa_circ_0013871
hsa-miR-4726-5p,hsa_circ_0044510
hsa-miR-4726-5p,hsa_circ_0044511
hsa-miR-4726-5p,hsa_circ_0044519
hsa-miR-6882-3p,hsa_circ_0014209
hsa-miR-6882-3p,hsa_circ_0014210
hsa-miR-6881-3p,hsa_circ_0013876
hsa-miR-8485,hsa_circ_0068939
hsa-miR-8485,hsa_circ_0068940
hsa-miR-93-3p,hsa_circ_0013876
hsa-miR-6797-5p,hsa_circ_0041089
hsa-miR-6797-5p,hsa_circ_0041099
hsa-miR-6797-5p,hsa_circ_0041116
hsa-miR-6848-5p,hsa_circ_0041089
hsa-miR-6848-5p,hsa_circ_0041099
hsa-miR-6848-5p,hsa_circ_0041116
hsa-miR-4640-5p,hsa_circ_0044512
hsa-miR-431-5p,hsa_circ_0013876
hsa-miR-1199-5p,hsa_circ_0013876
hsa-miR-361-3p,hsa_circ_0079070
hsa-miR-6794-5p,hsa_circ_0037996
hsa-miR-6794-5p,hsa_circ_0037997
hsa-miR-5001-5p,hsa_circ_0013871
hsa-miR-7113-3p,hsa_circ_0013876
hsa-miR-6870-3p,hsa_circ_0013870
hsa-miR-6893-3p,hsa_circ_0014209
hsa-miR-6893-3p,hsa_circ_0014210
hsa-miR-6784-3p,hsa_circ_0020316
hsa-miR-370-3p,hsa_circ_0013876
hsa-miR-6787-5p,hsa_circ_0002172
hsa-miR-6787-5p,hsa_circ_0089776
hsa-miR-1277-5p,hsa_circ_0007286
hsa-miR-4726-5p,hsa_circ_0044518
hsa-miR-181d-5p,hsa_circ_0073778
hsa-miR-5004-5p,hsa_circ_0002326
hsa-miR-1236-3p,hsa_circ_0013871
hsa-miR-4726-5p,hsa_circ_0044524
hsa-miR-769-5p,hsa_circ_0002172
hsa-miR-769-5p,hsa_circ_0089776
hsa-miR-6744-5p,hsa_circ_0002326
hsa-miR-4640-5p,hsa_circ_0044510
hsa-miR-4640-5p,hsa_circ_0044511
hsa-miR-4640-5p,hsa_circ_0044519
hsa-miR-4640-5p,hsa_circ_0044522
hsa-miR-135b-3p,hsa_circ_0013871
hsa-miR-4269,hsa_circ_0041122
hsa-miR-5001-5p,hsa_circ_0013870
hsa-miR-4682,hsa_circ_0048499
hsa-miR-6795-5p,hsa_circ_0037995
hsa-miR-6832-3p,hsa_circ_0013870
hsa-miR-4691-5p,hsa_circ_0013871
hsa-miR-4726-5p,hsa_circ_0044509
hsa-miR-1915-3p,hsa_circ_0079070
hsa-miR-6778-5p,hsa_circ_0002172
hsa-miR-484,hsa_circ_0013871
hsa-miR-4510,hsa_circ_0041089
hsa-miR-4510,hsa_circ_0041099
hsa-miR-4510,hsa_circ_0041116
hsa-miR-4726-5p,hsa_circ_0044529
hsa-miR-4726-5p,hsa_circ_0044536
hsa-miR-6129,hsa_circ_0041089
hsa-miR-6129,hsa_circ_0041099
hsa-miR-6129,hsa_circ_0041116
hsa-miR-4640-5p,hsa_circ_0044509
hsa-miR-4640-5p,hsa_circ_0044518
hsa-miR-4640-5p,hsa_circ_0044520
hsa-miR-4731-3p,hsa_circ_0041122
hsa-miR-135b-3p,hsa_circ_0013870
hsa-miR-1233-5p,hsa_circ_0041089
hsa-miR-1233-5p,hsa_circ_0041099
hsa-miR-1233-5p,hsa_circ_0041116
hsa-miR-6824-5p,hsa_circ_0052415
hsa-miR-1277-5p,hsa_circ_0089771
hsa-miR-6795-5p,hsa_circ_0037996
hsa-miR-6795-5p,hsa_circ_0037997
hsa-miR-4691-5p,hsa_circ_0013870
hsa-miR-4726-5p,hsa_circ_0044520
hsa-miR-181d-5p,hsa_circ_0073779
hsa-miR-6778-5p,hsa_circ_0089776
hsa-miR-1827,hsa_circ_0052415
hsa-miR-1236-3p,hsa_circ_0013870
hsa-miR-484,hsa_circ_0013870
hsa-miR-3612,hsa_circ_0052415
hsa-miR-6860,hsa_circ_0082878
hsa-miR-612,hsa_circ_0082878
hsa-miR-219a-1-3p,hsa_circ_0013870
hsa-miR-219a-1-3p,hsa_circ_0013871
hsa-miR-6785-5p,hsa_circ_0037995
hsa-miR-4640-5p,hsa_circ_0044524
hsa-miR-6803-3p,hsa_circ_0020316
hsa-miR-4667-3p,hsa_circ_0014209
hsa-miR-4667-3p,hsa_circ_0014210
hsa-miR-4739,hsa_circ_0002172
hsa-miR-4739,hsa_circ_0089776
hsa-miR-619-5p,hsa_circ_0062544
hsa-miR-619-5p,hsa_circ_0027022
hsa-miR-4778-3p,hsa_circ_0013869
hsa-miR-181b-5p,hsa_circ_0073778
hsa-miR-181b-5p,hsa_circ_0073779
hsa-miR-4726-5p,hsa_circ_0044517
hsa-miR-6756-5p,hsa_circ_0002172
hsa-miR-3941,hsa_circ_0041122
hsa-miR-6785-5p,hsa_circ_0037996
hsa-miR-6785-5p,hsa_circ_0037997
hsa-miR-4640-5p,hsa_circ_0044517
hsa-miR-6780a-5p,hsa_circ_0002172
hsa-miR-6780a-5p,hsa_circ_0089776
hsa-miR-4640-5p,hsa_circ_0044529
hsa-miR-4640-5p,hsa_circ_0044536
hsa-miR-6887-5p,hsa_circ_0037995
hsa-miR-6791-3p,hsa_circ_0085899
hsa-miR-6791-3p,hsa_circ_0085900
hsa-miR-7106-5p,hsa_circ_0041089
hsa-miR-7106-5p,hsa_circ_0041099
hsa-miR-7106-5p,hsa_circ_0041116
hsa-miR-4530,hsa_circ_0044511
hsa-miR-4530,hsa_circ_0044512
hsa-miR-4530,hsa_circ_0044519
hsa-miR-181b-5p,hsa_circ_0035135
hsa-miR-181b-5p,hsa_circ_0035136
hsa-miR-181b-5p,hsa_circ_0035139
hsa-miR-3187-5p,hsa_circ_0082878
hsa-miR-5001-5p,hsa_circ_0048499
hsa-miR-8059,hsa_circ_0041089
hsa-miR-8059,hsa_circ_0041099
hsa-miR-8059,hsa_circ_0041116
hsa-miR-4749-3p,hsa_circ_0014209
hsa-miR-4749-3p,hsa_circ_0014210
hsa-miR-6871-3p,hsa_circ_0020316
hsa-miR-6842-5p,hsa_circ_0002172
hsa-miR-1277-5p,hsa_circ_0079477
hsa-miR-1277-5p,hsa_circ_0079478
hsa-miR-6860,hsa_circ_0082879
hsa-miR-612,hsa_circ_0082879
hsa-miR-6756-5p,hsa_circ_0089776
hsa-miR-4763-3p,hsa_circ_0089547
hsa-miR-619-5p,hsa_circ_0077011
hsa-miR-190a-3p,hsa_circ_0000215
hsa-miR-4726-5p,hsa_circ_0081091
hsa-miR-4640-5p,hsa_circ_0044526
hsa-miR-4726-5p,hsa_circ_0081111
hsa-miR-6887-5p,hsa_circ_0037996
hsa-miR-6887-5p,hsa_circ_0037997
hsa-miR-4640-5p,hsa_circ_0044528
hsa-miR-4640-5p,hsa_circ_0044535
hsa-miR-4530,hsa_circ_0044510
hsa-miR-1207-5p,hsa_circ_0082878
hsa-miR-1207-5p,hsa_circ_0082879
hsa-miR-181d-5p,hsa_circ_0035135
hsa-miR-181d-5p,hsa_circ_0035136
hsa-miR-181d-5p,hsa_circ_0035139
hsa-miR-7152-3p,hsa_circ_0055230
hsa-miR-7152-3p,hsa_circ_0055233
hsa-miR-7152-3p,hsa_circ_0055235
hsa-miR-7152-3p,hsa_circ_0055236
hsa-miR-7152-3p,hsa_circ_0055237
hsa-miR-7152-3p,hsa_circ_0055239
hsa-miR-1277-5p,hsa_circ_0000215
hsa-miR-6797-5p,hsa_circ_0002172
hsa-miR-6797-5p,hsa_circ_0089776
hsa-miR-6721-5p,hsa_circ_0082878
hsa-miR-6721-5p,hsa_circ_0082879
hsa-miR-6870-3p,hsa_circ_0013876
hsa-miR-5582-5p,hsa_circ_0041122
hsa-miR-6731-5p,hsa_circ_0037995
hsa-miR-6731-5p,hsa_circ_0037996
hsa-miR-6731-5p,hsa_circ_0037997
hsa-miR-6883-5p,hsa_circ_0037995
hsa-miR-6883-5p,hsa_circ_0037996
hsa-miR-6832-3p,hsa_circ_0013876
hsa-miR-6752-3p,hsa_circ_0079155
hsa-miR-6842-5p,hsa_circ_0089776
hsa-miR-574-5p,hsa_circ_0089837
hsa-miR-574-5p,hsa_circ_0089839
hsa-miR-6810-3p,hsa_circ_0079155
hsa-miR-4726-5p,hsa_circ_0044508
hsa-miR-4726-5p,hsa_circ_0044515
hsa-miR-4726-5p,hsa_circ_0044516
hsa-miR-619-5p,hsa_circ_0041843
hsa-miR-4726-5p,hsa_circ_0044528
hsa-miR-4726-5p,hsa_circ_0044535
hsa-miR-4726-5p,hsa_circ_0044543
hsa-miR-4726-5p,hsa_circ_0044549
hsa-miR-4719,hsa_circ_0041122
hsa-miR-378g,hsa_circ_0048499
hsa-miR-4640-5p,hsa_circ_0044521
hsa-miR-6873-3p,hsa_circ_0089792
hsa-miR-4640-5p,hsa_circ_0044527
hsa-miR-4640-5p,hsa_circ_0044534
hsa-miR-4640-5p,hsa_circ_0044539
hsa-miR-4530,hsa_circ_0044509
hsa-miR-4530,hsa_circ_0044518
hsa-miR-4530,hsa_circ_0044520
hsa-miR-190a-3p,hsa_circ_0057112
hsa-miR-5001-5p,hsa_circ_0013876
hsa-miR-4530,hsa_circ_0044522
hsa-miR-4530,hsa_circ_0044524
hsa-miR-3187-5p,hsa_circ_0082879
hsa-miR-190a-3p,hsa_circ_0089771
hsa-miR-4778-3p,hsa_circ_0013874
hsa-miR-6797-5p,hsa_circ_0037995
hsa-miR-6797-5p,hsa_circ_0037996
hsa-miR-6797-5p,hsa_circ_0037997
hsa-miR-4723-5p,hsa_circ_0037995
hsa-miR-4723-5p,hsa_circ_0037996
hsa-miR-4723-5p,hsa_circ_0037997
hsa-miR-6883-5p,hsa_circ_0037997
hsa-miR-4726-5p,hsa_circ_0044521
hsa-miR-4726-5p,hsa_circ_0044526
hsa-miR-4733-3p,hsa_circ_0044512
hsa-miR-4733-3p,hsa_circ_0044522
hsa-miR-4733-3p,hsa_circ_0044524
hsa-miR-6758-5p,hsa_circ_0039600
hsa-miR-6758-5p,hsa_circ_0039603
hsa-miR-6758-5p,hsa_circ_0039604
hsa-miR-6758-5p,hsa_circ_0039605
hsa-miR-6758-5p,hsa_circ_0039606
hsa-miR-5698,hsa_circ_0037995
hsa-miR-5698,hsa_circ_0037996
hsa-miR-5698,hsa_circ_0037997
hsa-miR-4726-5p,hsa_circ_0044507
hsa-miR-4726-5p,hsa_circ_0044527
hsa-miR-4726-5p,hsa_circ_0044539
hsa-miR-6836-5p,hsa_circ_0082878
hsa-miR-6836-5p,hsa_circ_0082879
hsa-miR-6815-3p,hsa_circ_0055230
hsa-miR-6815-3p,hsa_circ_0055233
hsa-miR-6815-3p,hsa_circ_0055235
hsa-miR-6815-3p,hsa_circ_0055236
hsa-miR-6815-3p,hsa_circ_0055237
hsa-miR-6815-3p,hsa_circ_0055239
hsa-miR-484,hsa_circ_0013876
hsa-miR-6752-5p,hsa_circ_0041089
hsa-miR-6752-5p,hsa_circ_0041099
hsa-miR-6752-5p,hsa_circ_0041116
hsa-miR-135b-3p,hsa_circ_0013876
hsa-miR-1976,hsa_circ_0079155
hsa-miR-1273h-5p,hsa_circ_0019789
hsa-miR-1273h-5p,hsa_circ_0019793
hsa-miR-1273h-5p,hsa_circ_0019795
hsa-miR-1273h-5p,hsa_circ_0019796
hsa-miR-6829-3p,hsa_circ_0085899
hsa-miR-6829-3p,hsa_circ_0085900
hsa-miR-4640-5p,hsa_circ_0044508
hsa-miR-4640-5p,hsa_circ_0044515
hsa-miR-4640-5p,hsa_circ_0044516
hsa-miR-6888-3p,hsa_circ_0089792
hsa-miR-4726-5p,hsa_circ_0081116
hsa-miR-1277-5p,hsa_circ_0068783
hsa-miR-6756-5p,hsa_circ_0039097
hsa-miR-3620-5p,hsa_circ_0048499
hsa-miR-197-5p,hsa_circ_0005180
hsa-miR-197-5p,hsa_circ_0017180
hsa-miR-197-5p,hsa_circ_0017181
hsa-miR-197-5p,hsa_circ_0017182
hsa-miR-197-5p,hsa_circ_0017183
hsa-miR-197-5p,hsa_circ_0017184
hsa-miR-4726-5p,hsa_circ_0089429
hsa-miR-4726-5p,hsa_circ_0089440
hsa-miR-4726-5p,hsa_circ_0089445
hsa-miR-4530,hsa_circ_0044529
hsa-miR-4530,hsa_circ_0044535
hsa-miR-4530,hsa_circ_0044536
hsa-miR-181b-5p,hsa_circ_0035141
hsa-miR-6831-5p,hsa_circ_0005180
hsa-miR-6831-5p,hsa_circ_0017180
hsa-miR-6831-5p,hsa_circ_0017181
hsa-miR-6831-5p,hsa_circ_0017182
hsa-miR-6831-5p,hsa_circ_0017183
hsa-miR-6831-5p,hsa_circ_0017184
hsa-miR-181d-5p,hsa_circ_0035141
hsa-miR-4691-5p,hsa_circ_0013876
hsa-miR-466,hsa_circ_0041122
hsa-miR-4716-3p,hsa_circ_0037995
hsa-miR-1184,hsa_circ_0085900
hsa-miR-619-5p,hsa_circ_0076600
hsa-miR-1277-5p,hsa_circ_0047786
hsa-miR-181d-5p,hsa_circ_0073786
hsa-miR-181d-5p,hsa_circ_0073783
hsa-miR-181d-5p,hsa_circ_0073784
hsa-miR-5011-5p,hsa_circ_0047786
hsa-miR-1236-3p,hsa_circ_0013876
hsa-miR-4733-3p,hsa_circ_0044519
hsa-miR-4733-3p,hsa_circ_0044529
hsa-miR-4726-5p,hsa_circ_0044534
hsa-miR-6803-5p,hsa_circ_0038404
hsa-miR-3925-3p,hsa_circ_0052123
hsa-miR-4644,hsa_circ_0039600
hsa-miR-4644,hsa_circ_0039603
hsa-miR-4644,hsa_circ_0039604
hsa-miR-4644,hsa_circ_0039605
hsa-miR-4644,hsa_circ_0039606
hsa-miR-5189-5p,hsa_circ_0082878
hsa-miR-4640-5p,hsa_circ_0044507
hsa-miR-297,hsa_circ_0083771
hsa-miR-297,hsa_circ_0083773
hsa-miR-297,hsa_circ_0083774
hsa-miR-297,hsa_circ_0083776
hsa-miR-297,hsa_circ_0083778
hsa-miR-297,hsa_circ_0007286
hsa-miR-3064-3p,hsa_circ_0052115
hsa-miR-4640-5p,hsa_circ_0044523
hsa-miR-3925-3p,hsa_circ_0016756
hsa-miR-6722-3p,hsa_circ_0089547
hsa-miR-762,hsa_circ_0039097
hsa-miR-4726-5p,hsa_circ_0065408
hsa-miR-4530,hsa_circ_0044517
hsa-miR-4530,hsa_circ_0081091
hsa-miR-4530,hsa_circ_0081111
hsa-miR-646,hsa_circ_0013869
hsa-miR-4685-3p,hsa_circ_0065399
hsa-miR-4685-3p,hsa_circ_0065400
hsa-miR-4685-3p,hsa_circ_0065401
hsa-miR-4685-3p,hsa_circ_0065402
hsa-miR-4685-3p,hsa_circ_0065403
hsa-miR-4685-3p,hsa_circ_0065404
hsa-miR-615-5p,hsa_circ_0065400
hsa-miR-615-5p,hsa_circ_0065401
hsa-miR-615-5p,hsa_circ_0065402
hsa-miR-615-5p,hsa_circ_0065403
hsa-miR-615-5p,hsa_circ_0065404
hsa-miR-6753-5p,hsa_circ_0044512
hsa-miR-4640-5p,hsa_circ_0044533
hsa-miR-4640-5p,hsa_circ_0044543
hsa-miR-4640-5p,hsa_circ_0044549
hsa-miR-4726-5p,hsa_circ_0081063
hsa-miR-4726-5p,hsa_circ_0081065
hsa-miR-4726-5p,hsa_circ_0081066
hsa-miR-6722-3p,hsa_circ_0082878
hsa-miR-4530,hsa_circ_0044528
hsa-miR-6838-5p,hsa_circ_0052415
hsa-miR-466,hsa_circ_0089792
hsa-miR-181b-5p,hsa_circ_0035143
hsa-miR-4716-3p,hsa_circ_0037996
hsa-miR-4716-3p,hsa_circ_0037997
hsa-miR-4778-3p,hsa_circ_0013873
hsa-miR-1184,hsa_circ_0085899
hsa-miR-3925-3p,hsa_circ_0052115
hsa-miR-6881-3p,hsa_circ_0013869
hsa-miR-181d-5p,hsa_circ_0073785
hsa-miR-181b-5p,hsa_circ_0073786
hsa-miR-181b-5p,hsa_circ_0073783
hsa-miR-181b-5p,hsa_circ_0073784
hsa-miR-526b-5p,hsa_circ_0038404
hsa-miR-4733-3p,hsa_circ_0044511
hsa-miR-6732-5p,hsa_circ_0005180
hsa-miR-6732-5p,hsa_circ_0017180
hsa-miR-6732-5p,hsa_circ_0017181
hsa-miR-6732-5p,hsa_circ_0017182
hsa-miR-6732-5p,hsa_circ_0017183
hsa-miR-6732-5p,hsa_circ_0017184
hsa-miR-5196-5p,hsa_circ_0037995
hsa-miR-5196-5p,hsa_circ_0037996
hsa-miR-5196-5p,hsa_circ_0037997
hsa-miR-4733-3p,hsa_circ_0044535
hsa-miR-4733-3p,hsa_circ_0044536
hsa-miR-181d-5p,hsa_circ_0073782
hsa-miR-619-5p,hsa_circ_0081678
hsa-miR-6825-5p,hsa_circ_0002172
hsa-miR-6825-5p,hsa_circ_0089776
hsa-miR-7111-5p,hsa_circ_0052415
hsa-miR-4726-5p,hsa_circ_0044523
hsa-miR-219a-1-3p,hsa_circ_0013876
hsa-miR-5193,hsa_circ_0062544
hsa-miR-4726-5p,hsa_circ_0044505
hsa-miR-4726-5p,hsa_circ_0044506
hsa-miR-4726-5p,hsa_circ_0044514
hsa-miR-619-5p,hsa_circ_0006293
hsa-miR-612,hsa_circ_0010574
hsa-miR-4763-3p,hsa_circ_0082877
hsa-miR-4734,hsa_circ_0079070
hsa-miR-3924,hsa_circ_0007286
hsa-miR-4498,hsa_circ_0013869
hsa-miR-1277-5p,hsa_circ_0080466
hsa-miR-3613-3p,hsa_circ_0043314
hsa-miR-3663-5p,hsa_circ_0069071
hsa-miR-4446-3p,hsa_circ_0013869
hsa-miR-4763-3p,hsa_circ_0020316
hsa-miR-4530,hsa_circ_0081116
hsa-miR-4726-5p,hsa_circ_0065400
hsa-miR-4726-5p,hsa_circ_0065401
hsa-miR-4726-5p,hsa_circ_0065402
hsa-miR-4726-5p,hsa_circ_0065403
hsa-miR-4726-5p,hsa_circ_0065404
hsa-miR-4726-5p,hsa_circ_0065407
hsa-miR-4739,hsa_circ_0026923
hsa-miR-4739,hsa_circ_0026924
hsa-miR-4739,hsa_circ_0026925
hsa-miR-4739,hsa_circ_0026926
hsa-miR-4739,hsa_circ_0026927
hsa-miR-4739,hsa_circ_0026928
hsa-miR-4739,hsa_circ_0026929
hsa-miR-6753-5p,hsa_circ_0044511
hsa-miR-6753-5p,hsa_circ_0044519
hsa-miR-5193,hsa_circ_0085899
hsa-miR-5193,hsa_circ_0085900
hsa-miR-615-5p,hsa_circ_0065407
hsa-miR-608,hsa_circ_0051922
hsa-miR-181a-5p,hsa_circ_0073778
hsa-miR-4726-5p,hsa_circ_0081081
hsa-miR-6798-5p,hsa_circ_0044512
hsa-miR-6862-5p,hsa_circ_0013869
hsa-miR-1199-5p,hsa_circ_0013869
hsa-miR-4640-5p,hsa_circ_0044548
hsa-miR-4726-5p,hsa_circ_0081090
hsa-miR-4726-5p,hsa_circ_0081096
hsa-miR-4530,hsa_circ_0044526
hsa-miR-4530,hsa_circ_0044527
hsa-miR-4530,hsa_circ_0044534
hsa-miR-2682-3p,hsa_circ_0055230
hsa-miR-2682-3p,hsa_circ_0055233
hsa-miR-2682-3p,hsa_circ_0055235
hsa-miR-2682-3p,hsa_circ_0055236
hsa-miR-2682-3p,hsa_circ_0055237
hsa-miR-2682-3p,hsa_circ_0055239
hsa-miR-4530,hsa_circ_0044539
hsa-miR-370-3p,hsa_circ_0013869
hsa-miR-658,hsa_circ_0005180
hsa-miR-658,hsa_circ_0017180
hsa-miR-658,hsa_circ_0017181
hsa-miR-658,hsa_circ_0017182
hsa-miR-658,hsa_circ_0017183
hsa-miR-658,hsa_circ_0017184
hsa-miR-6756-3p,hsa_circ_0013869
hsa-miR-6756-3p,hsa_circ_0013874
hsa-miR-3617-3p,hsa_circ_0020316
hsa-miR-3614-3p,hsa_circ_0055736
hsa-miR-3614-3p,hsa_circ_0055738
hsa-miR-181d-5p,hsa_circ_0035143
hsa-miR-3202,hsa_circ_0038404
hsa-miR-190a-3p,hsa_circ_0052946
hsa-miR-3617-5p,hsa_circ_0001946
hsa-miR-8085,hsa_circ_0037995
hsa-miR-8085,hsa_circ_0037996
hsa-miR-8085,hsa_circ_0037997
hsa-miR-3187-5p,hsa_circ_0010574
hsa-miR-214-3p,hsa_circ_0044511
hsa-miR-214-3p,hsa_circ_0044512
hsa-miR-214-3p,hsa_circ_0044519
hsa-miR-6745,hsa_circ_0038445
hsa-miR-4726-5p,hsa_circ_0039097
hsa-miR-93-3p,hsa_circ_0013869
hsa-miR-660-3p,hsa_circ_0014209
hsa-miR-660-3p,hsa_circ_0014210
hsa-miR-181b-5p,hsa_circ_0073785
hsa-miR-4733-3p,hsa_circ_0044510
hsa-miR-6804-5p,hsa_circ_0038445
hsa-miR-181b-5p,hsa_circ_0073782
hsa-miR-4739,hsa_circ_0024264
hsa-miR-4739,hsa_circ_0024265
hsa-miR-431-5p,hsa_circ_0013869
hsa-miR-3925-3p,hsa_circ_0049499
hsa-miR-3925-3p,hsa_circ_0049503
hsa-miR-1273h-5p,hsa_circ_0009180
hsa-miR-6501-3p,hsa_circ_0068940
hsa-miR-3064-5p,hsa_circ_0069071
hsa-miR-764,hsa_circ_0014209
hsa-miR-764,hsa_circ_0014210
hsa-miR-5088-3p,hsa_circ_0013869
hsa-miR-5088-3p,hsa_circ_0013874
hsa-miR-619-5p,hsa_circ_0004454
hsa-miR-3925-3p,hsa_circ_0052108
hsa-miR-619-5p,hsa_circ_0009652
hsa-miR-1273h-5p,hsa_circ_0072808
hsa-miR-1273h-5p,hsa_circ_0072809
hsa-miR-1273h-5p,hsa_circ_0072817
hsa-miR-1273h-5p,hsa_circ_0072819
hsa-miR-1273h-5p,hsa_circ_0072821
hsa-miR-1273h-5p,hsa_circ_0072850
hsa-miR-1273h-5p,hsa_circ_0072851
hsa-miR-3064-3p,hsa_circ_0052123
hsa-miR-412-3p,hsa_circ_0020316
hsa-miR-6873-3p,hsa_circ_0042205
hsa-miR-4726-5p,hsa_circ_0044548
hsa-miR-4726-5p,hsa_circ_0044533
hsa-miR-6768-3p,hsa_circ_0069071
hsa-miR-1273h-5p,hsa_circ_0050102
hsa-miR-7110-5p,hsa_circ_0038404
hsa-miR-7113-3p,hsa_circ_0013869
hsa-miR-6756-3p,hsa_circ_0071667
hsa-miR-6743-5p,hsa_circ_0082878
hsa-miR-612,hsa_circ_0010583
hsa-miR-612,hsa_circ_0010607
hsa-miR-612,hsa_circ_0010608
hsa-miR-612,hsa_circ_0010609
hsa-miR-612,hsa_circ_0010610
hsa-miR-1273h-5p,hsa_circ_0002379
hsa-miR-1273h-5p,hsa_circ_0041843
hsa-miR-190a-3p,hsa_circ_0068783
hsa-miR-4640-5p,hsa_circ_0044505
hsa-miR-4640-5p,hsa_circ_0044506
hsa-miR-4640-5p,hsa_circ_0044514
hsa-miR-4739,hsa_circ_0006648
hsa-miR-612,hsa_circ_0010542
hsa-miR-612,hsa_circ_0010549
hsa-miR-612,hsa_circ_0010553
hsa-miR-612,hsa_circ_0010560
hsa-miR-612,hsa_circ_0010573
hsa-miR-6797-5p,hsa_circ_0032902
hsa-miR-18a-3p,hsa_circ_0079155
hsa-miR-3064-3p,hsa_circ_0052059
hsa-miR-3064-3p,hsa_circ_0052060
hsa-miR-4726-5p,hsa_circ_0065411
hsa-miR-4640-5p,hsa_circ_0044532
hsa-miR-4710,hsa_circ_0059100
hsa-miR-4710,hsa_circ_0059101
hsa-miR-765,hsa_circ_0037995
hsa-miR-765,hsa_circ_0037996
hsa-miR-765,hsa_circ_0037997
hsa-miR-4530,hsa_circ_0044515
hsa-miR-4530,hsa_circ_0044516
hsa-miR-4530,hsa_circ_0081066
hsa-miR-4530,hsa_circ_0081090
hsa-miR-4530,hsa_circ_0081096
hsa-miR-4530,hsa_circ_0081108
hsa-miR-297,hsa_circ_0079477
hsa-miR-297,hsa_circ_0079478
hsa-miR-6753-5p,hsa_circ_0044522
hsa-miR-6753-5p,hsa_circ_0044524
hsa-miR-4726-5p,hsa_circ_0081120
hsa-miR-762,hsa_circ_0039075
hsa-miR-6753-5p,hsa_circ_0044509
hsa-miR-6753-5p,hsa_circ_0044510
hsa-miR-6753-5p,hsa_circ_0044518
hsa-miR-4530,hsa_circ_0044508
hsa-miR-4530,hsa_circ_0081120
hsa-miR-6873-3p,hsa_circ_0030189
hsa-miR-4290,hsa_circ_0079155
hsa-miR-6867-5p,hsa_circ_0068828
hsa-miR-6867-5p,hsa_circ_0068829
hsa-miR-6867-5p,hsa_circ_0068830
hsa-miR-6867-5p,hsa_circ_0068831
hsa-miR-181a-5p,hsa_circ_0073779
hsa-miR-4530,hsa_circ_0044521
hsa-miR-4530,hsa_circ_0044523
hsa-miR-4726-5p,hsa_circ_0089428
hsa-miR-4726-5p,hsa_circ_0089433
hsa-miR-6808-5p,hsa_circ_0020316
hsa-miR-615-5p,hsa_circ_0065399
hsa-miR-6765-5p,hsa_circ_0041089
hsa-miR-6765-5p,hsa_circ_0041099
hsa-miR-6765-5p,hsa_circ_0041116
hsa-miR-6798-5p,hsa_circ_0044522
hsa-miR-6798-5p,hsa_circ_0044524
hsa-miR-6756-5p,hsa_circ_0038404
hsa-miR-24-3p,hsa_circ_0059100
hsa-miR-24-3p,hsa_circ_0059101
hsa-miR-4640-5p,hsa_circ_0044547
hsa-miR-4726-5p,hsa_circ_0081102
hsa-miR-4726-5p,hsa_circ_0081108
hsa-miR-4726-5p,hsa_circ_0081110
hsa-miR-3934-3p,hsa_circ_0059100
hsa-miR-3934-3p,hsa_circ_0059101
hsa-miR-190a-3p,hsa_circ_0038898
hsa-miR-619-5p,hsa_circ_0050102
hsa-miR-4685-5p,hsa_circ_0082878
hsa-miR-4685-5p,hsa_circ_0082879
hsa-miR-6736-3p,hsa_circ_0085899
hsa-miR-6736-3p,hsa_circ_0085900
hsa-miR-6756-5p,hsa_circ_0020316
hsa-miR-646,hsa_circ_0013874
hsa-miR-4775,hsa_circ_0043315
hsa-miR-5193,hsa_circ_0014772
hsa-miR-6826-3p,hsa_circ_0002172
hsa-miR-6826-3p,hsa_circ_0089776
hsa-miR-497-3p,hsa_circ_0006799
hsa-miR-497-3p,hsa_circ_0045783
hsa-miR-497-3p,hsa_circ_0045784
hsa-miR-497-3p,hsa_circ_0045785
hsa-miR-497-3p,hsa_circ_0045787
hsa-miR-497-3p,hsa_circ_0045789
hsa-miR-3175,hsa_circ_0037995
hsa-miR-3175,hsa_circ_0037996
hsa-miR-3175,hsa_circ_0037997
hsa-miR-3614-3p,hsa_circ_0055735
hsa-miR-3187-5p,hsa_circ_0010549
hsa-miR-3187-5p,hsa_circ_0010553
hsa-miR-3667-3p,hsa_circ_0071667
hsa-miR-214-3p,hsa_circ_0044509
hsa-miR-214-3p,hsa_circ_0044510
hsa-miR-214-3p,hsa_circ_0044518
hsa-miR-214-3p,hsa_circ_0044520
hsa-miR-3187-5p,hsa_circ_0010583
hsa-miR-3187-5p,hsa_circ_0010607
hsa-miR-3187-5p,hsa_circ_0010608
hsa-miR-3187-5p,hsa_circ_0010609
hsa-miR-3187-5p,hsa_circ_0010610
hsa-miR-3187-5p,hsa_circ_0010624
hsa-miR-3187-5p,hsa_circ_0010625
hsa-miR-3187-5p,hsa_circ_0010626
hsa-miR-4437,hsa_circ_0059100
hsa-miR-4437,hsa_circ_0059101
hsa-miR-765,hsa_circ_0041089
hsa-miR-765,hsa_circ_0041099
hsa-miR-765,hsa_circ_0041116
hsa-miR-214-3p,hsa_circ_0044522
hsa-miR-214-3p,hsa_circ_0044524
hsa-miR-4726-5p,hsa_circ_0039075
hsa-miR-4726-5p,hsa_circ_0039087
hsa-miR-4726-5p,hsa_circ_0039090
hsa-miR-4726-5p,hsa_circ_0039099
hsa-miR-4726-5p,hsa_circ_0039105
hsa-miR-574-5p,hsa_circ_0029597
hsa-miR-4733-3p,hsa_circ_0044509
hsa-miR-4733-3p,hsa_circ_0044518
hsa-miR-4733-3p,hsa_circ_0044520
hsa-miR-4733-3p,hsa_circ_0044526
hsa-miR-6734-3p,hsa_circ_0089785
hsa-miR-6881-3p,hsa_circ_0013874
hsa-miR-3925-3p,hsa_circ_0052059
hsa-miR-3925-3p,hsa_circ_0052060
hsa-miR-4733-3p,hsa_circ_0044528
hsa-miR-3925-3p,hsa_circ_0050296
hsa-miR-4733-3p,hsa_circ_0044543
hsa-miR-4733-3p,hsa_circ_0044548
hsa-miR-4733-3p,hsa_circ_0044549
hsa-miR-6754-3p,hsa_circ_0020316
hsa-miR-6895-5p,hsa_circ_0044522
hsa-miR-6852-5p,hsa_circ_0059100
hsa-miR-6852-5p,hsa_circ_0059101
hsa-miR-619-5p,hsa_circ_0044246
hsa-miR-4739,hsa_circ_0039600
hsa-miR-4739,hsa_circ_0039603
hsa-miR-4739,hsa_circ_0039604
hsa-miR-4739,hsa_circ_0039605
hsa-miR-4739,hsa_circ_0039606
hsa-miR-6795-5p,hsa_circ_0026102
hsa-miR-6795-5p,hsa_circ_0026103
hsa-miR-6795-5p,hsa_circ_0026104
hsa-miR-6795-5p,hsa_circ_0026106
hsa-miR-6795-5p,hsa_circ_0026107
hsa-miR-6795-5p,hsa_circ_0026108
hsa-miR-3925-3p,hsa_circ_0052117
hsa-miR-6504-5p,hsa_circ_0069071
hsa-miR-619-5p,hsa_circ_0079934
hsa-miR-619-5p,hsa_circ_0008352
hsa-miR-612,hsa_circ_0010624
hsa-miR-612,hsa_circ_0010625
hsa-miR-612,hsa_circ_0010626
hsa-miR-619-5p,hsa_circ_0043314
hsa-miR-4726-5p,hsa_circ_0044532
hsa-miR-500b-3p,hsa_circ_0048085
hsa-miR-500b-3p,hsa_circ_0048086
hsa-miR-500b-3p,hsa_circ_0048087
hsa-miR-500b-3p,hsa_circ_0048088
hsa-miR-500b-3p,hsa_circ_0048089
hsa-miR-6743-5p,hsa_circ_0082879
hsa-miR-4763-3p,hsa_circ_0048698
hsa-miR-4763-3p,hsa_circ_0048709
hsa-miR-1909-3p,hsa_circ_0089547
hsa-miR-6887-5p,hsa_circ_0026102
hsa-miR-6887-5p,hsa_circ_0026103
hsa-miR-6887-5p,hsa_circ_0026104
hsa-miR-6887-5p,hsa_circ_0026106
hsa-miR-6887-5p,hsa_circ_0026107
hsa-miR-6887-5p,hsa_circ_0026108
hsa-miR-612,hsa_circ_0010559
hsa-miR-6756-5p,hsa_circ_0026092
hsa-miR-762,hsa_circ_0051922
hsa-miR-181b-5p,hsa_circ_0079395
hsa-miR-4763-3p,hsa_circ_0089552
hsa-miR-5189-5p,hsa_circ_0082879
hsa-miR-608,hsa_circ_0039097
hsa-miR-612,hsa_circ_0010581
hsa-miR-612,hsa_circ_0010582
hsa-miR-612,hsa_circ_0010601
hsa-miR-612,hsa_circ_0010602
hsa-miR-612,hsa_circ_0010603
hsa-miR-612,hsa_circ_0010604
hsa-miR-612,hsa_circ_0010605
hsa-miR-612,hsa_circ_0010606
hsa-miR-939-3p,hsa_circ_0002172
hsa-miR-939-3p,hsa_circ_0089776
hsa-miR-4498,hsa_circ_0013874
hsa-miR-4789-5p,hsa_circ_0092179
hsa-miR-3192-5p,hsa_circ_0009180
hsa-miR-4446-3p,hsa_circ_0013874
hsa-miR-6794-5p,hsa_circ_0037999
hsa-miR-4763-3p,hsa_circ_0082881
hsa-miR-3613-3p,hsa_circ_0006648
hsa-miR-181a-5p,hsa_circ_0035135
hsa-miR-181a-5p,hsa_circ_0035136
hsa-miR-181a-5p,hsa_circ_0035139
hsa-miR-6753-5p,hsa_circ_0044529
hsa-miR-6753-5p,hsa_circ_0044536
hsa-miR-4726-5p,hsa_circ_0089453
hsa-miR-4726-5p,hsa_circ_0089456
hsa-miR-4726-5p,hsa_circ_0089457
hsa-miR-23a-3p,hsa_circ_0080293
hsa-miR-4640-5p,hsa_circ_0044531
hsa-miR-1277-5p,hsa_circ_0052946
hsa-miR-4530,hsa_circ_0081063
hsa-miR-4530,hsa_circ_0081065
hsa-miR-5088-3p,hsa_circ_0011303
hsa-miR-762,hsa_circ_0039087
hsa-miR-762,hsa_circ_0039090
hsa-miR-762,hsa_circ_0039099
hsa-miR-762,hsa_circ_0039105
hsa-miR-501-5p,hsa_circ_0055736
hsa-miR-23a-3p,hsa_circ_0050283
hsa-miR-4530,hsa_circ_0081125
hsa-miR-4530,hsa_circ_0081130
hsa-miR-4530,hsa_circ_0081131
hsa-miR-4530,hsa_circ_0081136
hsa-miR-4640-5p,hsa_circ_0081091
hsa-miR-4726-5p,hsa_circ_0081125
hsa-miR-5088-3p,hsa_circ_0065401
hsa-miR-5088-3p,hsa_circ_0065403
hsa-miR-5088-3p,hsa_circ_0065404
hsa-miR-6753-5p,hsa_circ_0044520
hsa-miR-6845-3p,hsa_circ_0069071
hsa-miR-181b-5p,hsa_circ_0052110
hsa-miR-637,hsa_circ_0065401
hsa-miR-637,hsa_circ_0065404
hsa-miR-1277-5p,hsa_circ_0038898
hsa-miR-3065-3p,hsa_circ_0037434
hsa-miR-3065-3p,hsa_circ_0037436
hsa-miR-3065-3p,hsa_circ_0037437
hsa-miR-3065-3p,hsa_circ_0037438
hsa-miR-3065-3p,hsa_circ_0037439
hsa-miR-3065-3p,hsa_circ_0037440
hsa-miR-3065-3p,hsa_circ_0037445
hsa-miR-3065-3p,hsa_circ_0037448
hsa-miR-3065-3p,hsa_circ_0037449
hsa-miR-3065-3p,hsa_circ_0037450
hsa-miR-3065-3p,hsa_circ_0037451
hsa-miR-6798-5p,hsa_circ_0044519
hsa-miR-615-5p,hsa_circ_0065408
hsa-miR-615-5p,hsa_circ_0065411
hsa-miR-615-5p,hsa_circ_0065414
hsa-miR-6816-5p,hsa_circ_0005180
hsa-miR-6816-5p,hsa_circ_0017180
hsa-miR-6816-5p,hsa_circ_0017181
hsa-miR-6816-5p,hsa_circ_0017182
hsa-miR-6816-5p,hsa_circ_0017183
hsa-miR-6816-5p,hsa_circ_0017184
hsa-miR-6893-5p,hsa_circ_0089547
hsa-miR-4530,hsa_circ_0044533
hsa-miR-661,hsa_circ_0010574
hsa-miR-661,hsa_circ_0010608
hsa-miR-661,hsa_circ_0010609
hsa-miR-661,hsa_circ_0010610
hsa-miR-661,hsa_circ_0010624
hsa-miR-661,hsa_circ_0010625
hsa-miR-661,hsa_circ_0010626
hsa-miR-4685-3p,hsa_circ_0065407
hsa-miR-6798-5p,hsa_circ_0044529
hsa-miR-6798-5p,hsa_circ_0044536
hsa-miR-1199-5p,hsa_circ_0013874
hsa-miR-6862-5p,hsa_circ_0013874
hsa-miR-3619-5p,hsa_circ_0040861
hsa-miR-6744-3p,hsa_circ_0069071
hsa-miR-4726-5p,hsa_circ_0081062
hsa-miR-661,hsa_circ_0010542
hsa-miR-412-3p,hsa_circ_0059100
hsa-miR-412-3p,hsa_circ_0059101
hsa-miR-4726-5p,hsa_circ_0081115
hsa-miR-6722-3p,hsa_circ_0082879
hsa-miR-1303,hsa_circ_0041843
hsa-miR-23b-3p,hsa_circ_0080293
hsa-miR-30b-3p,hsa_circ_0050102
hsa-miR-4778-3p,hsa_circ_0066962
hsa-miR-4778-3p,hsa_circ_0066963
hsa-miR-6799-5p,hsa_circ_0057955
hsa-miR-1207-5p,hsa_circ_0020316
hsa-miR-23b-3p,hsa_circ_0050283
hsa-miR-1273h-5p,hsa_circ_0048844
hsa-miR-6782-5p,hsa_circ_0039097
hsa-miR-3182,hsa_circ_0013871
hsa-miR-378a-3p,hsa_circ_0079070
hsa-miR-378c,hsa_circ_0079070
hsa-miR-378d,hsa_circ_0079070
hsa-miR-378e,hsa_circ_0079070
hsa-miR-6856-5p,hsa_circ_0039600
hsa-miR-6856-5p,hsa_circ_0039603
hsa-miR-6856-5p,hsa_circ_0039604
hsa-miR-6856-5p,hsa_circ_0039605
hsa-miR-6856-5p,hsa_circ_0039606
hsa-miR-1343-3p,hsa_circ_0030855
hsa-miR-1343-3p,hsa_circ_0030856
hsa-miR-1343-3p,hsa_circ_0030857
hsa-miR-1343-3p,hsa_circ_0030864
hsa-miR-1343-3p,hsa_circ_0030869
hsa-miR-4753-3p,hsa_circ_0030189
hsa-miR-766-3p,hsa_circ_0032953
hsa-miR-1286,hsa_circ_0081091
hsa-miR-3125,hsa_circ_0039600
hsa-miR-3125,hsa_circ_0039603
hsa-miR-3196,hsa_circ_0005180
hsa-miR-3196,hsa_circ_0017180
hsa-miR-3196,hsa_circ_0017181
hsa-miR-3196,hsa_circ_0017182
hsa-miR-3196,hsa_circ_0017183
hsa-miR-3196,hsa_circ_0017184
hsa-miR-548as-3p,hsa_circ_0046560
hsa-miR-646,hsa_circ_0013873
hsa-miR-766-3p,hsa_circ_0085899
hsa-miR-766-3p,hsa_circ_0085900
hsa-miR-370-3p,hsa_circ_0013874
hsa-miR-3187-5p,hsa_circ_0010542
hsa-miR-3187-5p,hsa_circ_0010560
hsa-miR-3187-5p,hsa_circ_0010573
hsa-miR-6879-3p,hsa_circ_0061130
hsa-miR-6818-3p,hsa_circ_0089792
hsa-miR-764,hsa_circ_0089547
hsa-miR-3187-5p,hsa_circ_0010603
hsa-miR-3187-5p,hsa_circ_0010604
hsa-miR-3187-5p,hsa_circ_0010605
hsa-miR-3187-5p,hsa_circ_0010606
hsa-miR-3187-5p,hsa_circ_0010623
hsa-miR-4691-5p,hsa_circ_0085900
hsa-miR-4789-5p,hsa_circ_0047786
hsa-miR-6791-5p,hsa_circ_0082878
hsa-miR-6791-5p,hsa_circ_0082879
hsa-miR-1183,hsa_circ_0013871
hsa-miR-3187-5p,hsa_circ_0010647
hsa-miR-3187-5p,hsa_circ_0010648
hsa-miR-3187-5p,hsa_circ_0010649
hsa-miR-3187-5p,hsa_circ_0010650
hsa-miR-4691-5p,hsa_circ_0052003
hsa-miR-4656,hsa_circ_0038404
hsa-miR-4745-5p,hsa_circ_0002172
hsa-miR-4745-5p,hsa_circ_0089776
hsa-miR-4733-3p,hsa_circ_0044539
hsa-miR-568,hsa_circ_0089771
hsa-miR-6803-5p,hsa_circ_0080666
hsa-miR-4733-3p,hsa_circ_0044527
hsa-miR-490-3p,hsa_circ_0013871
hsa-miR-93-3p,hsa_circ_0013874
hsa-miR-4686,hsa_circ_0038404
hsa-miR-4283,hsa_circ_0059100
hsa-miR-4283,hsa_circ_0059101
hsa-miR-4436b-5p,hsa_circ_0013871
hsa-miR-4728-5p,hsa_circ_0032902
hsa-miR-431-5p,hsa_circ_0013874
hsa-miR-297,hsa_circ_0080466
hsa-miR-6895-5p,hsa_circ_0044524
hsa-miR-6895-5p,hsa_circ_0044529
hsa-miR-6895-5p,hsa_circ_0044536
hsa-miR-4739,hsa_circ_0003960
hsa-miR-6895-5p,hsa_circ_0044510
hsa-miR-6895-5p,hsa_circ_0044511
hsa-miR-6895-5p,hsa_circ_0044512
hsa-miR-6895-5p,hsa_circ_0044519
hsa-miR-1249-5p,hsa_circ_0032902
hsa-miR-877-3p,hsa_circ_0051857
hsa-miR-8056,hsa_circ_0001946
hsa-miR-6754-3p,hsa_circ_0059100
hsa-miR-6754-3p,hsa_circ_0059101
hsa-miR-6880-5p,hsa_circ_0038404
hsa-miR-619-5p,hsa_circ_0075924
hsa-miR-6501-3p,hsa_circ_0068939
hsa-miR-6839-3p,hsa_circ_0013871
hsa-miR-619-5p,hsa_circ_0060123
hsa-miR-6870-5p,hsa_circ_0005180
hsa-miR-6870-5p,hsa_circ_0017180
hsa-miR-6870-5p,hsa_circ_0017181
hsa-miR-6870-5p,hsa_circ_0017182
hsa-miR-6870-5p,hsa_circ_0017183
hsa-miR-6870-5p,hsa_circ_0017184
hsa-miR-363-5p,hsa_circ_0038404
hsa-miR-7113-3p,hsa_circ_0013874
hsa-miR-4726-5p,hsa_circ_0044547
hsa-miR-1236-3p,hsa_circ_0089785
hsa-miR-1273h-5p,hsa_circ_0063516
hsa-miR-1273h-5p,hsa_circ_0063533
hsa-miR-367-5p,hsa_circ_0013870
hsa-miR-367-5p,hsa_circ_0013871
hsa-miR-1273h-5p,hsa_circ_0081596
hsa-miR-4789-3p,hsa_circ_0092179
hsa-miR-1273h-5p,hsa_circ_0043314
hsa-miR-877-3p,hsa_circ_0089785
hsa-miR-6809-3p,hsa_circ_0082480
hsa-miR-619-5p,hsa_circ_0080666
hsa-miR-619-5p,hsa_circ_0055327
hsa-miR-4726-5p,hsa_circ_0044504
hsa-miR-4728-5p,hsa_circ_0037999
hsa-miR-6756-5p,hsa_circ_0009561
hsa-miR-6756-5p,hsa_circ_0009562
hsa-miR-6756-5p,hsa_circ_0009563
hsa-miR-6797-5p,hsa_circ_0006648
hsa-miR-6884-5p,hsa_circ_0043314
hsa-miR-3127-3p,hsa_circ_0013871
hsa-miR-612,hsa_circ_0010623
hsa-miR-6756-5p,hsa_circ_0051279
hsa-miR-4726-5p,hsa_circ_0044531
hsa-miR-619-5p,hsa_circ_0005983
hsa-miR-4691-5p,hsa_circ_0063076
hsa-miR-4691-5p,hsa_circ_0063077
hsa-miR-4691-5p,hsa_circ_0063078
hsa-miR-4691-5p,hsa_circ_0063079
hsa-miR-4691-5p,hsa_circ_0063080
hsa-miR-4691-5p,hsa_circ_0063081
hsa-miR-4691-5p,hsa_circ_0063082
hsa-miR-4691-5p,hsa_circ_0063083
hsa-miR-4691-5p,hsa_circ_0063084
hsa-miR-4691-5p,hsa_circ_0063085
hsa-miR-4691-5p,hsa_circ_0063086
hsa-miR-4691-5p,hsa_circ_0063087
hsa-miR-4726-5p,hsa_circ_0044551
hsa-miR-612,hsa_circ_0010599
hsa-miR-612,hsa_circ_0010600
hsa-miR-4775,hsa_circ_0005503
hsa-miR-4685-5p,hsa_circ_0034154
hsa-miR-4763-3p,hsa_circ_0020761
hsa-miR-4763-3p,hsa_circ_0020762
hsa-miR-637,hsa_circ_0089445
hsa-miR-3613-3p,hsa_circ_0044246
hsa-miR-6756-5p,hsa_circ_0026093
hsa-miR-6756-5p,hsa_circ_0026096
hsa-miR-6756-5p,hsa_circ_0026097
hsa-miR-7160-5p,hsa_circ_0038404
hsa-miR-6753-5p,hsa_circ_0044535
hsa-miR-6884-5p,hsa_circ_0048844
hsa-miR-4498,hsa_circ_0013873
hsa-miR-466,hsa_circ_0047786
hsa-miR-1248,hsa_circ_0069223
hsa-miR-181a-5p,hsa_circ_0035143
hsa-miR-3929,hsa_circ_0004192
hsa-miR-4640-5p,hsa_circ_0081111
hsa-miR-608,hsa_circ_0049837
hsa-miR-181a-5p,hsa_circ_0035141
hsa-miR-4446-3p,hsa_circ_0013873
hsa-miR-4530,hsa_circ_0081102
hsa-miR-4530,hsa_circ_0081110
hsa-miR-4726-5p,hsa_circ_0081131
hsa-miR-4726-5p,hsa_circ_0081136
hsa-miR-6753-5p,hsa_circ_0044526
hsa-miR-3916,hsa_circ_0039600
hsa-miR-3916,hsa_circ_0039603
hsa-miR-3916,hsa_circ_0039604
hsa-miR-3916,hsa_circ_0039605
hsa-miR-3916,hsa_circ_0039606
hsa-miR-4530,hsa_circ_0044507
hsa-miR-3065-3p,hsa_circ_0037453
hsa-miR-3065-3p,hsa_circ_0037454
hsa-miR-3065-3p,hsa_circ_0037455
hsa-miR-3065-3p,hsa_circ_0037458
hsa-miR-3065-3p,hsa_circ_0037459
hsa-miR-3065-3p,hsa_circ_0037460
hsa-miR-30e-5p,hsa_circ_0013871
hsa-miR-6803-5p,hsa_circ_0041951
hsa-miR-4726-5p,hsa_circ_0065414
hsa-miR-4789-3p,hsa_circ_0047786
hsa-miR-6756-5p,hsa_circ_0029292
hsa-miR-6756-5p,hsa_circ_0029294
hsa-miR-6756-5p,hsa_circ_0029296
hsa-miR-6756-5p,hsa_circ_0029297
hsa-miR-3065-3p,hsa_circ_0037444
hsa-miR-4530,hsa_circ_0081122
hsa-miR-4640-5p,hsa_circ_0044538
hsa-miR-501-5p,hsa_circ_0055735
hsa-miR-615-5p,hsa_circ_0065415
hsa-miR-6722-3p,hsa_circ_0089552
hsa-miR-637,hsa_circ_0065408
hsa-miR-4763-3p,hsa_circ_0010542
hsa-miR-3620-5p,hsa_circ_0036260
hsa-miR-4530,hsa_circ_0044532
hsa-miR-4640-5p,hsa_circ_0065408
hsa-miR-6884-5p,hsa_circ_0039972
hsa-miR-4726-5p,hsa_circ_0065399
hsa-miR-3619-5p,hsa_circ_0040867
hsa-miR-5193,hsa_circ_0052003
hsa-miR-181d-5p,hsa_circ_0079395
hsa-miR-1976,hsa_circ_0085899
hsa-miR-1976,hsa_circ_0085900
hsa-miR-661,hsa_circ_0010648
hsa-miR-661,hsa_circ_0010649
hsa-miR-661,hsa_circ_0010650
hsa-miR-766-3p,hsa_circ_0034773
hsa-miR-5088-3p,hsa_circ_0065399
hsa-miR-5088-3p,hsa_circ_0065400
hsa-miR-5088-3p,hsa_circ_0065402
hsa-miR-3929,hsa_circ_0081596
hsa-miR-637,hsa_circ_0065403
hsa-miR-4530,hsa_circ_0081146
hsa-miR-1199-5p,hsa_circ_0013873
hsa-miR-5588-5p,hsa_circ_0013870
hsa-miR-5588-5p,hsa_circ_0013871
hsa-miR-6734-3p,hsa_circ_0013871
hsa-miR-6753-5p,hsa_circ_0044517
hsa-miR-6862-5p,hsa_circ_0013873
hsa-miR-661,hsa_circ_0010549
hsa-miR-661,hsa_circ_0010553
hsa-miR-661,hsa_circ_0010559
hsa-miR-661,hsa_circ_0010560
hsa-miR-661,hsa_circ_0010573
hsa-miR-661,hsa_circ_0010581
hsa-miR-661,hsa_circ_0010582
hsa-miR-661,hsa_circ_0010583
hsa-miR-661,hsa_circ_0010599
hsa-miR-661,hsa_circ_0010600
hsa-miR-661,hsa_circ_0010601
hsa-miR-661,hsa_circ_0010602
hsa-miR-661,hsa_circ_0010603
hsa-miR-661,hsa_circ_0010604
hsa-miR-661,hsa_circ_0010605
hsa-miR-661,hsa_circ_0010606
hsa-miR-661,hsa_circ_0010607
hsa-miR-661,hsa_circ_0010623
hsa-miR-7111-5p,hsa_circ_0005180
hsa-miR-7111-5p,hsa_circ_0017180
hsa-miR-7111-5p,hsa_circ_0017181
hsa-miR-7111-5p,hsa_circ_0017182
hsa-miR-7111-5p,hsa_circ_0017183
hsa-miR-7111-5p,hsa_circ_0017184
hsa-miR-4726-5p,hsa_circ_0081114
hsa-miR-501-5p,hsa_circ_0055738
hsa-miR-6788-5p,hsa_circ_0041864
hsa-miR-6788-5p,hsa_circ_0041876
hsa-miR-6788-5p,hsa_circ_0041881
hsa-miR-6788-5p,hsa_circ_0041887
hsa-miR-6788-5p,hsa_circ_0041888
hsa-miR-6788-5p,hsa_circ_0041890
hsa-miR-6884-5p,hsa_circ_0006648
hsa-miR-877-3p,hsa_circ_0013870
hsa-miR-877-3p,hsa_circ_0013871
hsa-miR-6860,hsa_circ_0010574
hsa-miR-6860,hsa_circ_0010608
hsa-miR-6860,hsa_circ_0010609
hsa-miR-6860,hsa_circ_0010610
hsa-miR-6860,hsa_circ_0010625
hsa-miR-6860,hsa_circ_0010626
hsa-miR-5193,hsa_circ_0014770
hsa-miR-5193,hsa_circ_0014771
hsa-miR-7108-3p,hsa_circ_0058371
hsa-miR-939-3p,hsa_circ_0010542
hsa-miR-3175,hsa_circ_0031059
hsa-miR-214-3p,hsa_circ_0081111
hsa-miR-4530,hsa_circ_0044543
hsa-miR-4530,hsa_circ_0044548
hsa-miR-4530,hsa_circ_0044549
hsa-miR-4726-5p,hsa_circ_0081085
hsa-miR-4726-5p,hsa_circ_0081095
hsa-miR-6884-5p,hsa_circ_0081596
hsa-miR-6849-3p,hsa_circ_0072824
hsa-miR-4739,hsa_circ_0032902
hsa-miR-6134,hsa_circ_0041089
hsa-miR-6134,hsa_circ_0041099
hsa-miR-6134,hsa_circ_0041116
hsa-miR-6798-5p,hsa_circ_0044510
hsa-miR-6798-5p,hsa_circ_0044511
hsa-miR-6798-5p,hsa_circ_0044518
hsa-miR-6893-3p,hsa_circ_0079394
hsa-miR-619-5p,hsa_circ_0075790
hsa-miR-939-3p,hsa_circ_0010574
hsa-miR-939-3p,hsa_circ_0010583
hsa-miR-939-3p,hsa_circ_0010606
hsa-miR-939-3p,hsa_circ_0010607
hsa-miR-939-3p,hsa_circ_0010608
hsa-miR-939-3p,hsa_circ_0010609
hsa-miR-939-3p,hsa_circ_0010610
hsa-miR-939-3p,hsa_circ_0010624
hsa-miR-939-3p,hsa_circ_0010625
hsa-miR-939-3p,hsa_circ_0010626
hsa-miR-1587,hsa_circ_0048499
hsa-miR-1303,hsa_circ_0027022
hsa-miR-6792-3p,hsa_circ_0052003
hsa-miR-181d-5p,hsa_circ_0052110
hsa-miR-6132,hsa_circ_0082878
hsa-miR-6132,hsa_circ_0082879
hsa-miR-6756-3p,hsa_circ_0013873
hsa-miR-6884-5p,hsa_circ_0023418
hsa-miR-6884-5p,hsa_circ_0023419
hsa-miR-1207-5p,hsa_circ_0051048
hsa-miR-3171,hsa_circ_0007286
hsa-miR-3187-5p,hsa_circ_0010559
hsa-miR-6756-5p,hsa_circ_0034998
hsa-miR-665,hsa_circ_0057345
hsa-miR-665,hsa_circ_0057349
hsa-miR-6884-3p,hsa_circ_0000726
hsa-miR-6884-3p,hsa_circ_0004566
hsa-miR-3182,hsa_circ_0013870
hsa-miR-370-3p,hsa_circ_0013873
hsa-miR-6868-3p,hsa_circ_0013871
hsa-miR-1286,hsa_circ_0081066
hsa-miR-1286,hsa_circ_0081090
hsa-miR-1286,hsa_circ_0081096
hsa-miR-3125,hsa_circ_0039604
hsa-miR-3125,hsa_circ_0039605
hsa-miR-3125,hsa_circ_0039606
hsa-miR-485-5p,hsa_circ_0081596
hsa-miR-1286,hsa_circ_0081111
hsa-miR-3132,hsa_circ_0005180
hsa-miR-3132,hsa_circ_0017180
hsa-miR-3132,hsa_circ_0017181
hsa-miR-3132,hsa_circ_0017182
hsa-miR-3132,hsa_circ_0017183
hsa-miR-3132,hsa_circ_0017184
hsa-miR-4691-5p,hsa_circ_0085899
hsa-miR-8485,hsa_circ_0089512
hsa-miR-3924,hsa_circ_0005266
hsa-miR-3187-5p,hsa_circ_0010581
hsa-miR-3187-5p,hsa_circ_0010582
hsa-miR-3187-5p,hsa_circ_0010601
hsa-miR-3187-5p,hsa_circ_0010602
hsa-miR-3187-5p,hsa_circ_0010633
hsa-miR-214-3p,hsa_circ_0044526
hsa-miR-6873-3p,hsa_circ_0041734
hsa-miR-7150,hsa_circ_0051048
hsa-miR-214-3p,hsa_circ_0044529
hsa-miR-214-3p,hsa_circ_0044535
hsa-miR-214-3p,hsa_circ_0044536
hsa-miR-4463,hsa_circ_0079070
hsa-miR-509-3p,hsa_circ_0079707
hsa-miR-619-5p,hsa_circ_0080677
hsa-miR-6881-3p,hsa_circ_0013873
hsa-miR-1183,hsa_circ_0013870
hsa-miR-30c-1-3p,hsa_circ_0041864
hsa-miR-30c-1-3p,hsa_circ_0041876
hsa-miR-30c-1-3p,hsa_circ_0041881
hsa-miR-3187-5p,hsa_circ_0010645
hsa-miR-3187-5p,hsa_circ_0010646
hsa-miR-939-5p,hsa_circ_0041089
hsa-miR-939-5p,hsa_circ_0041099
hsa-miR-939-5p,hsa_circ_0041116
hsa-miR-214-3p,hsa_circ_0044517
hsa-miR-1299,hsa_circ_0069071
hsa-miR-30d-5p,hsa_circ_0013871
hsa-miR-665,hsa_circ_0081063
hsa-miR-665,hsa_circ_0081065
hsa-miR-665,hsa_circ_0081066
hsa-miR-2861,hsa_circ_0010574
hsa-miR-3166,hsa_circ_0089792
hsa-miR-29b-3p,hsa_circ_0044511
hsa-miR-29b-3p,hsa_circ_0044512
hsa-miR-29b-3p,hsa_circ_0044519
hsa-miR-3187-5p,hsa_circ_0010664
hsa-miR-3202,hsa_circ_0037995
hsa-miR-3202,hsa_circ_0037996
hsa-miR-3202,hsa_circ_0037997
hsa-miR-8087,hsa_circ_0013871
hsa-miR-3187-5p,hsa_circ_0010654
hsa-miR-4733-3p,hsa_circ_0044534
hsa-miR-4733-3p,hsa_circ_0044517
hsa-miR-6879-3p,hsa_circ_0020316
hsa-miR-6887-3p,hsa_circ_0089785
hsa-miR-3130-5p,hsa_circ_0061130
hsa-miR-34b-5p,hsa_circ_0013871
hsa-miR-4692,hsa_circ_0013871
hsa-miR-4799-3p,hsa_circ_0013870
hsa-miR-4799-3p,hsa_circ_0013871
hsa-miR-490-3p,hsa_circ_0013870
hsa-miR-506-3p,hsa_circ_0013870
hsa-miR-506-3p,hsa_circ_0013871
hsa-miR-93-3p,hsa_circ_0013873
hsa-miR-1229-3p,hsa_circ_0079155
hsa-miR-6809-3p,hsa_circ_0069223
hsa-miR-4801,hsa_circ_0006648
hsa-miR-431-5p,hsa_circ_0013873
hsa-miR-181b-5p,hsa_circ_0035147
hsa-miR-7109-5p,hsa_circ_0002172
hsa-miR-7109-5p,hsa_circ_0089776
hsa-miR-608,hsa_circ_0000726
hsa-miR-608,hsa_circ_0004566
hsa-miR-4436b-5p,hsa_circ_0013870
hsa-miR-6849-3p,hsa_circ_0014789
hsa-miR-6862-3p,hsa_circ_0079155
hsa-miR-6895-5p,hsa_circ_0044509
hsa-miR-6895-5p,hsa_circ_0044518
hsa-miR-6895-5p,hsa_circ_0044520
hsa-miR-6895-5p,hsa_circ_0044528
hsa-miR-6895-5p,hsa_circ_0044535
hsa-miR-6895-5p,hsa_circ_0044539
hsa-miR-5088-3p,hsa_circ_0013873
hsa-miR-23c,hsa_circ_0050283
hsa-miR-3925-3p,hsa_circ_0042202
hsa-miR-4739,hsa_circ_0009085
hsa-miR-4739,hsa_circ_0013827
hsa-miR-1237-5p,hsa_circ_0005180
hsa-miR-1237-5p,hsa_circ_0017180
hsa-miR-1237-5p,hsa_circ_0017181
hsa-miR-1237-5p,hsa_circ_0017182
hsa-miR-1237-5p,hsa_circ_0017183
hsa-miR-1237-5p,hsa_circ_0017184
hsa-miR-383-3p,hsa_circ_0013871
hsa-miR-4676-3p,hsa_circ_0013871
hsa-miR-548an,hsa_circ_0013870
hsa-miR-548an,hsa_circ_0013871
hsa-miR-6793-5p,hsa_circ_0013871
hsa-miR-181d-5p,hsa_circ_0073788
hsa-miR-4685-5p,hsa_circ_0049109
hsa-miR-4685-5p,hsa_circ_0049110
hsa-miR-23c,hsa_circ_0080293
hsa-miR-3925-3p,hsa_circ_0050283
hsa-miR-4685-5p,hsa_circ_0049106
hsa-miR-5193,hsa_circ_0075371
hsa-miR-1273h-5p,hsa_circ_0038898
hsa-miR-4722-5p,hsa_circ_0013870
hsa-miR-4722-5p,hsa_circ_0013871
hsa-miR-30a-5p,hsa_circ_0013871
hsa-miR-3180-3p,hsa_circ_0005180
hsa-miR-3180-3p,hsa_circ_0017180
hsa-miR-3180-3p,hsa_circ_0017181
hsa-miR-3180-3p,hsa_circ_0017182
hsa-miR-3180-3p,hsa_circ_0017183
hsa-miR-3180-3p,hsa_circ_0017184
hsa-miR-3180,hsa_circ_0005180
hsa-miR-3180,hsa_circ_0017180
hsa-miR-3180,hsa_circ_0017181
hsa-miR-3180,hsa_circ_0017182
hsa-miR-3180,hsa_circ_0017183
hsa-miR-3180,hsa_circ_0017184
hsa-miR-6851-3p,hsa_circ_0013870
hsa-miR-6851-3p,hsa_circ_0013871
hsa-miR-7113-3p,hsa_circ_0013873
hsa-miR-3925-3p,hsa_circ_0052316
hsa-miR-6803-5p,hsa_circ_0050799
hsa-miR-181b-5p,hsa_circ_0073781
hsa-miR-6839-3p,hsa_circ_0013870
hsa-miR-1273h-5p,hsa_circ_0000939
hsa-miR-181d-5p,hsa_circ_0073781
hsa-miR-3925-3p,hsa_circ_0052110
hsa-miR-665,hsa_circ_0038898
hsa-miR-6803-5p,hsa_circ_0000726
hsa-miR-6756-3p,hsa_circ_0089785
hsa-miR-4292,hsa_circ_0002172
hsa-miR-4292,hsa_circ_0089776
hsa-miR-1303,hsa_circ_0081678
hsa-miR-5193,hsa_circ_0089785
hsa-miR-612,hsa_circ_0010647
hsa-miR-612,hsa_circ_0010648
hsa-miR-612,hsa_circ_0010649
hsa-miR-612,hsa_circ_0010650
hsa-miR-765,hsa_circ_0037564
hsa-miR-765,hsa_circ_0037565
hsa-miR-765,hsa_circ_0037568
hsa-miR-765,hsa_circ_0037570
hsa-miR-765,hsa_circ_0037571
hsa-miR-765,hsa_circ_0037573
hsa-miR-8485,hsa_circ_0045918
hsa-miR-8485,hsa_circ_0045919
hsa-miR-3924,hsa_circ_0080466
hsa-miR-3960,hsa_circ_0030834
hsa-miR-587,hsa_circ_0013870
hsa-miR-587,hsa_circ_0013871
hsa-miR-6884-5p,hsa_circ_0044246
hsa-miR-1273h-5p,hsa_circ_0023418
hsa-miR-1273h-5p,hsa_circ_0023419
hsa-miR-1273h-5p,hsa_circ_0059143
hsa-miR-4658,hsa_circ_0059689
hsa-miR-6792-3p,hsa_circ_0085899
hsa-miR-6792-3p,hsa_circ_0085900
hsa-miR-1275,hsa_circ_0031059
hsa-miR-612,hsa_circ_0010633
hsa-miR-6741-5p,hsa_circ_0049106
hsa-miR-6741-5p,hsa_circ_0049109
hsa-miR-6741-5p,hsa_circ_0049110
hsa-miR-1285-3p,hsa_circ_0072808
hsa-miR-1285-3p,hsa_circ_0072809
hsa-miR-1285-3p,hsa_circ_0072850
hsa-miR-1285-3p,hsa_circ_0072851
hsa-miR-1273h-5p,hsa_circ_0072824
hsa-miR-3613-3p,hsa_circ_0008161
hsa-miR-3929,hsa_circ_0048844
hsa-miR-6803-5p,hsa_circ_0051922
hsa-miR-3925-3p,hsa_circ_0052098
hsa-miR-3925-3p,hsa_circ_0052100
hsa-miR-4691-5p,hsa_circ_0063075
hsa-miR-3127-3p,hsa_circ_0013870
hsa-miR-6797-5p,hsa_circ_0024264
hsa-miR-6797-5p,hsa_circ_0024265
hsa-miR-4632-5p,hsa_circ_0082879
hsa-miR-612,hsa_circ_0010664
hsa-miR-6827-5p,hsa_circ_0010574
hsa-miR-3929,hsa_circ_0037987
hsa-miR-4268,hsa_circ_0063082
hsa-miR-4268,hsa_circ_0063083
hsa-miR-4268,hsa_circ_0063084
hsa-miR-4268,hsa_circ_0063085
hsa-miR-4268,hsa_circ_0063087
hsa-miR-4268,hsa_circ_0063098
hsa-miR-4726-5p,hsa_circ_0044538
hsa-miR-619-5p,hsa_circ_0043298
hsa-miR-1273h-5p,hsa_circ_0091222
hsa-miR-1285-3p,hsa_circ_0072817
hsa-miR-1285-3p,hsa_circ_0072819
hsa-miR-1285-3p,hsa_circ_0072821
hsa-miR-4763-3p,hsa_circ_0020554
hsa-miR-4763-3p,hsa_circ_0020555
hsa-miR-637,hsa_circ_0089429
hsa-miR-637,hsa_circ_0089440
hsa-miR-4685-5p,hsa_circ_0022862
hsa-miR-6860,hsa_circ_0082877
hsa-miR-4726-5p,hsa_circ_0044552
hsa-miR-4763-3p,hsa_circ_0089548
hsa-miR-5189-5p,hsa_circ_0010574
hsa-miR-6875-3p,hsa_circ_0013870
hsa-miR-6875-3p,hsa_circ_0013871
hsa-miR-942-5p,hsa_circ_0011303
hsa-miR-5011-5p,hsa_circ_0092179
hsa-miR-3692-3p,hsa_circ_0052055
hsa-miR-4530,hsa_circ_0081081
hsa-miR-4530,hsa_circ_0081114
hsa-miR-3929,hsa_circ_0038898
hsa-miR-5001-5p,hsa_circ_0039075
hsa-miR-612,hsa_circ_0010572
hsa-miR-6753-5p,hsa_circ_0044527
hsa-miR-6753-5p,hsa_circ_0044528
hsa-miR-6753-5p,hsa_circ_0044534
hsa-miR-1976,hsa_circ_0022422
hsa-miR-504-5p,hsa_circ_0059073
hsa-miR-504-5p,hsa_circ_0059079
hsa-miR-1913,hsa_circ_0010542
hsa-miR-4763-3p,hsa_circ_0020760
hsa-miR-637,hsa_circ_0019904
hsa-miR-637,hsa_circ_0019905
hsa-miR-637,hsa_circ_0019906
hsa-miR-637,hsa_circ_0019907
hsa-miR-637,hsa_circ_0019908
hsa-miR-637,hsa_circ_0019909
hsa-miR-637,hsa_circ_0019913
hsa-miR-661,hsa_circ_0060070
hsa-miR-1236-3p,hsa_circ_0082480
hsa-miR-4726-5p,hsa_circ_0089460
hsa-miR-619-5p,hsa_circ_0064330
hsa-miR-6803-5p,hsa_circ_0041952
hsa-miR-4530,hsa_circ_0081115
hsa-miR-762,hsa_circ_0039106
hsa-miR-4640-5p,hsa_circ_0039097
hsa-miR-4726-5p,hsa_circ_0044530
hsa-miR-4739,hsa_circ_0010420
hsa-miR-1303,hsa_circ_0043298
hsa-miR-4640-5p,hsa_circ_0081116
hsa-miR-4530,hsa_circ_0081133
hsa-miR-4530,hsa_circ_0081137
hsa-miR-4530,hsa_circ_0081138
hsa-miR-4530,hsa_circ_0081142
hsa-miR-4640-5p,hsa_circ_0044530
hsa-miR-4751,hsa_circ_0057344
hsa-miR-4751,hsa_circ_0057345
hsa-miR-4751,hsa_circ_0057349
hsa-miR-4751,hsa_circ_0057356
hsa-miR-574-5p,hsa_circ_0059689
hsa-miR-3160-3p,hsa_circ_0038445
hsa-miR-4640-5p,hsa_circ_0081063
hsa-miR-4640-5p,hsa_circ_0081065
hsa-miR-4640-5p,hsa_circ_0081066
hsa-miR-4640-5p,hsa_circ_0081081
hsa-miR-152-3p,hsa_circ_0013870
hsa-miR-152-3p,hsa_circ_0013871
hsa-miR-23a-3p,hsa_circ_0050314
hsa-miR-30e-5p,hsa_circ_0013870
hsa-miR-4673,hsa_circ_0082878
hsa-miR-4673,hsa_circ_0082879
hsa-miR-181a-5p,hsa_circ_0073786
hsa-miR-4640-5p,hsa_circ_0065400
hsa-miR-4640-5p,hsa_circ_0065401
hsa-miR-4640-5p,hsa_circ_0065402
hsa-miR-4640-5p,hsa_circ_0065403
hsa-miR-4640-5p,hsa_circ_0065404
hsa-miR-4640-5p,hsa_circ_0065407
hsa-miR-6884-5p,hsa_circ_0038898
hsa-miR-4640-5p,hsa_circ_0065411
hsa-miR-619-5p,hsa_circ_0000948
hsa-miR-6798-5p,hsa_circ_0044535
hsa-miR-5691,hsa_circ_0014209
hsa-miR-5691,hsa_circ_0014210
hsa-miR-4530,hsa_circ_0044531
hsa-miR-4726-5p,hsa_circ_0081080
hsa-miR-4763-3p,hsa_circ_0010610
hsa-miR-4763-3p,hsa_circ_0010626
hsa-miR-6132,hsa_circ_0044529
hsa-miR-661,hsa_circ_0010658
hsa-miR-661,hsa_circ_0010664
hsa-miR-6838-5p,hsa_circ_0040861
hsa-miR-6838-5p,hsa_circ_0040867
hsa-miR-4530,hsa_circ_0044506
hsa-miR-612,hsa_circ_0082877
hsa-miR-6756-5p,hsa_circ_0029298
hsa-miR-6788-5p,hsa_circ_0041891
hsa-miR-6860,hsa_circ_0010583
hsa-miR-6860,hsa_circ_0010607
hsa-miR-6860,hsa_circ_0010624
hsa-miR-4726-5p,hsa_circ_0089427
hsa-miR-4640-5p,hsa_circ_0044546
hsa-miR-661,hsa_circ_0010633
hsa-miR-661,hsa_circ_0010641
hsa-miR-661,hsa_circ_0010642
hsa-miR-661,hsa_circ_0010643
hsa-miR-661,hsa_circ_0010644
hsa-miR-661,hsa_circ_0010645
hsa-miR-661,hsa_circ_0010646
hsa-miR-661,hsa_circ_0010647
hsa-miR-1249-5p,hsa_circ_0006648
hsa-miR-629-3p,hsa_circ_0013870
hsa-miR-629-3p,hsa_circ_0013871
hsa-miR-6734-3p,hsa_circ_0013870
hsa-miR-6792-3p,hsa_circ_0013870
hsa-miR-6792-3p,hsa_circ_0013871
hsa-miR-5001-5p,hsa_circ_0051922
hsa-miR-6798-5p,hsa_circ_0044543
hsa-miR-6798-5p,hsa_circ_0044549
hsa-miR-3619-5p,hsa_circ_0040863
hsa-miR-4530,hsa_circ_0081152
hsa-miR-4656,hsa_circ_0081596
hsa-miR-4763-3p,hsa_circ_0010574
hsa-miR-6881-3p,hsa_circ_0051857
hsa-miR-4726-5p,hsa_circ_0081089
hsa-miR-4728-5p,hsa_circ_0026926
hsa-miR-4728-5p,hsa_circ_0026927
hsa-miR-4728-5p,hsa_circ_0026928
hsa-miR-4728-5p,hsa_circ_0026929
hsa-miR-637,hsa_circ_0065411
hsa-miR-3929,hsa_circ_0041843
hsa-miR-4640-5p,hsa_circ_0089429
hsa-miR-4640-5p,hsa_circ_0089440
hsa-miR-4640-5p,hsa_circ_0089445
hsa-miR-6870-5p,hsa_circ_0002172
hsa-miR-6870-5p,hsa_circ_0089776
hsa-miR-6836-5p,hsa_circ_0044510
hsa-miR-6836-5p,hsa_circ_0044511
hsa-miR-6836-5p,hsa_circ_0044512
hsa-miR-6836-5p,hsa_circ_0044519
hsa-miR-6836-5p,hsa_circ_0044522
hsa-miR-6836-5p,hsa_circ_0044524
hsa-miR-6884-5p,hsa_circ_0037987
hsa-miR-3929,hsa_circ_0043314
hsa-miR-4763-3p,hsa_circ_0065481
hsa-miR-6884-5p,hsa_circ_0015199
hsa-miR-6884-5p,hsa_circ_0015204
hsa-miR-6884-5p,hsa_circ_0015212
hsa-miR-6884-5p,hsa_circ_0015213
hsa-miR-6884-5p,hsa_circ_0015214
hsa-miR-6884-5p,hsa_circ_0015216
hsa-miR-6884-5p,hsa_circ_0015217
hsa-miR-6884-5p,hsa_circ_0015218
hsa-miR-6884-5p,hsa_circ_0015221
hsa-miR-6884-5p,hsa_circ_0015222
hsa-miR-6884-5p,hsa_circ_0015223
hsa-miR-1184,hsa_circ_0063079
hsa-miR-1184,hsa_circ_0063080
hsa-miR-1184,hsa_circ_0063081
hsa-miR-1184,hsa_circ_0063082
hsa-miR-1184,hsa_circ_0063083
hsa-miR-1184,hsa_circ_0063084
hsa-miR-1184,hsa_circ_0063085
hsa-miR-1184,hsa_circ_0063087
hsa-miR-1184,hsa_circ_0063095
hsa-miR-1289,hsa_circ_0061535
hsa-miR-1289,hsa_circ_0061536
hsa-miR-1289,hsa_circ_0061537
hsa-miR-3175,hsa_circ_0004790
hsa-miR-3175,hsa_circ_0007514
hsa-miR-3175,hsa_circ_0008447
hsa-miR-3175,hsa_circ_0031066
hsa-miR-3175,hsa_circ_0031067
hsa-miR-4726-5p,hsa_circ_0081106
hsa-miR-4726-5p,hsa_circ_0081107
hsa-miR-4732-3p,hsa_circ_0020279
hsa-miR-4732-3p,hsa_circ_0020280
hsa-miR-3619-5p,hsa_circ_0022862
hsa-miR-4763-3p,hsa_circ_0010549
hsa-miR-4763-3p,hsa_circ_0010553
hsa-miR-4763-3p,hsa_circ_0010559
hsa-miR-4763-3p,hsa_circ_0010560
hsa-miR-939-3p,hsa_circ_0010549
hsa-miR-939-3p,hsa_circ_0010553
hsa-miR-939-3p,hsa_circ_0010603
hsa-miR-939-3p,hsa_circ_0010604
hsa-miR-939-3p,hsa_circ_0010605
hsa-miR-939-3p,hsa_circ_0010623
hsa-miR-138-5p,hsa_circ_0049109
hsa-miR-138-5p,hsa_circ_0049110
hsa-miR-6798-5p,hsa_circ_0044509
hsa-miR-6798-5p,hsa_circ_0044517
hsa-miR-4763-3p,hsa_circ_0010609
hsa-miR-4763-3p,hsa_circ_0010625
hsa-miR-6722-3p,hsa_circ_0082877
hsa-miR-6747-3p,hsa_circ_0079155
hsa-miR-6825-5p,hsa_circ_0005180
hsa-miR-6825-5p,hsa_circ_0017180
hsa-miR-6825-5p,hsa_circ_0017181
hsa-miR-6825-5p,hsa_circ_0017182
hsa-miR-6825-5p,hsa_circ_0017183
hsa-miR-6825-5p,hsa_circ_0017184
hsa-miR-766-3p,hsa_circ_0052003
hsa-miR-6740-3p,hsa_circ_0013870
hsa-miR-6740-3p,hsa_circ_0013871
hsa-miR-6793-5p,hsa_circ_0048499
hsa-miR-6809-3p,hsa_circ_0046912
hsa-miR-6825-5p,hsa_circ_0037995
hsa-miR-6825-5p,hsa_circ_0037996
hsa-miR-6825-5p,hsa_circ_0037997
hsa-miR-4692,hsa_circ_0082878
hsa-miR-4692,hsa_circ_0082879
hsa-miR-6792-3p,hsa_circ_0063075
hsa-miR-6792-3p,hsa_circ_0063076
hsa-miR-6792-3p,hsa_circ_0063077
hsa-miR-6792-3p,hsa_circ_0063078
hsa-miR-6792-3p,hsa_circ_0063079
hsa-miR-6792-3p,hsa_circ_0063080
hsa-miR-6792-3p,hsa_circ_0063081
hsa-miR-6792-3p,hsa_circ_0063082
hsa-miR-6792-3p,hsa_circ_0063083
hsa-miR-6792-3p,hsa_circ_0063084
hsa-miR-6792-3p,hsa_circ_0063085
hsa-miR-6792-3p,hsa_circ_0063086
hsa-miR-6792-3p,hsa_circ_0063087
hsa-miR-6876-5p,hsa_circ_0024264
hsa-miR-6876-5p,hsa_circ_0024265
hsa-miR-939-3p,hsa_circ_0010647
hsa-miR-939-3p,hsa_circ_0010648
hsa-miR-939-3p,hsa_circ_0010649
hsa-miR-939-3p,hsa_circ_0010650
hsa-miR-939-3p,hsa_circ_0010654
hsa-miR-939-3p,hsa_circ_0010658
hsa-miR-939-3p,hsa_circ_0010664
hsa-miR-2278,hsa_circ_0059100
hsa-miR-2278,hsa_circ_0059101
hsa-miR-370-3p,hsa_circ_0014209
hsa-miR-370-3p,hsa_circ_0014210
hsa-miR-4656,hsa_circ_0004192
hsa-miR-608,hsa_circ_0091806
hsa-miR-608,hsa_circ_0091807
hsa-miR-608,hsa_circ_0091808
hsa-miR-7847-3p,hsa_circ_0005180
hsa-miR-7847-3p,hsa_circ_0017180
hsa-miR-7847-3p,hsa_circ_0017181
hsa-miR-7847-3p,hsa_circ_0017182
hsa-miR-7847-3p,hsa_circ_0017183
hsa-miR-7847-3p,hsa_circ_0017184
hsa-miR-4739,hsa_circ_0078934
hsa-miR-4763-3p,hsa_circ_0068587
hsa-miR-1827,hsa_circ_0043314
hsa-miR-214-3p,hsa_circ_0081091
hsa-miR-641,hsa_circ_0001946
hsa-miR-762,hsa_circ_0058199
hsa-miR-4701-3p,hsa_circ_0041864
hsa-miR-4701-3p,hsa_circ_0041876
hsa-miR-4701-3p,hsa_circ_0041881
hsa-miR-4701-3p,hsa_circ_0041887
hsa-miR-4701-3p,hsa_circ_0041888
hsa-miR-4701-3p,hsa_circ_0041890
hsa-miR-4701-3p,hsa_circ_0041891
hsa-miR-619-5p,hsa_circ_0011819
hsa-miR-148b-3p,hsa_circ_0013870
hsa-miR-148b-3p,hsa_circ_0013871
hsa-miR-3187-5p,hsa_circ_0010599
hsa-miR-3187-5p,hsa_circ_0010600
hsa-miR-4433a-3p,hsa_circ_0013870
hsa-miR-4433a-3p,hsa_circ_0013871
hsa-miR-4687-3p,hsa_circ_0013870
hsa-miR-4687-3p,hsa_circ_0013871
hsa-miR-4733-3p,hsa_circ_0081063
hsa-miR-4733-3p,hsa_circ_0081065
hsa-miR-4733-3p,hsa_circ_0081066
hsa-miR-4733-3p,hsa_circ_0081090
hsa-miR-4733-3p,hsa_circ_0081091
hsa-miR-665,hsa_circ_0057344
hsa-miR-665,hsa_circ_0057356
hsa-miR-6868-3p,hsa_circ_0013870
hsa-miR-3135b,hsa_circ_0039097
hsa-miR-485-5p,hsa_circ_0038898
hsa-miR-1286,hsa_circ_0081116
hsa-miR-297,hsa_circ_0008111
hsa-miR-3149,hsa_circ_0005266
hsa-miR-6734-5p,hsa_circ_0037995
hsa-miR-6734-5p,hsa_circ_0037996
hsa-miR-6734-5p,hsa_circ_0037997
hsa-miR-214-3p,hsa_circ_0044527
hsa-miR-214-3p,hsa_circ_0044528
hsa-miR-214-3p,hsa_circ_0044534
hsa-miR-1236-3p,hsa_circ_0083682
hsa-miR-1236-3p,hsa_circ_0083683
hsa-miR-1286,hsa_circ_0081108
hsa-miR-328-5p,hsa_circ_0051279
hsa-miR-3929,hsa_circ_0063516
hsa-miR-2861,hsa_circ_0010664
hsa-miR-6721-5p,hsa_circ_0082877
hsa-miR-30b-3p,hsa_circ_0009180
hsa-miR-30c-1-3p,hsa_circ_0041887
hsa-miR-30c-1-3p,hsa_circ_0041888
hsa-miR-30c-1-3p,hsa_circ_0041890
hsa-miR-3187-5p,hsa_circ_0010642
hsa-miR-3187-5p,hsa_circ_0010643
hsa-miR-3187-5p,hsa_circ_0010644
hsa-miR-4471,hsa_circ_0041089
hsa-miR-4471,hsa_circ_0041099
hsa-miR-4471,hsa_circ_0041116
hsa-miR-642a-5p,hsa_circ_0005266
hsa-miR-6836-5p,hsa_circ_0034773
hsa-miR-2861,hsa_circ_0010608
hsa-miR-2861,hsa_circ_0010609
hsa-miR-2861,hsa_circ_0010610
hsa-miR-2861,hsa_circ_0010625
hsa-miR-2861,hsa_circ_0010626
hsa-miR-3064-3p,hsa_circ_0050272
hsa-miR-4452,hsa_circ_0086175
hsa-miR-4452,hsa_circ_0086176
hsa-miR-637,hsa_circ_0074523
hsa-miR-2861,hsa_circ_0010542
hsa-miR-2861,hsa_circ_0010549
hsa-miR-2861,hsa_circ_0010553
hsa-miR-214-3p,hsa_circ_0044515
hsa-miR-214-3p,hsa_circ_0044516
hsa-miR-2861,hsa_circ_0019896
hsa-miR-2861,hsa_circ_0019897
hsa-miR-2861,hsa_circ_0019898
hsa-miR-2861,hsa_circ_0019899
hsa-miR-2861,hsa_circ_0019900
hsa-miR-2861,hsa_circ_0019901
hsa-miR-2861,hsa_circ_0019902
hsa-miR-2861,hsa_circ_0019903
hsa-miR-2861,hsa_circ_0019904
hsa-miR-2861,hsa_circ_0019905
hsa-miR-2861,hsa_circ_0019906
hsa-miR-2861,hsa_circ_0019907
hsa-miR-2861,hsa_circ_0019908
hsa-miR-2861,hsa_circ_0019909
hsa-miR-2861,hsa_circ_0019913
hsa-miR-2861,hsa_circ_0019914
hsa-miR-29b-3p,hsa_circ_0044510
hsa-miR-29b-3p,hsa_circ_0044518
hsa-miR-29b-3p,hsa_circ_0044522
hsa-miR-29b-3p,hsa_circ_0044524
hsa-miR-29b-3p,hsa_circ_0044529
hsa-miR-29b-3p,hsa_circ_0044535
hsa-miR-29b-3p,hsa_circ_0044536
hsa-miR-30d-5p,hsa_circ_0013870
hsa-miR-4533,hsa_circ_0013870
hsa-miR-4533,hsa_circ_0013871
hsa-miR-6721-5p,hsa_circ_0051048
hsa-miR-6751-5p,hsa_circ_0080666
hsa-miR-7851-3p,hsa_circ_0059100
hsa-miR-7851-3p,hsa_circ_0059101
hsa-miR-8087,hsa_circ_0013870
hsa-miR-1286,hsa_circ_0081063
hsa-miR-1286,hsa_circ_0081065
hsa-miR-1286,hsa_circ_0081081
hsa-miR-214-3p,hsa_circ_0044521
hsa-miR-214-3p,hsa_circ_0044523
hsa-miR-30b-3p,hsa_circ_0048844
hsa-miR-665,hsa_circ_0081091
hsa-miR-6879-5p,hsa_circ_0037995
hsa-miR-6879-5p,hsa_circ_0037996
hsa-miR-4452,hsa_circ_0016756
hsa-miR-3622b-5p,hsa_circ_0013870
hsa-miR-3622b-5p,hsa_circ_0013871
hsa-miR-6721-5p,hsa_circ_0082881
hsa-miR-6803-5p,hsa_circ_0080668
hsa-miR-3130-3p,hsa_circ_0045783
hsa-miR-3130-3p,hsa_circ_0045784
hsa-miR-3130-3p,hsa_circ_0045785
hsa-miR-3187-5p,hsa_circ_0010658
hsa-miR-6791-5p,hsa_circ_0030855
hsa-miR-6791-5p,hsa_circ_0030856
hsa-miR-6791-5p,hsa_circ_0030857
hsa-miR-4726-5p,hsa_circ_0039106
hsa-miR-5787,hsa_circ_0058199
hsa-miR-4733-3p,hsa_circ_0044533
hsa-miR-30b-3p,hsa_circ_0081596
hsa-miR-4646-5p,hsa_circ_0005180
hsa-miR-4646-5p,hsa_circ_0017180
hsa-miR-4646-5p,hsa_circ_0017181
hsa-miR-4646-5p,hsa_circ_0017182
hsa-miR-4646-5p,hsa_circ_0017183
hsa-miR-4646-5p,hsa_circ_0017184
hsa-miR-190a-3p,hsa_circ_0080466
hsa-miR-34b-5p,hsa_circ_0013870
hsa-miR-4692,hsa_circ_0013870
hsa-miR-4733-3p,hsa_circ_0044521
hsa-miR-4733-3p,hsa_circ_0044523
hsa-miR-6809-3p,hsa_circ_0040923
hsa-miR-6809-3p,hsa_circ_0040925
hsa-miR-937-5p,hsa_circ_0000726
hsa-miR-20b-3p,hsa_circ_0043314
hsa-miR-3619-5p,hsa_circ_0044509
hsa-miR-3619-5p,hsa_circ_0044510
hsa-miR-3619-5p,hsa_circ_0044511
hsa-miR-3619-5p,hsa_circ_0044512
hsa-miR-3619-5p,hsa_circ_0044518
hsa-miR-3619-5p,hsa_circ_0044519
hsa-miR-3619-5p,hsa_circ_0044520
hsa-miR-3619-5p,hsa_circ_0044522
hsa-miR-3619-5p,hsa_circ_0044524
hsa-miR-3619-5p,hsa_circ_0044526
hsa-miR-4733-3p,hsa_circ_0044551
hsa-miR-181b-5p,hsa_circ_0035148
hsa-miR-4498,hsa_circ_0069071
hsa-miR-486-3p,hsa_circ_0082878
hsa-miR-4713-5p,hsa_circ_0013870
hsa-miR-4713-5p,hsa_circ_0013871
hsa-miR-5700,hsa_circ_0013870
hsa-miR-5700,hsa_circ_0013871
hsa-miR-6722-3p,hsa_circ_0013870
hsa-miR-6722-3p,hsa_circ_0013871
hsa-miR-6849-3p,hsa_circ_0072808
hsa-miR-6849-3p,hsa_circ_0072809
hsa-miR-6849-3p,hsa_circ_0072817
hsa-miR-6849-3p,hsa_circ_0072819
hsa-miR-6849-3p,hsa_circ_0072821
hsa-miR-6849-3p,hsa_circ_0072850
hsa-miR-6849-3p,hsa_circ_0072851
hsa-miR-1290,hsa_circ_0001946
hsa-miR-3925-3p,hsa_circ_0039183
hsa-miR-3925-3p,hsa_circ_0039184
hsa-miR-3925-3p,hsa_circ_0039185
hsa-miR-3925-3p,hsa_circ_0039186
hsa-miR-1321,hsa_circ_0041089
hsa-miR-1321,hsa_circ_0041099
hsa-miR-1321,hsa_circ_0041116
hsa-miR-181b-5p,hsa_circ_0035151
hsa-miR-181b-5p,hsa_circ_0035153
hsa-miR-181d-5p,hsa_circ_0035147
hsa-miR-181d-5p,hsa_circ_0035148
hsa-miR-6846-5p,hsa_circ_0041089
hsa-miR-6846-5p,hsa_circ_0041099
hsa-miR-6846-5p,hsa_circ_0041116
hsa-miR-30b-3p,hsa_circ_0043314
hsa-miR-6895-5p,hsa_circ_0044526
hsa-miR-6895-5p,hsa_circ_0044527
hsa-miR-6895-5p,hsa_circ_0044534
hsa-miR-378h,hsa_circ_0079070
hsa-miR-619-5p,hsa_circ_0064350
hsa-miR-486-3p,hsa_circ_0020280
hsa-miR-133a-3p,hsa_circ_0013870
hsa-miR-133a-3p,hsa_circ_0013871
hsa-miR-133b,hsa_circ_0013870
hsa-miR-133b,hsa_circ_0013871
hsa-miR-2116-3p,hsa_circ_0013870
hsa-miR-2116-3p,hsa_circ_0013871
hsa-miR-383-3p,hsa_circ_0013870
hsa-miR-4676-3p,hsa_circ_0013870
hsa-miR-6793-5p,hsa_circ_0013870
hsa-miR-6891-3p,hsa_circ_0020316
hsa-miR-4685-5p,hsa_circ_0049111
hsa-miR-4685-5p,hsa_circ_0049112
hsa-miR-4685-5p,hsa_circ_0049113
hsa-miR-4739,hsa_circ_0007740
hsa-miR-6500-3p,hsa_circ_0052108
hsa-miR-619-5p,hsa_circ_0026973
hsa-miR-1909-3p,hsa_circ_0013870
hsa-miR-1909-3p,hsa_circ_0013871
hsa-miR-30a-5p,hsa_circ_0013870
hsa-miR-6515-5p,hsa_circ_0013870
hsa-miR-6515-5p,hsa_circ_0013871
hsa-miR-6809-3p,hsa_circ_0013870
hsa-miR-6809-3p,hsa_circ_0013871
hsa-miR-766-3p,hsa_circ_0014209
hsa-miR-766-3p,hsa_circ_0014210
hsa-miR-181b-5p,hsa_circ_0073788
hsa-miR-4723-3p,hsa_circ_0042205
hsa-miR-4728-5p,hsa_circ_0003960
hsa-miR-765,hsa_circ_0086740
hsa-miR-3692-5p,hsa_circ_0029351
hsa-miR-3692-5p,hsa_circ_0029353
hsa-miR-6743-3p,hsa_circ_0022422
hsa-miR-7110-3p,hsa_circ_0042205
hsa-miR-3925-3p,hsa_circ_0052294
hsa-miR-3925-3p,hsa_circ_0052295
hsa-miR-4685-5p,hsa_circ_0049105
hsa-miR-181d-5p,hsa_circ_0073792
hsa-miR-4763-3p,hsa_circ_0026092
hsa-miR-4763-3p,hsa_circ_0026093
hsa-miR-4763-3p,hsa_circ_0026096
hsa-miR-4763-3p,hsa_circ_0026097
hsa-miR-5193,hsa_circ_0051857
hsa-miR-4739,hsa_circ_0037999
hsa-miR-7110-3p,hsa_circ_0041734
hsa-miR-6803-5p,hsa_circ_0004566
hsa-miR-1273h-5p,hsa_circ_0041257
hsa-miR-6870-3p,hsa_circ_0013869
hsa-miR-3925-3p,hsa_circ_0052318
hsa-miR-3925-3p,hsa_circ_0052319
hsa-miR-1277-5p,hsa_circ_0067105
hsa-miR-1277-5p,hsa_circ_0067106
hsa-miR-6773-3p,hsa_circ_0020280
hsa-miR-765,hsa_circ_0037574
hsa-miR-4726-5p,hsa_circ_0044546
hsa-miR-3925-3p,hsa_circ_0052104
hsa-miR-6832-3p,hsa_circ_0013869
hsa-miR-6832-3p,hsa_circ_0013874
hsa-miR-1207-5p,hsa_circ_0010574
hsa-miR-1207-5p,hsa_circ_0010608
hsa-miR-1207-5p,hsa_circ_0010609
hsa-miR-1207-5p,hsa_circ_0010610
hsa-miR-1207-5p,hsa_circ_0010624
hsa-miR-1207-5p,hsa_circ_0010625
hsa-miR-1207-5p,hsa_circ_0010626
hsa-miR-1273h-5p,hsa_circ_0037987
hsa-miR-1273h-5p,hsa_circ_0049494
hsa-miR-1303,hsa_circ_0008352
hsa-miR-1909-3p,hsa_circ_0089552
hsa-miR-7110-5p,hsa_circ_0000726
hsa-miR-7110-5p,hsa_circ_0004566
hsa-miR-6741-5p,hsa_circ_0049105
hsa-miR-6752-5p,hsa_circ_0000726
hsa-miR-6752-5p,hsa_circ_0004566
hsa-miR-637,hsa_circ_0051922
hsa-miR-4704-3p,hsa_circ_0068656
hsa-miR-4728-5p,hsa_circ_0007680
hsa-miR-4728-5p,hsa_circ_0025801
hsa-miR-4728-5p,hsa_circ_0025819
hsa-miR-4728-5p,hsa_circ_0025820
hsa-miR-4728-5p,hsa_circ_0025827
hsa-miR-4728-5p,hsa_circ_0025831
hsa-miR-7111-3p,hsa_circ_0089785
hsa-miR-3929,hsa_circ_0016162
hsa-miR-3929,hsa_circ_0016165
hsa-miR-4640-5p,hsa_circ_0044504
hsa-miR-6756-5p,hsa_circ_0009564
hsa-miR-1249-5p,hsa_circ_0024264
hsa-miR-1249-5p,hsa_circ_0024265
hsa-miR-612,hsa_circ_0010642
hsa-miR-612,hsa_circ_0010643
hsa-miR-612,hsa_circ_0010644
hsa-miR-612,hsa_circ_0010645
hsa-miR-612,hsa_circ_0010646
hsa-miR-665,hsa_circ_0072808
hsa-miR-665,hsa_circ_0072809
hsa-miR-665,hsa_circ_0072817
hsa-miR-665,hsa_circ_0072819
hsa-miR-665,hsa_circ_0072821
hsa-miR-665,hsa_circ_0072850
hsa-miR-665,hsa_circ_0072851
hsa-miR-612,hsa_circ_0010654
hsa-miR-612,hsa_circ_0010658
hsa-miR-4640-5p,hsa_circ_0065990
hsa-miR-6785-5p,hsa_circ_0032902
hsa-miR-6893-5p,hsa_circ_0020316
hsa-miR-6884-5p,hsa_circ_0019789
hsa-miR-6884-5p,hsa_circ_0019793
hsa-miR-6884-5p,hsa_circ_0019795
hsa-miR-6884-5p,hsa_circ_0019796
hsa-miR-6827-5p,hsa_circ_0010542
hsa-miR-6827-5p,hsa_circ_0010549
hsa-miR-6827-5p,hsa_circ_0010553
hsa-miR-6827-5p,hsa_circ_0010560
hsa-miR-6827-5p,hsa_circ_0010573
hsa-miR-6827-5p,hsa_circ_0010581
hsa-miR-6827-5p,hsa_circ_0010582
hsa-miR-6827-5p,hsa_circ_0010583
hsa-miR-6827-5p,hsa_circ_0010608
hsa-miR-6827-5p,hsa_circ_0010609
hsa-miR-6827-5p,hsa_circ_0010610
hsa-miR-6827-5p,hsa_circ_0010625
hsa-miR-6827-5p,hsa_circ_0010626
hsa-miR-6892-3p,hsa_circ_0005266
hsa-miR-762,hsa_circ_0015199
hsa-miR-762,hsa_circ_0015204
hsa-miR-762,hsa_circ_0015212
hsa-miR-762,hsa_circ_0015213
hsa-miR-762,hsa_circ_0015214
hsa-miR-762,hsa_circ_0015216
hsa-miR-762,hsa_circ_0015217
hsa-miR-762,hsa_circ_0015218
hsa-miR-762,hsa_circ_0015220
hsa-miR-762,hsa_circ_0015221
hsa-miR-762,hsa_circ_0015222
hsa-miR-762,hsa_circ_0015223
hsa-miR-762,hsa_circ_0015224
hsa-miR-762,hsa_circ_0015226
hsa-miR-762,hsa_circ_0015227
hsa-miR-1275,hsa_circ_0004790
hsa-miR-1275,hsa_circ_0007514
hsa-miR-1275,hsa_circ_0008447
hsa-miR-1275,hsa_circ_0031066
hsa-miR-1275,hsa_circ_0031067
hsa-miR-6803-5p,hsa_circ_0050791
hsa-miR-4685-5p,hsa_circ_0062693
hsa-miR-4685-5p,hsa_circ_0062696
hsa-miR-4685-5p,hsa_circ_0062698
hsa-miR-612,hsa_circ_0086859
hsa-miR-612,hsa_circ_0086860
hsa-miR-612,hsa_circ_0086862
hsa-miR-1273h-5p,hsa_circ_0016162
hsa-miR-1273h-5p,hsa_circ_0016165
hsa-miR-4763-3p,hsa_circ_0041951
hsa-miR-4763-3p,hsa_circ_0041952
hsa-miR-5193,hsa_circ_0050838
hsa-miR-6741-5p,hsa_circ_0049111
hsa-miR-6741-5p,hsa_circ_0049112
hsa-miR-6741-5p,hsa_circ_0049113
hsa-miR-6753-5p,hsa_circ_0044539
hsa-miR-4763-3p,hsa_circ_0039128
hsa-miR-4690-3p,hsa_circ_0020280
hsa-miR-5189-5p,hsa_circ_0010549
hsa-miR-5189-5p,hsa_circ_0010553
hsa-miR-1913,hsa_circ_0010549
hsa-miR-1913,hsa_circ_0010553
hsa-miR-1913,hsa_circ_0010559
hsa-miR-1913,hsa_circ_0010560
hsa-miR-1913,hsa_circ_0010573
hsa-miR-1913,hsa_circ_0010574
hsa-miR-1913,hsa_circ_0010581
hsa-miR-1913,hsa_circ_0010582
hsa-miR-1913,hsa_circ_0010583
hsa-miR-1913,hsa_circ_0010599
hsa-miR-1913,hsa_circ_0010600
hsa-miR-1913,hsa_circ_0010601
hsa-miR-1913,hsa_circ_0010602
hsa-miR-1913,hsa_circ_0010603
hsa-miR-1913,hsa_circ_0010604
hsa-miR-1913,hsa_circ_0010605
hsa-miR-1913,hsa_circ_0010606
hsa-miR-1913,hsa_circ_0010607
hsa-miR-1913,hsa_circ_0010608
hsa-miR-1913,hsa_circ_0010609
hsa-miR-1913,hsa_circ_0010610
hsa-miR-1913,hsa_circ_0010623
hsa-miR-1913,hsa_circ_0010624
hsa-miR-1913,hsa_circ_0010625
hsa-miR-1913,hsa_circ_0010626
hsa-miR-1913,hsa_circ_0010633
hsa-miR-1913,hsa_circ_0010641
hsa-miR-1913,hsa_circ_0010642
hsa-miR-1913,hsa_circ_0010643
hsa-miR-1913,hsa_circ_0010644
hsa-miR-1913,hsa_circ_0010645
hsa-miR-1913,hsa_circ_0010646
hsa-miR-1913,hsa_circ_0010647
hsa-miR-1913,hsa_circ_0010648
hsa-miR-1913,hsa_circ_0010649
hsa-miR-1913,hsa_circ_0010650
hsa-miR-1913,hsa_circ_0010654
hsa-miR-1913,hsa_circ_0010657
hsa-miR-1913,hsa_circ_0010658
hsa-miR-1913,hsa_circ_0010662
hsa-miR-1913,hsa_circ_0010663
hsa-miR-1913,hsa_circ_0010664
hsa-miR-1913,hsa_circ_0010668
hsa-miR-1913,hsa_circ_0010669
hsa-miR-1913,hsa_circ_0010670
hsa-miR-1913,hsa_circ_0010671
hsa-miR-1913,hsa_circ_0010672
hsa-miR-1913,hsa_circ_0010677
hsa-miR-4268,hsa_circ_0063079
hsa-miR-4268,hsa_circ_0063080
hsa-miR-4268,hsa_circ_0063081
hsa-miR-4268,hsa_circ_0063095
hsa-miR-4268,hsa_circ_0063097
hsa-miR-4739,hsa_circ_0078794
hsa-miR-4739,hsa_circ_0078812
hsa-miR-4739,hsa_circ_0078883
hsa-miR-4739,hsa_circ_0078968
hsa-miR-5189-5p,hsa_circ_0010583
hsa-miR-5189-5p,hsa_circ_0010607
hsa-miR-5189-5p,hsa_circ_0010608
hsa-miR-5189-5p,hsa_circ_0010609
hsa-miR-5189-5p,hsa_circ_0010610
hsa-miR-5189-5p,hsa_circ_0010624
hsa-miR-5189-5p,hsa_circ_0010625
hsa-miR-5189-5p,hsa_circ_0010626
hsa-miR-4469,hsa_circ_0005266
hsa-miR-5193,hsa_circ_0063075
hsa-miR-5193,hsa_circ_0063076
hsa-miR-5193,hsa_circ_0063077
hsa-miR-5193,hsa_circ_0063078
hsa-miR-5193,hsa_circ_0063079
hsa-miR-5193,hsa_circ_0063080
hsa-miR-5193,hsa_circ_0063081
hsa-miR-5193,hsa_circ_0063082
hsa-miR-5193,hsa_circ_0063083
hsa-miR-5193,hsa_circ_0063084
hsa-miR-5193,hsa_circ_0063085
hsa-miR-615-5p,hsa_circ_0088171
hsa-miR-615-5p,hsa_circ_0088172
hsa-miR-4632-5p,hsa_circ_0082878
hsa-miR-5001-5p,hsa_circ_0039087
hsa-miR-5001-5p,hsa_circ_0039090
hsa-miR-637,hsa_circ_0089428
hsa-miR-637,hsa_circ_0089433
hsa-miR-6876-3p,hsa_circ_0089792
hsa-miR-762,hsa_circ_0051279
hsa-miR-762,hsa_circ_0051285
hsa-miR-5088-3p,hsa_circ_0011308
hsa-miR-5088-3p,hsa_circ_0011309
hsa-miR-3661,hsa_circ_0010542
hsa-miR-4530,hsa_circ_0081085
hsa-miR-4530,hsa_circ_0081095
hsa-miR-4530,hsa_circ_0081107
hsa-miR-661,hsa_circ_0060071
hsa-miR-661,hsa_circ_0060073
hsa-miR-661,hsa_circ_0060075
hsa-miR-1249-5p,hsa_circ_0069071
hsa-miR-1273h-5p,hsa_circ_0038032
hsa-miR-4726-5p,hsa_circ_0044553
hsa-miR-4726-5p,hsa_circ_0044559
hsa-miR-4726-5p,hsa_circ_0044560
hsa-miR-4726-5p,hsa_circ_0089461
hsa-miR-637,hsa_circ_0019896
hsa-miR-637,hsa_circ_0019897
hsa-miR-637,hsa_circ_0019898
hsa-miR-637,hsa_circ_0019899
hsa-miR-637,hsa_circ_0019900
hsa-miR-637,hsa_circ_0019901
hsa-miR-637,hsa_circ_0019902
hsa-miR-637,hsa_circ_0019903
hsa-miR-637,hsa_circ_0019914
hsa-miR-1226-5p,hsa_circ_0037448
hsa-miR-1226-5p,hsa_circ_0037451
hsa-miR-1226-5p,hsa_circ_0037453
hsa-miR-1273h-5p,hsa_circ_0078998
hsa-miR-1273h-5p,hsa_circ_0078999
hsa-miR-1285-3p,hsa_circ_0072824
hsa-miR-6884-5p,hsa_circ_0063516
hsa-miR-6884-5p,hsa_circ_0063533
hsa-miR-1273h-5p,hsa_circ_0027022
hsa-miR-329-3p,hsa_circ_0007805
hsa-miR-3613-3p,hsa_circ_0038898
hsa-miR-3661,hsa_circ_0010574
hsa-miR-3661,hsa_circ_0010608
hsa-miR-3661,hsa_circ_0010609
hsa-miR-3661,hsa_circ_0010610
hsa-miR-3661,hsa_circ_0010625
hsa-miR-3661,hsa_circ_0010626
hsa-miR-3661,hsa_circ_0010649
hsa-miR-3661,hsa_circ_0010650
hsa-miR-3661,hsa_circ_0010664
hsa-miR-3925-3p,hsa_circ_0049140
hsa-miR-4530,hsa_circ_0081129
hsa-miR-4530,hsa_circ_0081135
hsa-miR-4530,hsa_circ_0081143
hsa-miR-6802-3p,hsa_circ_0079155
hsa-miR-3064-3p,hsa_circ_0052108
hsa-miR-6797-5p,hsa_circ_0010420
hsa-miR-6803-5p,hsa_circ_0002172
hsa-miR-6803-5p,hsa_circ_0089776
hsa-miR-6881-3p,hsa_circ_0077309
hsa-miR-6881-3p,hsa_circ_0077310
hsa-miR-6881-3p,hsa_circ_0077314
hsa-miR-1199-5p,hsa_circ_0020280
hsa-miR-181a-5p,hsa_circ_0073783
hsa-miR-181a-5p,hsa_circ_0073784
hsa-miR-181a-5p,hsa_circ_0073785
hsa-miR-4530,hsa_circ_0081123
hsa-miR-4640-5p,hsa_circ_0081062
hsa-miR-4685-5p,hsa_circ_0058374
hsa-miR-4726-5p,hsa_circ_0044537
hsa-miR-6836-5p,hsa_circ_0061080
hsa-miR-4728-5p,hsa_circ_0041089
hsa-miR-4728-5p,hsa_circ_0041099
hsa-miR-4728-5p,hsa_circ_0041116
hsa-miR-6873-3p,hsa_circ_0078794
hsa-miR-6873-3p,hsa_circ_0078812
hsa-miR-6873-3p,hsa_circ_0078968
hsa-miR-3187-5p,hsa_circ_0086858
hsa-miR-3187-5p,hsa_circ_0086859
hsa-miR-3187-5p,hsa_circ_0086860
hsa-miR-3187-5p,hsa_circ_0086862
hsa-miR-3681-3p,hsa_circ_0071667
hsa-miR-3913-3p,hsa_circ_0061535
hsa-miR-3913-3p,hsa_circ_0061536
hsa-miR-3913-3p,hsa_circ_0061537
hsa-miR-449b-3p,hsa_circ_0020280
hsa-miR-619-5p,hsa_circ_0015946
hsa-miR-637,hsa_circ_0065407
hsa-miR-6722-3p,hsa_circ_0089548
hsa-miR-6873-3p,hsa_circ_0005266
hsa-miR-4726-5p,hsa_circ_0081146
hsa-miR-4751,hsa_circ_0057363
hsa-miR-6756-5p,hsa_circ_0039075
hsa-miR-6756-5p,hsa_circ_0039087
hsa-miR-6756-5p,hsa_circ_0039090
hsa-miR-3159,hsa_circ_0081678
hsa-miR-4269,hsa_circ_0089792
hsa-miR-4640-5p,hsa_circ_0044537
hsa-miR-4691-5p,hsa_circ_0063089
hsa-miR-4691-5p,hsa_circ_0063094
hsa-miR-4691-5p,hsa_circ_0063095
hsa-miR-4691-5p,hsa_circ_0063097
hsa-miR-4691-5p,hsa_circ_0063098
hsa-miR-4751,hsa_circ_0057348
hsa-miR-4751,hsa_circ_0057354
hsa-miR-4751,hsa_circ_0057355
hsa-miR-663b,hsa_circ_0020280
hsa-miR-7110-5p,hsa_circ_0050799
hsa-miR-1273h-5p,hsa_circ_0042176
hsa-miR-1273h-5p,hsa_circ_0042177
hsa-miR-1273h-5p,hsa_circ_0042178
hsa-miR-149-3p,hsa_circ_0007680
hsa-miR-149-3p,hsa_circ_0025801
hsa-miR-149-3p,hsa_circ_0025819
hsa-miR-149-3p,hsa_circ_0025820
hsa-miR-149-3p,hsa_circ_0025827
hsa-miR-149-3p,hsa_circ_0025831
hsa-miR-4685-3p,hsa_circ_0011303
hsa-miR-4726-5p,hsa_circ_0081061
hsa-miR-5787,hsa_circ_0039097
hsa-miR-637,hsa_circ_0065400
hsa-miR-637,hsa_circ_0065402
hsa-miR-6731-5p,hsa_circ_0020280
hsa-miR-6756-5p,hsa_circ_0051285
hsa-miR-1224-3p,hsa_circ_0001731
hsa-miR-3929,hsa_circ_0039972
hsa-miR-5787,hsa_circ_0078794
hsa-miR-5787,hsa_circ_0078812
hsa-miR-5787,hsa_circ_0078968
hsa-miR-6884-5p,hsa_circ_0050102
hsa-miR-4530,hsa_circ_0044538
hsa-miR-6721-5p,hsa_circ_0089547
hsa-miR-6867-5p,hsa_circ_0089837
hsa-miR-6867-5p,hsa_circ_0089839
hsa-miR-214-3p,hsa_circ_0040861
hsa-miR-214-3p,hsa_circ_0040867
hsa-miR-4640-5p,hsa_circ_0044540
hsa-miR-4640-5p,hsa_circ_0044541
hsa-miR-6848-5p,hsa_circ_0026092
hsa-miR-6848-5p,hsa_circ_0026093
hsa-miR-6848-5p,hsa_circ_0026097
hsa-miR-328-5p,hsa_circ_0041951
hsa-miR-3613-3p,hsa_circ_0010786
hsa-miR-3613-3p,hsa_circ_0010787
hsa-miR-4726-5p,hsa_circ_0057345
hsa-miR-4726-5p,hsa_circ_0057349
hsa-miR-4763-3p,hsa_circ_0009400
hsa-miR-574-5p,hsa_circ_0020792
hsa-miR-6511a-5p,hsa_circ_0080692
hsa-miR-661,hsa_circ_0010572
hsa-miR-661,hsa_circ_0010622
hsa-miR-6886-3p,hsa_circ_0011303
hsa-miR-4530,hsa_circ_0081151
hsa-miR-4640-5p,hsa_circ_0065399
hsa-miR-637,hsa_circ_0029292
hsa-miR-637,hsa_circ_0029294
hsa-miR-637,hsa_circ_0029296
hsa-miR-637,hsa_circ_0029297
hsa-miR-637,hsa_circ_0029298
hsa-miR-6840-3p,hsa_circ_0072808
hsa-miR-6840-3p,hsa_circ_0072809
hsa-miR-6840-3p,hsa_circ_0072817
hsa-miR-6840-3p,hsa_circ_0072819
hsa-miR-6840-3p,hsa_circ_0072821
hsa-miR-6840-3p,hsa_circ_0072850
hsa-miR-6840-3p,hsa_circ_0072851
hsa-miR-6860,hsa_circ_0010649
hsa-miR-6860,hsa_circ_0010650
hsa-miR-7160-5p,hsa_circ_0015199
hsa-miR-7160-5p,hsa_circ_0015204
hsa-miR-7160-5p,hsa_circ_0015212
hsa-miR-7160-5p,hsa_circ_0015213
hsa-miR-7160-5p,hsa_circ_0015214
hsa-miR-7160-5p,hsa_circ_0015216
hsa-miR-7160-5p,hsa_circ_0015217
hsa-miR-7160-5p,hsa_circ_0015218
hsa-miR-7160-5p,hsa_circ_0015220
hsa-miR-7160-5p,hsa_circ_0015221
hsa-miR-7160-5p,hsa_circ_0015222
hsa-miR-7160-5p,hsa_circ_0015223
hsa-miR-3929,hsa_circ_0006648
hsa-miR-4640-5p,hsa_circ_0081090
hsa-miR-4640-5p,hsa_circ_0081096
hsa-miR-4726-5p,hsa_circ_0081130
hsa-miR-5685,hsa_circ_0020280
hsa-miR-661,hsa_circ_0010654
hsa-miR-661,hsa_circ_0010657
hsa-miR-661,hsa_circ_0010662
hsa-miR-661,hsa_circ_0010663
hsa-miR-661,hsa_circ_0010668
hsa-miR-661,hsa_circ_0010669
hsa-miR-661,hsa_circ_0010670
hsa-miR-661,hsa_circ_0010671
hsa-miR-661,hsa_circ_0010672
hsa-miR-1184,hsa_circ_0086855
hsa-miR-1184,hsa_circ_0086856
hsa-miR-1184,hsa_circ_0086857
hsa-miR-1184,hsa_circ_0086858
hsa-miR-1184,hsa_circ_0086859
hsa-miR-1184,hsa_circ_0086860
hsa-miR-4530,hsa_circ_0044505
hsa-miR-4530,hsa_circ_0044514
hsa-miR-615-5p,hsa_circ_0065416
hsa-miR-637,hsa_circ_0065420
hsa-miR-6751-5p,hsa_circ_0050799
hsa-miR-6757-5p,hsa_circ_0000726
hsa-miR-6757-5p,hsa_circ_0004566
hsa-miR-6802-3p,hsa_circ_0068656
hsa-miR-6803-5p,hsa_circ_0050631
hsa-miR-3192-5p,hsa_circ_0063516
hsa-miR-3192-5p,hsa_circ_0063533
hsa-miR-6836-5p,hsa_circ_0044509
hsa-miR-6836-5p,hsa_circ_0044518
hsa-miR-6836-5p,hsa_circ_0044520
hsa-miR-6836-5p,hsa_circ_0044526
hsa-miR-1249-5p,hsa_circ_0026923
hsa-miR-1249-5p,hsa_circ_0026924
hsa-miR-1249-5p,hsa_circ_0026925
hsa-miR-1249-5p,hsa_circ_0026926
hsa-miR-1249-5p,hsa_circ_0026927
hsa-miR-1249-5p,hsa_circ_0026928
hsa-miR-1249-5p,hsa_circ_0026929
hsa-miR-23b-3p,hsa_circ_0050314
hsa-miR-3613-3p,hsa_circ_0006177
hsa-miR-4476,hsa_circ_0024265
hsa-miR-4728-5p,hsa_circ_0026923
hsa-miR-4728-5p,hsa_circ_0026924
hsa-miR-4728-5p,hsa_circ_0026925
hsa-miR-4763-3p,hsa_circ_0010583
hsa-miR-6132,hsa_circ_0044510
hsa-miR-6132,hsa_circ_0044511
hsa-miR-6132,hsa_circ_0044512
hsa-miR-6132,hsa_circ_0044519
hsa-miR-6132,hsa_circ_0044522
hsa-miR-6132,hsa_circ_0044524
hsa-miR-6132,hsa_circ_0044528
hsa-miR-6132,hsa_circ_0044535
hsa-miR-6132,hsa_circ_0044536
hsa-miR-6132,hsa_circ_0044539
hsa-miR-6860,hsa_circ_0010542
hsa-miR-6860,hsa_circ_0010549
hsa-miR-6860,hsa_circ_0010553
hsa-miR-6860,hsa_circ_0010560
hsa-miR-6860,hsa_circ_0010573
hsa-miR-6860,hsa_circ_0010581
hsa-miR-6860,hsa_circ_0010582
hsa-miR-6860,hsa_circ_0010601
hsa-miR-6860,hsa_circ_0010602
hsa-miR-6860,hsa_circ_0010603
hsa-miR-6860,hsa_circ_0010604
hsa-miR-6860,hsa_circ_0010605
hsa-miR-6860,hsa_circ_0010606
hsa-miR-6860,hsa_circ_0010623
hsa-miR-6884-5p,hsa_circ_0016162
hsa-miR-6884-5p,hsa_circ_0016165
hsa-miR-4530,hsa_circ_0044547
hsa-miR-4753-3p,hsa_circ_0091437
hsa-miR-661,hsa_circ_0085899
hsa-miR-661,hsa_circ_0085900
hsa-miR-942-5p,hsa_circ_0040923
hsa-miR-3613-3p,hsa_circ_0080029
hsa-miR-3619-5p,hsa_circ_0033251
hsa-miR-4530,hsa_circ_0081155
hsa-miR-6818-5p,hsa_circ_0000726
hsa-miR-6818-5p,hsa_circ_0004566
hsa-miR-3064-3p,hsa_circ_0052110
hsa-miR-328-5p,hsa_circ_0026102
hsa-miR-328-5p,hsa_circ_0026103
hsa-miR-328-5p,hsa_circ_0026104
hsa-miR-328-5p,hsa_circ_0026106
hsa-miR-328-5p,hsa_circ_0026107
hsa-miR-328-5p,hsa_circ_0026108
hsa-miR-4691-5p,hsa_circ_0066014
hsa-miR-6790-5p,hsa_circ_0059689
hsa-miR-6809-3p,hsa_circ_0046914
hsa-miR-6809-3p,hsa_circ_0046917
hsa-miR-6809-3p,hsa_circ_0046918
hsa-miR-6809-3p,hsa_circ_0046919
hsa-miR-6809-3p,hsa_circ_0046920
hsa-miR-6809-3p,hsa_circ_0046922
hsa-miR-6884-5p,hsa_circ_0015220
hsa-miR-3613-3p,hsa_circ_0061235
hsa-miR-4763-3p,hsa_circ_0010608
hsa-miR-4763-3p,hsa_circ_0010624
hsa-miR-485-5p,hsa_circ_0043314
hsa-miR-619-5p,hsa_circ_0073877
hsa-miR-6836-5p,hsa_circ_0044528
hsa-miR-6836-5p,hsa_circ_0044529
hsa-miR-6836-5p,hsa_circ_0044535
hsa-miR-6836-5p,hsa_circ_0044536
hsa-miR-6836-5p,hsa_circ_0044539
hsa-miR-1303,hsa_circ_0038605
hsa-miR-3620-5p,hsa_circ_0039097
hsa-miR-4763-3p,hsa_circ_0010664
hsa-miR-637,hsa_circ_0065414
hsa-miR-6803-5p,hsa_circ_0050086
hsa-miR-6879-5p,hsa_circ_0082878
hsa-miR-6879-5p,hsa_circ_0082879
hsa-miR-1184,hsa_circ_0063076
hsa-miR-1184,hsa_circ_0063077
hsa-miR-1184,hsa_circ_0063078
hsa-miR-1184,hsa_circ_0063086
hsa-miR-1184,hsa_circ_0063089
hsa-miR-1184,hsa_circ_0063094
hsa-miR-1184,hsa_circ_0063097
hsa-miR-1184,hsa_circ_0063098
hsa-miR-1184,hsa_circ_0063102
hsa-miR-1184,hsa_circ_0063103
hsa-miR-1184,hsa_circ_0063105
hsa-miR-190a-3p,hsa_circ_0007950
hsa-miR-30b-3p,hsa_circ_0037987
hsa-miR-4685-3p,hsa_circ_0065408
hsa-miR-661,hsa_circ_0001666
hsa-miR-661,hsa_circ_0078767
hsa-miR-661,hsa_circ_0078768
hsa-miR-661,hsa_circ_0078769
hsa-miR-661,hsa_circ_0078770
hsa-miR-661,hsa_circ_0078771
hsa-miR-3929,hsa_circ_0044246
hsa-miR-4640-5p,hsa_circ_0089428
hsa-miR-4640-5p,hsa_circ_0089433
hsa-miR-4644,hsa_circ_0050318
hsa-miR-6754-5p,hsa_circ_0048698
hsa-miR-6754-5p,hsa_circ_0048709
hsa-miR-939-3p,hsa_circ_0010560
hsa-miR-939-3p,hsa_circ_0010582
hsa-miR-939-3p,hsa_circ_0010601
hsa-miR-939-3p,hsa_circ_0010602
hsa-miR-1343-3p,hsa_circ_0030863
hsa-miR-1343-3p,hsa_circ_0030873
hsa-miR-138-5p,hsa_circ_0049113
hsa-miR-3619-5p,hsa_circ_0022870
hsa-miR-4763-3p,hsa_circ_0089703
hsa-miR-5001-5p,hsa_circ_0013869
hsa-miR-6780a-5p,hsa_circ_0038404
hsa-miR-6798-5p,hsa_circ_0044520
hsa-miR-6799-5p,hsa_circ_0031813
hsa-miR-6867-5p,hsa_circ_0000726
hsa-miR-6867-5p,hsa_circ_0004566
hsa-miR-939-3p,hsa_circ_0010645
hsa-miR-939-3p,hsa_circ_0010646
hsa-miR-939-3p,hsa_circ_0010657
hsa-miR-939-3p,hsa_circ_0010671
hsa-miR-939-3p,hsa_circ_0074447
hsa-miR-939-3p,hsa_circ_0074448
hsa-miR-939-3p,hsa_circ_0074449
hsa-miR-939-3p,hsa_circ_0074450
hsa-miR-939-3p,hsa_circ_0074451
hsa-miR-939-3p,hsa_circ_0074452
hsa-miR-939-3p,hsa_circ_0074453
hsa-miR-6762-5p,hsa_circ_0044512
hsa-miR-6867-3p,hsa_circ_0065399
hsa-miR-6867-3p,hsa_circ_0065400
hsa-miR-6867-3p,hsa_circ_0065401
hsa-miR-6867-3p,hsa_circ_0065402
hsa-miR-6867-3p,hsa_circ_0065403
hsa-miR-6867-3p,hsa_circ_0065404
hsa-miR-6884-5p,hsa_circ_0015226
hsa-miR-6884-5p,hsa_circ_0015227
hsa-miR-126-5p,hsa_circ_0079533
hsa-miR-6753-5p,hsa_circ_0044507
hsa-miR-6753-5p,hsa_circ_0044508
hsa-miR-6753-5p,hsa_circ_0044515
hsa-miR-6753-5p,hsa_circ_0044516
hsa-miR-6798-5p,hsa_circ_0044515
hsa-miR-6798-5p,hsa_circ_0044516
hsa-miR-4726-5p,hsa_circ_0081122
hsa-miR-5001-5p,hsa_circ_0082879
hsa-miR-1909-3p,hsa_circ_0082878
hsa-miR-214-3p,hsa_circ_0081116
hsa-miR-214-3p,hsa_circ_0081120
hsa-miR-214-3p,hsa_circ_0081125
hsa-miR-214-3p,hsa_circ_0081130
hsa-miR-214-3p,hsa_circ_0081131
hsa-miR-214-3p,hsa_circ_0081136
hsa-miR-4651,hsa_circ_0039097
hsa-miR-8485,hsa_circ_0050973
hsa-miR-1273h-5p,hsa_circ_0004454
hsa-miR-4753-3p,hsa_circ_0066962
hsa-miR-4753-3p,hsa_circ_0066963
hsa-miR-6849-3p,hsa_circ_0041843
hsa-miR-30b-3p,hsa_circ_0041843
hsa-miR-665,hsa_circ_0057363
hsa-miR-1286,hsa_circ_0081120
hsa-miR-1286,hsa_circ_0081125
hsa-miR-1286,hsa_circ_0081130
hsa-miR-1286,hsa_circ_0081131
hsa-miR-1286,hsa_circ_0081136
hsa-miR-4651,hsa_circ_0051922
hsa-miR-4733-3p,hsa_circ_0081096
hsa-miR-665,hsa_circ_0057348
hsa-miR-665,hsa_circ_0057354
hsa-miR-665,hsa_circ_0057355
hsa-miR-6887-5p,hsa_circ_0002172
hsa-miR-6887-5p,hsa_circ_0089776
hsa-miR-1303,hsa_circ_0006293
hsa-miR-3187-5p,hsa_circ_0010572
hsa-miR-4462,hsa_circ_0000726
hsa-miR-4462,hsa_circ_0004566
hsa-miR-4731-5p,hsa_circ_0039097
hsa-miR-5001-5p,hsa_circ_0082878
hsa-miR-1247-5p,hsa_circ_0002172
hsa-miR-1247-5p,hsa_circ_0089776
hsa-miR-199b-5p,hsa_circ_0052316
hsa-miR-6736-3p,hsa_circ_0052003
hsa-miR-6825-5p,hsa_circ_0041864
hsa-miR-6825-5p,hsa_circ_0041876
hsa-miR-6825-5p,hsa_circ_0041881
hsa-miR-6825-5p,hsa_circ_0041887
hsa-miR-6825-5p,hsa_circ_0041888
hsa-miR-6825-5p,hsa_circ_0041890
hsa-miR-6825-5p,hsa_circ_0041891
hsa-miR-6846-5p,hsa_circ_0039097
hsa-miR-1277-5p,hsa_circ_0066904
hsa-miR-214-3p,hsa_circ_0044539
hsa-miR-3187-5p,hsa_circ_0082877
hsa-miR-378h,hsa_circ_0048499
hsa-miR-3929,hsa_circ_0063533
hsa-miR-4691-5p,hsa_circ_0013869
hsa-miR-6861-3p,hsa_circ_0020280
hsa-miR-1343-3p,hsa_circ_0020280
hsa-miR-3192-5p,hsa_circ_0061535
hsa-miR-3192-5p,hsa_circ_0061536
hsa-miR-3192-5p,hsa_circ_0061537
hsa-miR-4659a-3p,hsa_circ_0057223
hsa-miR-619-5p,hsa_circ_0003384
hsa-miR-1207-5p,hsa_circ_0089547
hsa-miR-1301-3p,hsa_circ_0085900
hsa-miR-1827,hsa_circ_0044246
hsa-miR-24-3p,hsa_circ_0049106
hsa-miR-30b-3p,hsa_circ_0059143
hsa-miR-3187-5p,hsa_circ_0010641
hsa-miR-3619-3p,hsa_circ_0000726
hsa-miR-3619-3p,hsa_circ_0004566
hsa-miR-619-5p,hsa_circ_0017040
hsa-miR-6801-3p,hsa_circ_0079155
hsa-miR-210-3p,hsa_circ_0020792
hsa-miR-450a-1-3p,hsa_circ_0001666
hsa-miR-450a-1-3p,hsa_circ_0078767
hsa-miR-450a-1-3p,hsa_circ_0078768
hsa-miR-450a-1-3p,hsa_circ_0078769
hsa-miR-450a-1-3p,hsa_circ_0078770
hsa-miR-450a-1-3p,hsa_circ_0078771
hsa-miR-2861,hsa_circ_0010582
hsa-miR-2861,hsa_circ_0010583
hsa-miR-2861,hsa_circ_0010603
hsa-miR-2861,hsa_circ_0010604
hsa-miR-2861,hsa_circ_0010605
hsa-miR-2861,hsa_circ_0010606
hsa-miR-2861,hsa_circ_0010607
hsa-miR-2861,hsa_circ_0010623
hsa-miR-2861,hsa_circ_0010624
hsa-miR-3202,hsa_circ_0038445
hsa-miR-6736-5p,hsa_circ_0049109
hsa-miR-6736-5p,hsa_circ_0049110
hsa-miR-6736-5p,hsa_circ_0049113
hsa-miR-2861,hsa_circ_0010559
hsa-miR-2861,hsa_circ_0010560
hsa-miR-2861,hsa_circ_0010573
hsa-miR-2861,hsa_circ_0010649
hsa-miR-2861,hsa_circ_0010650
hsa-miR-4659b-3p,hsa_circ_0057223
hsa-miR-637,hsa_circ_0074522
hsa-miR-29b-3p,hsa_circ_0044527
hsa-miR-29b-3p,hsa_circ_0044528
hsa-miR-30c-1-3p,hsa_circ_0041891
hsa-miR-6085,hsa_circ_0069071
hsa-miR-665,hsa_circ_0081111
hsa-miR-665,hsa_circ_0081116
hsa-miR-6746-3p,hsa_circ_0085899
hsa-miR-6746-3p,hsa_circ_0085900
hsa-miR-7160-5p,hsa_circ_0046560
hsa-miR-942-5p,hsa_circ_0055230
hsa-miR-942-5p,hsa_circ_0055233
hsa-miR-942-5p,hsa_circ_0055235
hsa-miR-942-5p,hsa_circ_0055236
hsa-miR-942-5p,hsa_circ_0055237
hsa-miR-942-5p,hsa_circ_0055239
hsa-miR-1285-3p,hsa_circ_0027022
hsa-miR-6751-5p,hsa_circ_0080668
hsa-miR-1184,hsa_circ_0060070
hsa-miR-1184,hsa_circ_0060071
hsa-miR-1827,hsa_circ_0056703
hsa-miR-4763-3p,hsa_circ_0051048
hsa-miR-6077,hsa_circ_0020490
hsa-miR-6772-5p,hsa_circ_0049109
hsa-miR-6772-5p,hsa_circ_0049110
hsa-miR-6772-5p,hsa_circ_0049113
hsa-miR-6797-5p,hsa_circ_0031813
hsa-miR-6868-3p,hsa_circ_0060070
hsa-miR-6868-3p,hsa_circ_0060071
hsa-miR-6868-3p,hsa_circ_0060073
hsa-miR-6868-3p,hsa_circ_0060075
hsa-miR-29b-3p,hsa_circ_0044509
hsa-miR-29b-3p,hsa_circ_0044520
hsa-miR-4713-3p,hsa_circ_0048844
hsa-miR-939-3p,hsa_circ_0085899
hsa-miR-939-3p,hsa_circ_0085900
hsa-miR-27a-3p,hsa_circ_0071667
hsa-miR-3187-5p,hsa_circ_0010657
hsa-miR-3187-5p,hsa_circ_0010670
hsa-miR-3187-5p,hsa_circ_0010671
hsa-miR-3187-5p,hsa_circ_0010677
hsa-miR-665,hsa_circ_0081090
hsa-miR-665,hsa_circ_0081096
hsa-miR-3130-3p,hsa_circ_0006799
hsa-miR-3130-3p,hsa_circ_0045787
hsa-miR-3130-3p,hsa_circ_0045789
hsa-miR-3187-5p,hsa_circ_0010691
hsa-miR-328-5p,hsa_circ_0051285
hsa-miR-4728-5p,hsa_circ_0049667
hsa-miR-4728-5p,hsa_circ_0049668
hsa-miR-1286,hsa_circ_0081085
hsa-miR-1286,hsa_circ_0081095
hsa-miR-1286,hsa_circ_0081102
hsa-miR-1286,hsa_circ_0081110
hsa-miR-1286,hsa_circ_0081114
hsa-miR-1976,hsa_circ_0014209
hsa-miR-1976,hsa_circ_0014210
hsa-miR-362-3p,hsa_circ_0007805
hsa-miR-4529-5p,hsa_circ_0000726
hsa-miR-4529-5p,hsa_circ_0004566
hsa-miR-4656,hsa_circ_0043314
hsa-miR-4733-3p,hsa_circ_0044547
hsa-miR-6849-3p,hsa_circ_0006177
hsa-miR-4506,hsa_circ_0020280
hsa-miR-1277-5p,hsa_circ_0007346
hsa-miR-1295b-5p,hsa_circ_0046560
hsa-miR-4789-3p,hsa_circ_0041122
hsa-miR-1827,hsa_circ_0065388
hsa-miR-1299,hsa_circ_0020490
hsa-miR-27b-3p,hsa_circ_0071667
hsa-miR-619-5p,hsa_circ_0008161
hsa-miR-1236-3p,hsa_circ_0013869
hsa-miR-1236-3p,hsa_circ_0013874
hsa-miR-130b-5p,hsa_circ_0030189
hsa-miR-214-3p,hsa_circ_0044507
hsa-miR-214-3p,hsa_circ_0044508
hsa-miR-2861,hsa_circ_0019894
hsa-miR-2861,hsa_circ_0019895
hsa-miR-4691-3p,hsa_circ_0020280
hsa-miR-490-3p,hsa_circ_0013876
hsa-miR-619-5p,hsa_circ_0051585
hsa-miR-6722-3p,hsa_circ_0026092
hsa-miR-6722-3p,hsa_circ_0026093
hsa-miR-6722-3p,hsa_circ_0026097
hsa-miR-6879-5p,hsa_circ_0037997
hsa-miR-937-5p,hsa_circ_0004566
hsa-miR-450b-3p,hsa_circ_0000726
hsa-miR-450b-3p,hsa_circ_0004566
hsa-miR-4713-3p,hsa_circ_0079070
hsa-miR-3619-5p,hsa_circ_0044527
hsa-miR-3619-5p,hsa_circ_0044528
hsa-miR-3619-5p,hsa_circ_0044529
hsa-miR-3619-5p,hsa_circ_0044534
hsa-miR-3619-5p,hsa_circ_0044535
hsa-miR-3619-5p,hsa_circ_0044536
hsa-miR-3619-5p,hsa_circ_0044539
hsa-miR-4728-5p,hsa_circ_0031813
hsa-miR-4733-3p,hsa_circ_0044552
hsa-miR-4733-3p,hsa_circ_0044553
hsa-miR-4733-3p,hsa_circ_0044555
hsa-miR-661,hsa_circ_0065401
hsa-miR-661,hsa_circ_0065404
hsa-miR-6879-3p,hsa_circ_0068656
hsa-miR-3619-5p,hsa_circ_0044517
hsa-miR-3619-5p,hsa_circ_0044521
hsa-miR-3619-5p,hsa_circ_0044523
hsa-miR-6736-3p,hsa_circ_0060070
hsa-miR-6736-3p,hsa_circ_0060071
hsa-miR-6736-3p,hsa_circ_0060073
hsa-miR-6736-3p,hsa_circ_0060075
hsa-miR-1277-5p,hsa_circ_0006940
hsa-miR-3171,hsa_circ_0089771
hsa-miR-486-3p,hsa_circ_0082879
hsa-miR-6849-3p,hsa_circ_0078998
hsa-miR-6849-3p,hsa_circ_0078999
hsa-miR-661,hsa_circ_0074447
hsa-miR-661,hsa_circ_0074448
hsa-miR-661,hsa_circ_0074449
hsa-miR-661,hsa_circ_0074450
hsa-miR-661,hsa_circ_0074451
hsa-miR-661,hsa_circ_0074452
hsa-miR-661,hsa_circ_0074453
hsa-miR-128-3p,hsa_circ_0071667
hsa-miR-3667-3p,hsa_circ_0013870
hsa-miR-3667-3p,hsa_circ_0013871
hsa-miR-6822-3p,hsa_circ_0013870
hsa-miR-6822-3p,hsa_circ_0013871
hsa-miR-6849-3p,hsa_circ_0016162
hsa-miR-6849-3p,hsa_circ_0016165
hsa-miR-297,hsa_circ_0005266
hsa-miR-4784,hsa_circ_0039600
hsa-miR-4784,hsa_circ_0039603
hsa-miR-4784,hsa_circ_0039604
hsa-miR-4784,hsa_circ_0039605
hsa-miR-4784,hsa_circ_0039606
hsa-miR-2861,hsa_circ_0017198
hsa-miR-326,hsa_circ_0014209
hsa-miR-326,hsa_circ_0014210
hsa-miR-6867-5p,hsa_circ_0051235
hsa-miR-6867-5p,hsa_circ_0051236
hsa-miR-6867-5p,hsa_circ_0051237
hsa-miR-6867-5p,hsa_circ_0051238
hsa-miR-6867-5p,hsa_circ_0051239
hsa-miR-6895-5p,hsa_circ_0044543
hsa-miR-6895-5p,hsa_circ_0044549
hsa-miR-6849-3p,hsa_circ_0023418
hsa-miR-6849-3p,hsa_circ_0023419
hsa-miR-619-5p,hsa_circ_0039780
hsa-miR-181d-5p,hsa_circ_0035151
hsa-miR-181d-5p,hsa_circ_0035153
hsa-miR-6803-5p,hsa_circ_0038445
hsa-miR-3651,hsa_circ_0020280
hsa-miR-3960,hsa_circ_0091699
hsa-miR-6895-5p,hsa_circ_0044517
hsa-miR-8085,hsa_circ_0039600
hsa-miR-8085,hsa_circ_0039603
hsa-miR-8085,hsa_circ_0039604
hsa-miR-8085,hsa_circ_0039605
hsa-miR-8085,hsa_circ_0039606
hsa-miR-135b-3p,hsa_circ_0013869
hsa-miR-219a-1-3p,hsa_circ_0013869
hsa-miR-3155a,hsa_circ_0013870
hsa-miR-3155a,hsa_circ_0013871
hsa-miR-3155b,hsa_circ_0013870
hsa-miR-3155b,hsa_circ_0013871
hsa-miR-125a-5p,hsa_circ_0000254
hsa-miR-1285-3p,hsa_circ_0044246
hsa-miR-3925-3p,hsa_circ_0050271
hsa-miR-619-5p,hsa_circ_0008067
hsa-miR-6500-3p,hsa_circ_0052104
hsa-miR-1285-3p,hsa_circ_0043314
hsa-miR-3925-3p,hsa_circ_0050307
hsa-miR-3925-3p,hsa_circ_0050308
hsa-miR-619-5p,hsa_circ_0081673
hsa-miR-619-5p,hsa_circ_0060481
hsa-miR-1285-3p,hsa_circ_0049494
hsa-miR-1285-3p,hsa_circ_0038898
hsa-miR-3194-3p,hsa_circ_0013870
hsa-miR-3194-3p,hsa_circ_0013871
hsa-miR-4745-3p,hsa_circ_0020280
hsa-miR-5196-5p,hsa_circ_0038404
hsa-miR-7110-5p,hsa_circ_0038445
hsa-miR-5688,hsa_circ_0006648
hsa-miR-7161-3p,hsa_circ_0029351
hsa-miR-7161-3p,hsa_circ_0029353
hsa-miR-181b-5p,hsa_circ_0035156
hsa-miR-4685-5p,hsa_circ_0049116
hsa-miR-4685-5p,hsa_circ_0049120
hsa-miR-1249-5p,hsa_circ_0031813
hsa-miR-1277-5p,hsa_circ_0005554
hsa-miR-3925-3p,hsa_circ_0050775
hsa-miR-6882-3p,hsa_circ_0052003
hsa-miR-181b-5p,hsa_circ_0073792
hsa-miR-3667-3p,hsa_circ_0029351
hsa-miR-3667-3p,hsa_circ_0029353
hsa-miR-4787-5p,hsa_circ_0051922
hsa-miR-765,hsa_circ_0084793
hsa-miR-765,hsa_circ_0084794
hsa-miR-4685-5p,hsa_circ_0049104
hsa-miR-6785-5p,hsa_circ_0037999
hsa-miR-619-5p,hsa_circ_0000939
hsa-miR-1277-5p,hsa_circ_0002777
hsa-miR-762,hsa_circ_0048499
hsa-miR-1277-5p,hsa_circ_0091667
hsa-miR-3925-3p,hsa_circ_0049507
hsa-miR-6752-5p,hsa_circ_0050799
hsa-miR-1273h-5p,hsa_circ_0052935
hsa-miR-5193,hsa_circ_0066036
hsa-miR-5193,hsa_circ_0066046
hsa-miR-6797-5p,hsa_circ_0058914
hsa-miR-7109-3p,hsa_circ_0059186
hsa-miR-6839-3p,hsa_circ_0013876
hsa-miR-6870-3p,hsa_circ_0013874
hsa-miR-1277-5p,hsa_circ_0092179
hsa-miR-1304-3p,hsa_circ_0077011
hsa-miR-6878-3p,hsa_circ_0016773
hsa-miR-6878-3p,hsa_circ_0016775
hsa-miR-6878-3p,hsa_circ_0016776
hsa-miR-3925-3p,hsa_circ_0052121
hsa-miR-6833-3p,hsa_circ_0041734
hsa-miR-190a-3p,hsa_circ_0002777
hsa-miR-877-3p,hsa_circ_0041570
hsa-miR-877-3p,hsa_circ_0041571
hsa-miR-877-3p,hsa_circ_0041572
hsa-miR-877-3p,hsa_circ_0041573
hsa-miR-877-3p,hsa_circ_0041574
hsa-miR-877-3p,hsa_circ_0041575
hsa-miR-877-3p,hsa_circ_0041576
hsa-miR-877-3p,hsa_circ_0041577
hsa-miR-877-3p,hsa_circ_0041578
hsa-miR-877-3p,hsa_circ_0041579
hsa-miR-4728-5p,hsa_circ_0009085
hsa-miR-4728-5p,hsa_circ_0013827
hsa-miR-6763-3p,hsa_circ_0016773
hsa-miR-466,hsa_circ_0092179
hsa-miR-6797-5p,hsa_circ_0022944
hsa-miR-6797-5p,hsa_circ_0022949
hsa-miR-6797-5p,hsa_circ_0022951
hsa-miR-6797-5p,hsa_circ_0022952
hsa-miR-149-3p,hsa_circ_0032902
hsa-miR-4667-3p,hsa_circ_0089785
hsa-miR-4739,hsa_circ_0025801
hsa-miR-4739,hsa_circ_0025819
hsa-miR-4739,hsa_circ_0025820
hsa-miR-4739,hsa_circ_0025827
hsa-miR-4739,hsa_circ_0025831
hsa-miR-6796-5p,hsa_circ_0049109
hsa-miR-6796-5p,hsa_circ_0049110
hsa-miR-4763-3p,hsa_circ_0021810
hsa-miR-1207-5p,hsa_circ_0010542
hsa-miR-1207-5p,hsa_circ_0010549
hsa-miR-1207-5p,hsa_circ_0010553
hsa-miR-1207-5p,hsa_circ_0010559
hsa-miR-1207-5p,hsa_circ_0010560
hsa-miR-1207-5p,hsa_circ_0010572
hsa-miR-1207-5p,hsa_circ_0010573
hsa-miR-1207-5p,hsa_circ_0010581
hsa-miR-1207-5p,hsa_circ_0010582
hsa-miR-1207-5p,hsa_circ_0010583
hsa-miR-1207-5p,hsa_circ_0010599
hsa-miR-1207-5p,hsa_circ_0010600
hsa-miR-1207-5p,hsa_circ_0010601
hsa-miR-1207-5p,hsa_circ_0010602
hsa-miR-1207-5p,hsa_circ_0010603
hsa-miR-1207-5p,hsa_circ_0010604
hsa-miR-1207-5p,hsa_circ_0010605
hsa-miR-1207-5p,hsa_circ_0010606
hsa-miR-1207-5p,hsa_circ_0010607
hsa-miR-1207-5p,hsa_circ_0010622
hsa-miR-1207-5p,hsa_circ_0010623
hsa-miR-1207-5p,hsa_circ_0010633
hsa-miR-1273h-5p,hsa_circ_0044246
hsa-miR-1273h-5p,hsa_circ_0070741
hsa-miR-6754-5p,hsa_circ_0034154
hsa-miR-125b-5p,hsa_circ_0000254
hsa-miR-367-5p,hsa_circ_0013876
hsa-miR-1273h-5p,hsa_circ_0063515
hsa-miR-4433a-3p,hsa_circ_0049109
hsa-miR-4433a-3p,hsa_circ_0049110
hsa-miR-6756-5p,hsa_circ_0009565
hsa-miR-3127-3p,hsa_circ_0016773
hsa-miR-3127-3p,hsa_circ_0016776
hsa-miR-3127-3p,hsa_circ_0016777
hsa-miR-3127-3p,hsa_circ_0016778
hsa-miR-1273h-5p,hsa_circ_0038209
hsa-miR-181b-5p,hsa_circ_0035138
hsa-miR-181d-5p,hsa_circ_0035138
hsa-miR-619-5p,hsa_circ_0004036
hsa-miR-6880-5p,hsa_circ_0020316
hsa-miR-4739,hsa_circ_0022613
hsa-miR-4763-3p,hsa_circ_0009650
hsa-miR-5189-5p,hsa_circ_0082877
hsa-miR-612,hsa_circ_0010641
hsa-miR-3925-3p,hsa_circ_0052317
hsa-miR-6756-5p,hsa_circ_0049837
hsa-miR-138-5p,hsa_circ_0037564
hsa-miR-138-5p,hsa_circ_0037565
hsa-miR-138-5p,hsa_circ_0037568
hsa-miR-138-5p,hsa_circ_0037570
hsa-miR-138-5p,hsa_circ_0037571
hsa-miR-138-5p,hsa_circ_0037573
hsa-miR-181b-5p,hsa_circ_0018228
hsa-miR-6827-5p,hsa_circ_0010649
hsa-miR-6827-5p,hsa_circ_0010650
hsa-miR-6827-5p,hsa_circ_0010664
hsa-miR-1285-3p,hsa_circ_0023418
hsa-miR-1285-3p,hsa_circ_0023419
hsa-miR-4667-3p,hsa_circ_0002172
hsa-miR-4667-3p,hsa_circ_0089776
hsa-miR-485-5p,hsa_circ_0009180
hsa-miR-612,hsa_circ_0086858
hsa-miR-6769b-5p,hsa_circ_0041864
hsa-miR-6769b-5p,hsa_circ_0041876
hsa-miR-6769b-5p,hsa_circ_0041881
hsa-miR-6769b-5p,hsa_circ_0041887
hsa-miR-6769b-5p,hsa_circ_0041888
hsa-miR-6827-5p,hsa_circ_0010559
hsa-miR-6827-5p,hsa_circ_0010601
hsa-miR-6827-5p,hsa_circ_0010602
hsa-miR-6827-5p,hsa_circ_0010603
hsa-miR-6827-5p,hsa_circ_0010604
hsa-miR-6827-5p,hsa_circ_0010605
hsa-miR-6827-5p,hsa_circ_0010606
hsa-miR-6827-5p,hsa_circ_0010607
hsa-miR-6827-5p,hsa_circ_0010623
hsa-miR-6827-5p,hsa_circ_0010624
hsa-miR-6827-5p,hsa_circ_0010633
hsa-miR-6081,hsa_circ_0051309
hsa-miR-612,hsa_circ_0010541
hsa-miR-612,hsa_circ_0010544
hsa-miR-612,hsa_circ_0010548
hsa-miR-612,hsa_circ_0010552
hsa-miR-612,hsa_circ_0010555
hsa-miR-612,hsa_circ_0010558
hsa-miR-612,hsa_circ_0010565
hsa-miR-762,hsa_circ_0048976
hsa-miR-762,hsa_circ_0048977
hsa-miR-7703,hsa_circ_0052293
hsa-miR-1273h-5p,hsa_circ_0018230
hsa-miR-23a-3p,hsa_circ_0016756
hsa-miR-3960,hsa_circ_0051929
hsa-miR-6127,hsa_circ_0031813
hsa-miR-619-5p,hsa_circ_0048844
hsa-miR-6848-5p,hsa_circ_0080942
hsa-miR-874-5p,hsa_circ_0082879
hsa-miR-612,hsa_circ_0026092
hsa-miR-6741-5p,hsa_circ_0049104
hsa-miR-6741-5p,hsa_circ_0049116
hsa-miR-6741-5p,hsa_circ_0049120
hsa-miR-6803-5p,hsa_circ_0026092
hsa-miR-6827-5p,hsa_circ_0010572
hsa-miR-1207-5p,hsa_circ_0010649
hsa-miR-1207-5p,hsa_circ_0010650
hsa-miR-181b-5p,hsa_circ_0052059
hsa-miR-181b-5p,hsa_circ_0052060
hsa-miR-4733-3p,hsa_circ_0057344
hsa-miR-4733-3p,hsa_circ_0057345
hsa-miR-4733-3p,hsa_circ_0057348
hsa-miR-4733-3p,hsa_circ_0057349
hsa-miR-4733-3p,hsa_circ_0057354
hsa-miR-4733-3p,hsa_circ_0057355
hsa-miR-4733-3p,hsa_circ_0057356
hsa-miR-4733-3p,hsa_circ_0057363
hsa-miR-4733-3p,hsa_circ_0057378
hsa-miR-5193,hsa_circ_0081507
hsa-miR-5193,hsa_circ_0081508
hsa-miR-5193,hsa_circ_0081509
hsa-miR-5193,hsa_circ_0081510
hsa-miR-4786-3p,hsa_circ_0020490
hsa-miR-149-3p,hsa_circ_0031813
hsa-miR-190a-3p,hsa_circ_0047786
hsa-miR-3064-3p,hsa_circ_0052117
hsa-miR-4739,hsa_circ_0031813
hsa-miR-1207-5p,hsa_circ_0010664
hsa-miR-4728-5p,hsa_circ_0007740
hsa-miR-6829-3p,hsa_circ_0052003
hsa-miR-4640-5p,hsa_circ_0044525
hsa-miR-4685-5p,hsa_circ_0062699
hsa-miR-637,hsa_circ_0014770
hsa-miR-637,hsa_circ_0014771
hsa-miR-637,hsa_circ_0014772
hsa-miR-3127-3p,hsa_circ_0013876
hsa-miR-4739,hsa_circ_0014736
hsa-miR-484,hsa_circ_0013869
hsa-miR-5189-5p,hsa_circ_0010542
hsa-miR-5189-5p,hsa_circ_0010560
hsa-miR-5189-5p,hsa_circ_0010573
hsa-miR-3154,hsa_circ_0037995
hsa-miR-3154,hsa_circ_0037996
hsa-miR-3154,hsa_circ_0037997
hsa-miR-612,hsa_circ_0086872
hsa-miR-612,hsa_circ_0086873
hsa-miR-612,hsa_circ_0086881
hsa-miR-612,hsa_circ_0086889
hsa-miR-612,hsa_circ_0086890
hsa-miR-612,hsa_circ_0086891
hsa-miR-1273h-5p,hsa_circ_0060123
hsa-miR-1303,hsa_circ_0009652
hsa-miR-4433b-3p,hsa_circ_0049109
hsa-miR-4433b-3p,hsa_circ_0049110
hsa-miR-4739,hsa_circ_0044246
hsa-miR-5193,hsa_circ_0063086
hsa-miR-5193,hsa_circ_0063087
hsa-miR-612,hsa_circ_0010657
hsa-miR-612,hsa_circ_0010662
hsa-miR-612,hsa_circ_0010663
hsa-miR-612,hsa_circ_0010669
hsa-miR-612,hsa_circ_0010670
hsa-miR-612,hsa_circ_0010671
hsa-miR-612,hsa_circ_0010677
hsa-miR-619-5p,hsa_circ_0016594
hsa-miR-619-5p,hsa_circ_0016595
hsa-miR-619-5p,hsa_circ_0016596
hsa-miR-6752-5p,hsa_circ_0039128
hsa-miR-6753-5p,hsa_circ_0044543
hsa-miR-6753-5p,hsa_circ_0044549
hsa-miR-6848-5p,hsa_circ_0051922
hsa-miR-6852-5p,hsa_circ_0030837
hsa-miR-181a-5p,hsa_circ_0035147
hsa-miR-181a-5p,hsa_circ_0035151
hsa-miR-181a-5p,hsa_circ_0035153
hsa-miR-3149,hsa_circ_0007286
hsa-miR-4726-5p,hsa_circ_0044540
hsa-miR-4726-5p,hsa_circ_0044541
hsa-miR-612,hsa_circ_0010598
hsa-miR-612,hsa_circ_0010622
hsa-miR-6743-5p,hsa_circ_0082877
hsa-miR-6803-5p,hsa_circ_0041954
hsa-miR-4268,hsa_circ_0063103
hsa-miR-4268,hsa_circ_0063116
hsa-miR-4467,hsa_circ_0030834
hsa-miR-6756-5p,hsa_circ_0027247
hsa-miR-6756-5p,hsa_circ_0051281
hsa-miR-877-3p,hsa_circ_0062544
hsa-miR-1277-5p,hsa_circ_0007950
hsa-miR-1913,hsa_circ_0010682
hsa-miR-1913,hsa_circ_0010683
hsa-miR-4763-3p,hsa_circ_0014742
hsa-miR-4763-3p,hsa_circ_0020759
hsa-miR-619-5p,hsa_circ_0034591
hsa-miR-637,hsa_circ_0049171
hsa-miR-6756-5p,hsa_circ_0010542
hsa-miR-6756-5p,hsa_circ_0049667
hsa-miR-6756-5p,hsa_circ_0049668
hsa-miR-6876-5p,hsa_circ_0058914
hsa-miR-3613-3p,hsa_circ_0016162
hsa-miR-3613-3p,hsa_circ_0016165
hsa-miR-4524a-3p,hsa_circ_0041843
hsa-miR-4530,hsa_circ_0081106
hsa-miR-4640-5p,hsa_circ_0081080
hsa-miR-5189-5p,hsa_circ_0010603
hsa-miR-5189-5p,hsa_circ_0010604
hsa-miR-5189-5p,hsa_circ_0010605
hsa-miR-5189-5p,hsa_circ_0010606
hsa-miR-5189-5p,hsa_circ_0010623
hsa-miR-6722-3p,hsa_circ_0020316
hsa-miR-6797-5p,hsa_circ_0007740
hsa-miR-6891-5p,hsa_circ_0074307
hsa-miR-6891-5p,hsa_circ_0074308
hsa-miR-6891-5p,hsa_circ_0074309
hsa-miR-6891-5p,hsa_circ_0074310
hsa-miR-6891-5p,hsa_circ_0074311
hsa-miR-6891-5p,hsa_circ_0074312
hsa-miR-1913,hsa_circ_0010653
hsa-miR-1913,hsa_circ_0010676
hsa-miR-3929,hsa_circ_0063518
hsa-miR-4640-5p,hsa_circ_0039075
hsa-miR-4640-5p,hsa_circ_0039087
hsa-miR-4640-5p,hsa_circ_0039090
hsa-miR-4640-5p,hsa_circ_0039099
hsa-miR-4640-5p,hsa_circ_0039105
hsa-miR-4640-5p,hsa_circ_0082878
hsa-miR-4640-5p,hsa_circ_0082879
hsa-miR-4685-5p,hsa_circ_0022870
hsa-miR-5193,hsa_circ_0050839
hsa-miR-6742-3p,hsa_circ_0002172
hsa-miR-6742-3p,hsa_circ_0089776
hsa-miR-1303,hsa_circ_0050102
hsa-miR-181a-5p,hsa_circ_0073782
hsa-miR-4268,hsa_circ_0063076
hsa-miR-4268,hsa_circ_0063077
hsa-miR-4268,hsa_circ_0063078
hsa-miR-4268,hsa_circ_0063086
hsa-miR-4268,hsa_circ_0063089
hsa-miR-4268,hsa_circ_0063094
hsa-miR-4691-5p,hsa_circ_0063073
hsa-miR-4691-5p,hsa_circ_0063074
hsa-miR-6722-3p,hsa_circ_0048698
hsa-miR-6722-3p,hsa_circ_0048709
hsa-miR-877-3p,hsa_circ_0058667
hsa-miR-1273h-5p,hsa_circ_0045221
hsa-miR-181b-5p,hsa_circ_0052064
hsa-miR-3661,hsa_circ_0010549
hsa-miR-3661,hsa_circ_0010553
hsa-miR-3661,hsa_circ_0010559
hsa-miR-3661,hsa_circ_0010560
hsa-miR-3661,hsa_circ_0010573
hsa-miR-3661,hsa_circ_0010581
hsa-miR-3661,hsa_circ_0010582
hsa-miR-3661,hsa_circ_0010583
hsa-miR-3661,hsa_circ_0010599
hsa-miR-3661,hsa_circ_0010600
hsa-miR-3661,hsa_circ_0010601
hsa-miR-3661,hsa_circ_0010602
hsa-miR-3661,hsa_circ_0010603
hsa-miR-3661,hsa_circ_0010604
hsa-miR-3661,hsa_circ_0010605
hsa-miR-3661,hsa_circ_0010606
hsa-miR-3661,hsa_circ_0010607
hsa-miR-3661,hsa_circ_0010623
hsa-miR-3661,hsa_circ_0010624
hsa-miR-3661,hsa_circ_0010633
hsa-miR-3661,hsa_circ_0010641
hsa-miR-3661,hsa_circ_0010642
hsa-miR-3661,hsa_circ_0010643
hsa-miR-3661,hsa_circ_0010644
hsa-miR-3661,hsa_circ_0010645
hsa-miR-3661,hsa_circ_0010646
hsa-miR-3661,hsa_circ_0010647
hsa-miR-3661,hsa_circ_0010648
hsa-miR-3661,hsa_circ_0010653
hsa-miR-3661,hsa_circ_0010654
hsa-miR-3661,hsa_circ_0010657
hsa-miR-3661,hsa_circ_0010658
hsa-miR-3661,hsa_circ_0010662
hsa-miR-3661,hsa_circ_0010663
hsa-miR-3661,hsa_circ_0010668
hsa-miR-3661,hsa_circ_0010669
hsa-miR-3661,hsa_circ_0010670
hsa-miR-3661,hsa_circ_0010671
hsa-miR-3661,hsa_circ_0010672
hsa-miR-3661,hsa_circ_0010676
hsa-miR-3661,hsa_circ_0010677
hsa-miR-3929,hsa_circ_0019789
hsa-miR-3929,hsa_circ_0019793
hsa-miR-3929,hsa_circ_0019795
hsa-miR-3929,hsa_circ_0019796
hsa-miR-4530,hsa_circ_0081134
hsa-miR-4667-3p,hsa_circ_0079155
hsa-miR-4775,hsa_circ_0077011
hsa-miR-5001-5p,hsa_circ_0039097
hsa-miR-6129,hsa_circ_0031813
hsa-miR-6752-5p,hsa_circ_0009561
hsa-miR-6752-5p,hsa_circ_0009562
hsa-miR-6752-5p,hsa_circ_0009563
hsa-miR-6752-5p,hsa_circ_0009564
hsa-miR-23b-3p,hsa_circ_0016756
hsa-miR-3613-3p,hsa_circ_0002379
hsa-miR-4687-3p,hsa_circ_0080942
hsa-miR-4687-3p,hsa_circ_0080943
hsa-miR-5088-3p,hsa_circ_0011310
hsa-miR-5193,hsa_circ_0021034
hsa-miR-5193,hsa_circ_0021035
hsa-miR-619-5p,hsa_circ_0089191
hsa-miR-1273h-5p,hsa_circ_0004192
hsa-miR-188-3p,hsa_circ_0018228
hsa-miR-3142,hsa_circ_0051055
hsa-miR-3613-3p,hsa_circ_0081590
hsa-miR-4685-5p,hsa_circ_0023019
hsa-miR-4691-5p,hsa_circ_0063099
hsa-miR-4691-5p,hsa_circ_0063101
hsa-miR-4691-5p,hsa_circ_0063102
hsa-miR-4691-5p,hsa_circ_0063103
hsa-miR-4691-5p,hsa_circ_0063105
hsa-miR-4691-5p,hsa_circ_0063106
hsa-miR-4726-5p,hsa_circ_0065415
hsa-miR-4775,hsa_circ_0043314
hsa-miR-574-5p,hsa_circ_0041666
hsa-miR-612,hsa_circ_0010691
hsa-miR-6133,hsa_circ_0031813
hsa-miR-615-5p,hsa_circ_0089445
hsa-miR-6791-5p,hsa_circ_0020555
hsa-miR-6813-5p,hsa_circ_0069071
hsa-miR-6884-5p,hsa_circ_0004192
hsa-miR-181b-5p,hsa_circ_0081363
hsa-miR-181b-5p,hsa_circ_0081364
hsa-miR-3929,hsa_circ_0063474
hsa-miR-4691-5p,hsa_circ_0063096
hsa-miR-4726-5p,hsa_circ_0081060
hsa-miR-4775,hsa_circ_0044246
hsa-miR-6881-3p,hsa_circ_0077312
hsa-miR-1236-3p,hsa_circ_0042205
hsa-miR-23a-3p,hsa_circ_0050296
hsa-miR-3613-3p,hsa_circ_0000246
hsa-miR-4656,hsa_circ_0026092
hsa-miR-4656,hsa_circ_0026093
hsa-miR-4656,hsa_circ_0026096
hsa-miR-4656,hsa_circ_0026097
hsa-miR-4685-5p,hsa_circ_0033532
hsa-miR-4685-5p,hsa_circ_0033533
hsa-miR-4685-5p,hsa_circ_0033534
hsa-miR-4739,hsa_circ_0058199
hsa-miR-608,hsa_circ_0062410
hsa-miR-6838-5p,hsa_circ_0091350
hsa-miR-4726-5p,hsa_circ_0081155
hsa-miR-4763-3p,hsa_circ_0010541
hsa-miR-4778-3p,hsa_circ_0041570
hsa-miR-4778-3p,hsa_circ_0041571
hsa-miR-4778-3p,hsa_circ_0041572
hsa-miR-4778-3p,hsa_circ_0041573
hsa-miR-4778-3p,hsa_circ_0041574
hsa-miR-4778-3p,hsa_circ_0041575
hsa-miR-4778-3p,hsa_circ_0041576
hsa-miR-4778-3p,hsa_circ_0041577
hsa-miR-4778-3p,hsa_circ_0041578
hsa-miR-4778-3p,hsa_circ_0041579
hsa-miR-597-5p,hsa_circ_0029351
hsa-miR-597-5p,hsa_circ_0029353
hsa-miR-661,hsa_circ_0010541
hsa-miR-6753-5p,hsa_circ_0044533
hsa-miR-6794-5p,hsa_circ_0005180
hsa-miR-6794-5p,hsa_circ_0017180
hsa-miR-6794-5p,hsa_circ_0017181
hsa-miR-6794-5p,hsa_circ_0017182
hsa-miR-6794-5p,hsa_circ_0017183
hsa-miR-6794-5p,hsa_circ_0017184
hsa-miR-939-3p,hsa_circ_0060070
hsa-miR-939-3p,hsa_circ_0060071
hsa-miR-939-3p,hsa_circ_0060073
hsa-miR-939-3p,hsa_circ_0060075
hsa-miR-378j,hsa_circ_0020280
hsa-miR-6133,hsa_circ_0032902
hsa-miR-6754-5p,hsa_circ_0010542
hsa-miR-6754-5p,hsa_circ_0010549
hsa-miR-6754-5p,hsa_circ_0010553
hsa-miR-6754-5p,hsa_circ_0010559
hsa-miR-6754-5p,hsa_circ_0010560
hsa-miR-4436a,hsa_circ_0041126
hsa-miR-4739,hsa_circ_0043314
hsa-miR-637,hsa_circ_0065399
hsa-miR-661,hsa_circ_0030855
hsa-miR-661,hsa_circ_0030856
hsa-miR-661,hsa_circ_0030857
hsa-miR-661,hsa_circ_0030864
hsa-miR-661,hsa_circ_0030869
hsa-miR-6748-3p,hsa_circ_0071662
hsa-miR-6756-5p,hsa_circ_0029291
hsa-miR-6764-5p,hsa_circ_0082878
hsa-miR-6764-5p,hsa_circ_0082879
hsa-miR-1226-5p,hsa_circ_0037434
hsa-miR-619-5p,hsa_circ_0050101
hsa-miR-661,hsa_circ_0010598
hsa-miR-661,hsa_circ_0010621
hsa-miR-6748-5p,hsa_circ_0041864
hsa-miR-6748-5p,hsa_circ_0041876
hsa-miR-6748-5p,hsa_circ_0041881
hsa-miR-6748-5p,hsa_circ_0041887
hsa-miR-6756-5p,hsa_circ_0039099
hsa-miR-6756-5p,hsa_circ_0039105
hsa-miR-6860,hsa_circ_0010647
hsa-miR-6860,hsa_circ_0010648
hsa-miR-154-3p,hsa_circ_0020280
hsa-miR-181d-5p,hsa_circ_0052059
hsa-miR-181d-5p,hsa_circ_0052060
hsa-miR-30e-5p,hsa_circ_0013876
hsa-miR-328-5p,hsa_circ_0041952
hsa-miR-4640-5p,hsa_circ_0044545
hsa-miR-4640-5p,hsa_circ_0081102
hsa-miR-4640-5p,hsa_circ_0081108
hsa-miR-4640-5p,hsa_circ_0081110
hsa-miR-4726-5p,hsa_circ_0089426
hsa-miR-4739,hsa_circ_0051593
hsa-miR-6736-3p,hsa_circ_0032953
hsa-miR-6754-5p,hsa_circ_0010574
hsa-miR-6809-3p,hsa_circ_0024993
hsa-miR-6881-3p,hsa_circ_0077315
hsa-miR-6881-3p,hsa_circ_0077316
hsa-miR-6891-3p,hsa_circ_0058667
hsa-miR-6891-3p,hsa_circ_0058672
hsa-miR-6891-3p,hsa_circ_0058673
hsa-miR-1262,hsa_circ_0041864
hsa-miR-1262,hsa_circ_0041876
hsa-miR-1262,hsa_circ_0041881
hsa-miR-1262,hsa_circ_0041887
hsa-miR-1262,hsa_circ_0041888
hsa-miR-1262,hsa_circ_0041890
hsa-miR-1262,hsa_circ_0041891
hsa-miR-3171,hsa_circ_0080466
hsa-miR-4530,hsa_circ_0044530
hsa-miR-4751,hsa_circ_0057378
hsa-miR-661,hsa_circ_0010653
hsa-miR-6753-5p,hsa_circ_0044521
hsa-miR-6753-5p,hsa_circ_0044523
hsa-miR-6825-5p,hsa_circ_0031813
hsa-miR-6848-5p,hsa_circ_0026096
hsa-miR-6851-5p,hsa_circ_0051922
hsa-miR-143-5p,hsa_circ_0046155
hsa-miR-3620-5p,hsa_circ_0026092
hsa-miR-3620-5p,hsa_circ_0026093
hsa-miR-3620-5p,hsa_circ_0026097
hsa-miR-4726-5p,hsa_circ_0089462
hsa-miR-4726-5p,hsa_circ_0089463
hsa-miR-4763-3p,hsa_circ_0065990
hsa-miR-608,hsa_circ_0051309
hsa-miR-661,hsa_circ_0010640
hsa-miR-6868-3p,hsa_circ_0034998
hsa-miR-762,hsa_circ_0020669
hsa-miR-1236-3p,hsa_circ_0069822
hsa-miR-181d-5p,hsa_circ_0018228
hsa-miR-4530,hsa_circ_0081149
hsa-miR-4726-5p,hsa_circ_0057344
hsa-miR-4726-5p,hsa_circ_0057356
hsa-miR-6514-3p,hsa_circ_0050102
hsa-miR-6721-5p,hsa_circ_0065481
hsa-miR-6727-5p,hsa_circ_0082879
hsa-miR-6784-3p,hsa_circ_0079155
hsa-miR-6798-5p,hsa_circ_0044548
hsa-miR-4726-5p,hsa_circ_0081084
hsa-miR-6860,hsa_circ_0050991
hsa-miR-6881-3p,hsa_circ_0041570
hsa-miR-6881-3p,hsa_circ_0041571
hsa-miR-6881-3p,hsa_circ_0041572
hsa-miR-6881-3p,hsa_circ_0041573
hsa-miR-6881-3p,hsa_circ_0041574
hsa-miR-6881-3p,hsa_circ_0041575
hsa-miR-6881-3p,hsa_circ_0041576
hsa-miR-6881-3p,hsa_circ_0041577
hsa-miR-6881-3p,hsa_circ_0041578
hsa-miR-6881-3p,hsa_circ_0041579
hsa-miR-7843-5p,hsa_circ_0082879
hsa-miR-1184,hsa_circ_0086862
hsa-miR-3065-3p,hsa_circ_0037461
hsa-miR-3065-3p,hsa_circ_0037462
hsa-miR-3065-3p,hsa_circ_0037463
hsa-miR-3065-3p,hsa_circ_0037464
hsa-miR-30b-3p,hsa_circ_0000939
hsa-miR-4640-5p,hsa_circ_0081085
hsa-miR-4640-5p,hsa_circ_0081089
hsa-miR-4640-5p,hsa_circ_0081095
hsa-miR-608,hsa_circ_0051929
hsa-miR-6860,hsa_circ_0010633
hsa-miR-4763-3p,hsa_circ_0010573
hsa-miR-4763-3p,hsa_circ_0010581
hsa-miR-4763-3p,hsa_circ_0010582
hsa-miR-4763-3p,hsa_circ_0010650
hsa-miR-6848-5p,hsa_circ_0039097
hsa-miR-1262,hsa_circ_0049109
hsa-miR-1262,hsa_circ_0049110
hsa-miR-1262,hsa_circ_0049113
hsa-miR-1908-3p,hsa_circ_0048450
hsa-miR-30b-3p,hsa_circ_0027022
hsa-miR-3187-5p,hsa_circ_0023418
hsa-miR-3187-5p,hsa_circ_0023419
hsa-miR-4476,hsa_circ_0024264
hsa-miR-4640-5p,hsa_circ_0081120
hsa-miR-4640-5p,hsa_circ_0089453
hsa-miR-4640-5p,hsa_circ_0089456
hsa-miR-4640-5p,hsa_circ_0089457
hsa-miR-660-3p,hsa_circ_0081678
hsa-miR-6774-5p,hsa_circ_0034154
hsa-miR-6876-5p,hsa_circ_0006648
hsa-miR-6884-5p,hsa_circ_0052094
hsa-miR-214-3p,hsa_circ_0040863
hsa-miR-23b-3p,hsa_circ_0050296
hsa-miR-328-5p,hsa_circ_0049815
hsa-miR-3662,hsa_circ_0025862
hsa-miR-3662,hsa_circ_0025863
hsa-miR-4784,hsa_circ_0002172
hsa-miR-4784,hsa_circ_0089776
hsa-miR-5683,hsa_circ_0089792
hsa-miR-6826-3p,hsa_circ_0089785
hsa-miR-6860,hsa_circ_0010559
hsa-miR-6860,hsa_circ_0010599
hsa-miR-6860,hsa_circ_0010600
hsa-miR-6884-5p,hsa_circ_0050480
hsa-miR-6884-5p,hsa_circ_0050485
hsa-miR-6884-5p,hsa_circ_0050491
hsa-miR-6884-5p,hsa_circ_0050493
hsa-miR-6884-5p,hsa_circ_0050497
hsa-miR-6884-5p,hsa_circ_0050500
hsa-miR-6884-5p,hsa_circ_0050501
hsa-miR-6884-5p,hsa_circ_0050502
hsa-miR-6884-5p,hsa_circ_0050503
hsa-miR-7160-5p,hsa_circ_0015224
hsa-miR-7160-5p,hsa_circ_0015226
hsa-miR-7160-5p,hsa_circ_0015227
hsa-miR-1273h-5p,hsa_circ_0014789
hsa-miR-370-3p,hsa_circ_0079394
hsa-miR-3929,hsa_circ_0075961
hsa-miR-4763-3p,hsa_circ_0037448
hsa-miR-4763-3p,hsa_circ_0037451
hsa-miR-5588-5p,hsa_circ_0013876
hsa-miR-637,hsa_circ_0065416
hsa-miR-6734-3p,hsa_circ_0013876
hsa-miR-6756-5p,hsa_circ_0039109
hsa-miR-6803-5p,hsa_circ_0050085
hsa-miR-6873-3p,hsa_circ_0049485
hsa-miR-3064-3p,hsa_circ_0052121
hsa-miR-328-5p,hsa_circ_0065408
hsa-miR-4763-3p,hsa_circ_0010691
hsa-miR-5193,hsa_circ_0039128
hsa-miR-6884-5p,hsa_circ_0002379
hsa-miR-942-5p,hsa_circ_0040925
hsa-miR-3159,hsa_circ_0077011
hsa-miR-4726-5p,hsa_circ_0081113
hsa-miR-608,hsa_circ_0046337
hsa-miR-608,hsa_circ_0046338
hsa-miR-6132,hsa_circ_0044543
hsa-miR-6132,hsa_circ_0044548
hsa-miR-6132,hsa_circ_0044549
hsa-miR-619-5p,hsa_circ_0006648
hsa-miR-6827-3p,hsa_circ_0005266
hsa-miR-6836-5p,hsa_circ_0044527
hsa-miR-6836-5p,hsa_circ_0044534
hsa-miR-6860,hsa_circ_0010664
hsa-miR-885-3p,hsa_circ_0089547
hsa-miR-1273h-5p,hsa_circ_0052102
hsa-miR-1343-3p,hsa_circ_0030874
hsa-miR-3663-3p,hsa_circ_0057345
hsa-miR-4530,hsa_circ_0081154
hsa-miR-4763-3p,hsa_circ_0009399
hsa-miR-485-5p,hsa_circ_0063516
hsa-miR-485-5p,hsa_circ_0063533
hsa-miR-6756-5p,hsa_circ_0081678
hsa-miR-6838-5p,hsa_circ_0040863
hsa-miR-6840-3p,hsa_circ_0020280
hsa-miR-1184,hsa_circ_0075974
hsa-miR-1184,hsa_circ_0075975
hsa-miR-149-5p,hsa_circ_0049937
hsa-miR-3929,hsa_circ_0080692
hsa-miR-4642,hsa_circ_0049109
hsa-miR-4642,hsa_circ_0049110
hsa-miR-4763-3p,hsa_circ_0091806
hsa-miR-4763-3p,hsa_circ_0091807
hsa-miR-4763-3p,hsa_circ_0091808
hsa-miR-619-5p,hsa_circ_0091222
hsa-miR-6749-3p,hsa_circ_0065481
hsa-miR-6884-5p,hsa_circ_0046155
hsa-miR-1286,hsa_circ_0044511
hsa-miR-1286,hsa_circ_0044512
hsa-miR-4775,hsa_circ_0025972
hsa-miR-6132,hsa_circ_0044509
hsa-miR-6132,hsa_circ_0044518
hsa-miR-6132,hsa_circ_0044520
hsa-miR-6132,hsa_circ_0044526
hsa-miR-6132,hsa_circ_0044527
hsa-miR-6132,hsa_circ_0044534
hsa-miR-637,hsa_circ_0011303
hsa-miR-6883-5p,hsa_circ_0026923
hsa-miR-6883-5p,hsa_circ_0026924
hsa-miR-6883-5p,hsa_circ_0026925
hsa-miR-6883-5p,hsa_circ_0026926
hsa-miR-6883-5p,hsa_circ_0026927
hsa-miR-6883-5p,hsa_circ_0026928
hsa-miR-6883-5p,hsa_circ_0026929
hsa-miR-1184,hsa_circ_0060210
hsa-miR-1281,hsa_circ_0085899
hsa-miR-1281,hsa_circ_0085900
hsa-miR-149-3p,hsa_circ_0041089
hsa-miR-149-3p,hsa_circ_0041099
hsa-miR-149-3p,hsa_circ_0041116
hsa-miR-30b-3p,hsa_circ_0072808
hsa-miR-30b-3p,hsa_circ_0072809
hsa-miR-30b-3p,hsa_circ_0072817
hsa-miR-30b-3p,hsa_circ_0072819
hsa-miR-30b-3p,hsa_circ_0072821
hsa-miR-30b-3p,hsa_circ_0072850
hsa-miR-30b-3p,hsa_circ_0072851
hsa-miR-4530,hsa_circ_0057344
hsa-miR-4530,hsa_circ_0057345
hsa-miR-4530,hsa_circ_0057349
hsa-miR-4530,hsa_circ_0057356
hsa-miR-4640-5p,hsa_circ_0065414
hsa-miR-4728-5p,hsa_circ_0010420
hsa-miR-4751,hsa_circ_0057425
hsa-miR-4763-3p,hsa_circ_0010606
hsa-miR-4763-3p,hsa_circ_0010607
hsa-miR-485-5p,hsa_circ_0044246
hsa-miR-6792-3p,hsa_circ_0063089
hsa-miR-6792-3p,hsa_circ_0063094
hsa-miR-6792-3p,hsa_circ_0063095
hsa-miR-6792-3p,hsa_circ_0063096
hsa-miR-6792-3p,hsa_circ_0063097
hsa-miR-6792-3p,hsa_circ_0063098
hsa-miR-6798-5p,hsa_circ_0044521
hsa-miR-6798-5p,hsa_circ_0044523
hsa-miR-6798-5p,hsa_circ_0044526
hsa-miR-6851-5p,hsa_circ_0074312
hsa-miR-885-3p,hsa_circ_0061080
hsa-miR-1207-5p,hsa_circ_0082877
hsa-miR-138-5p,hsa_circ_0049104
hsa-miR-138-5p,hsa_circ_0049105
hsa-miR-138-5p,hsa_circ_0049106
hsa-miR-3929,hsa_circ_0050102
hsa-miR-4640-5p,hsa_circ_0044551
hsa-miR-619-5p,hsa_circ_0038605
hsa-miR-6752-5p,hsa_circ_0080666
hsa-miR-6752-5p,hsa_circ_0080668
hsa-miR-6753-5p,hsa_circ_0044505
hsa-miR-6753-5p,hsa_circ_0044506
hsa-miR-6753-5p,hsa_circ_0044514
hsa-miR-6798-5p,hsa_circ_0044508
hsa-miR-6798-5p,hsa_circ_0044527
hsa-miR-6798-5p,hsa_circ_0044528
hsa-miR-6798-5p,hsa_circ_0044539
hsa-miR-6836-5p,hsa_circ_0044543
hsa-miR-6836-5p,hsa_circ_0044548
hsa-miR-6836-5p,hsa_circ_0044549
hsa-miR-6837-5p,hsa_circ_0037448
hsa-miR-6837-5p,hsa_circ_0037451
hsa-miR-6837-5p,hsa_circ_0037453
hsa-miR-221-3p,hsa_circ_0007805
hsa-miR-30b-3p,hsa_circ_0078998
hsa-miR-30b-3p,hsa_circ_0078999
hsa-miR-4690-3p,hsa_circ_0041734
hsa-miR-1184,hsa_circ_0063099
hsa-miR-1184,hsa_circ_0063101
hsa-miR-1470,hsa_circ_0031813
hsa-miR-4775,hsa_circ_0027022
hsa-miR-495-3p,hsa_circ_0006648
hsa-miR-619-5p,hsa_circ_0050085
hsa-miR-619-5p,hsa_circ_0050086
hsa-miR-6787-5p,hsa_circ_0051748
hsa-miR-6791-3p,hsa_circ_0060070
hsa-miR-6791-3p,hsa_circ_0060071
hsa-miR-6798-5p,hsa_circ_0082878
hsa-miR-6798-5p,hsa_circ_0082879
hsa-miR-6852-5p,hsa_circ_0065400
hsa-miR-6852-5p,hsa_circ_0065401
hsa-miR-6852-5p,hsa_circ_0065402
hsa-miR-6852-5p,hsa_circ_0065403
hsa-miR-6852-5p,hsa_circ_0065404
hsa-miR-4498,hsa_circ_0082879
hsa-miR-619-5p,hsa_circ_0013310
hsa-miR-6731-5p,hsa_circ_0020279
hsa-miR-6809-3p,hsa_circ_0034998
hsa-miR-6884-5p,hsa_circ_0015224
hsa-miR-7110-5p,hsa_circ_0041089
hsa-miR-7110-5p,hsa_circ_0041099
hsa-miR-7110-5p,hsa_circ_0041116
hsa-miR-1184,hsa_circ_0060213
hsa-miR-19b-2-5p,hsa_circ_0020490
hsa-miR-3187-5p,hsa_circ_0010541
hsa-miR-3187-5p,hsa_circ_0010544
hsa-miR-3187-5p,hsa_circ_0010548
hsa-miR-3187-5p,hsa_circ_0010552
hsa-miR-3187-5p,hsa_circ_0010555
hsa-miR-3187-5p,hsa_circ_0010558
hsa-miR-3187-5p,hsa_circ_0010565
hsa-miR-3650,hsa_circ_0037148
hsa-miR-4268,hsa_circ_0085899
hsa-miR-4268,hsa_circ_0085900
hsa-miR-4530,hsa_circ_0044551
hsa-miR-485-5p,hsa_circ_0019789
hsa-miR-485-5p,hsa_circ_0019793
hsa-miR-485-5p,hsa_circ_0019795
hsa-miR-485-5p,hsa_circ_0019796
hsa-miR-665,hsa_circ_0014789
hsa-miR-6756-5p,hsa_circ_0051922
hsa-miR-6762-5p,hsa_circ_0044522
hsa-miR-6762-5p,hsa_circ_0044524
hsa-miR-939-3p,hsa_circ_0010643
hsa-miR-939-3p,hsa_circ_0010644
hsa-miR-939-3p,hsa_circ_0010662
hsa-miR-939-3p,hsa_circ_0010663
hsa-miR-939-3p,hsa_circ_0010670
hsa-miR-1184,hsa_circ_0086854
hsa-miR-3619-5p,hsa_circ_0033273
hsa-miR-3619-5p,hsa_circ_0033278
hsa-miR-3619-5p,hsa_circ_0033282
hsa-miR-4726-5p,hsa_circ_0081123
hsa-miR-4763-3p,hsa_circ_0010649
hsa-miR-6762-5p,hsa_circ_0044509
hsa-miR-6762-5p,hsa_circ_0044510
hsa-miR-6762-5p,hsa_circ_0044511
hsa-miR-6762-5p,hsa_circ_0044518
hsa-miR-6762-5p,hsa_circ_0044519
hsa-miR-6762-5p,hsa_circ_0044520
hsa-miR-1304-5p,hsa_circ_0015199
hsa-miR-1304-5p,hsa_circ_0015204
hsa-miR-1304-5p,hsa_circ_0015212
hsa-miR-1304-5p,hsa_circ_0015213
hsa-miR-1304-5p,hsa_circ_0015214
hsa-miR-1304-5p,hsa_circ_0015218
hsa-miR-1304-5p,hsa_circ_0015223
hsa-miR-181d-5p,hsa_circ_0052055
hsa-miR-1909-3p,hsa_circ_0082879
hsa-miR-3135b,hsa_circ_0039075
hsa-miR-3135b,hsa_circ_0039087
hsa-miR-3135b,hsa_circ_0039090
hsa-miR-3135b,hsa_circ_0039099
hsa-miR-3135b,hsa_circ_0039105
hsa-miR-335-3p,hsa_circ_0055960
hsa-miR-335-3p,hsa_circ_0055961
hsa-miR-335-3p,hsa_circ_0055962
hsa-miR-335-3p,hsa_circ_0055963
hsa-miR-4651,hsa_circ_0000726
hsa-miR-4651,hsa_circ_0062410
hsa-miR-4778-3p,hsa_circ_0057223
hsa-miR-6813-5p,hsa_circ_0051279
hsa-miR-939-3p,hsa_circ_0010559
hsa-miR-939-3p,hsa_circ_0010573
hsa-miR-939-3p,hsa_circ_0010581
hsa-miR-939-3p,hsa_circ_0010599
hsa-miR-939-3p,hsa_circ_0010600
hsa-miR-138-5p,hsa_circ_0049112
hsa-miR-30b-3p,hsa_circ_0045221
hsa-miR-3619-5p,hsa_circ_0022858
hsa-miR-3619-5p,hsa_circ_0022859
hsa-miR-4700-5p,hsa_circ_0037571
hsa-miR-4700-5p,hsa_circ_0037573
hsa-miR-4733-3p,hsa_circ_0081081
hsa-miR-4733-3p,hsa_circ_0081085
hsa-miR-6867-3p,hsa_circ_0005266
hsa-miR-3170,hsa_circ_0037564
hsa-miR-3170,hsa_circ_0037565
hsa-miR-3170,hsa_circ_0037568
hsa-miR-4778-3p,hsa_circ_0083682
hsa-miR-4778-3p,hsa_circ_0083683
hsa-miR-5001-5p,hsa_circ_0013874
hsa-miR-5011-5p,hsa_circ_0007286
hsa-miR-6795-5p,hsa_circ_0002172
hsa-miR-6809-3p,hsa_circ_0066962
hsa-miR-6809-3p,hsa_circ_0066963
hsa-miR-8485,hsa_circ_0019527
hsa-miR-1184,hsa_circ_0063106
hsa-miR-1184,hsa_circ_0063107
hsa-miR-214-3p,hsa_circ_0081146
hsa-miR-30b-3p,hsa_circ_0031813
hsa-miR-30b-3p,hsa_circ_0078794
hsa-miR-30b-3p,hsa_circ_0078812
hsa-miR-30b-3p,hsa_circ_0078968
hsa-miR-30e-3p,hsa_circ_0055230
hsa-miR-30e-3p,hsa_circ_0055233
hsa-miR-30e-3p,hsa_circ_0055235
hsa-miR-30e-3p,hsa_circ_0055236
hsa-miR-30e-3p,hsa_circ_0055237
hsa-miR-30e-3p,hsa_circ_0055239
hsa-miR-3198,hsa_circ_0049109
hsa-miR-3198,hsa_circ_0049110
hsa-miR-3198,hsa_circ_0049112
hsa-miR-3202,hsa_circ_0032902
hsa-miR-1205,hsa_circ_0031403
hsa-miR-1286,hsa_circ_0081122
hsa-miR-1286,hsa_circ_0081133
hsa-miR-1286,hsa_circ_0081137
hsa-miR-1286,hsa_circ_0081138
hsa-miR-181d-5p,hsa_circ_0055601
hsa-miR-214-3p,hsa_circ_0081066
hsa-miR-214-3p,hsa_circ_0081090
hsa-miR-214-3p,hsa_circ_0081096
hsa-miR-214-3p,hsa_circ_0081108
hsa-miR-23a-5p,hsa_circ_0048499
hsa-miR-615-5p,hsa_circ_0044522
hsa-miR-1827,hsa_circ_0080029
hsa-miR-3182,hsa_circ_0013876
hsa-miR-619-5p,hsa_circ_0044091
hsa-miR-619-5p,hsa_circ_0044092
hsa-miR-619-5p,hsa_circ_0044093
hsa-miR-619-5p,hsa_circ_0044094
hsa-miR-6868-3p,hsa_circ_0013876
hsa-miR-2861,hsa_circ_0010581
hsa-miR-2861,hsa_circ_0010599
hsa-miR-2861,hsa_circ_0010600
hsa-miR-2861,hsa_circ_0010601
hsa-miR-2861,hsa_circ_0010602
hsa-miR-3064-3p,hsa_circ_0080293
hsa-miR-3187-5p,hsa_circ_0010622
hsa-miR-4685-5p,hsa_circ_0051048
hsa-miR-4685-5p,hsa_circ_0062015
hsa-miR-5001-5p,hsa_circ_0058199
hsa-miR-5692c,hsa_circ_0007286
hsa-miR-6755-3p,hsa_circ_0018685
hsa-miR-6883-5p,hsa_circ_0069071
hsa-miR-2861,hsa_circ_0010644
hsa-miR-2861,hsa_circ_0010645
hsa-miR-2861,hsa_circ_0010646
hsa-miR-2861,hsa_circ_0010647
hsa-miR-2861,hsa_circ_0010648
hsa-miR-2861,hsa_circ_0010654
hsa-miR-2861,hsa_circ_0010657
hsa-miR-2861,hsa_circ_0010658
hsa-miR-2861,hsa_circ_0010670
hsa-miR-2861,hsa_circ_0010671
hsa-miR-30b-3p,hsa_circ_0018230
hsa-miR-4731-5p,hsa_circ_0039075
hsa-miR-4731-5p,hsa_circ_0039087
hsa-miR-24-3p,hsa_circ_0049105
hsa-miR-328-5p,hsa_circ_0044512
hsa-miR-4692,hsa_circ_0089547
hsa-miR-588,hsa_circ_0020280
hsa-miR-661,hsa_circ_0010677
hsa-miR-6756-5p,hsa_circ_0092076
hsa-miR-6756-5p,hsa_circ_0092080
hsa-miR-6846-5p,hsa_circ_0051922
hsa-miR-761,hsa_circ_0040861
hsa-miR-761,hsa_circ_0040863
hsa-miR-761,hsa_circ_0040867
hsa-miR-1184,hsa_circ_0051094
hsa-miR-24-3p,hsa_circ_0049109
hsa-miR-24-3p,hsa_circ_0049110
hsa-miR-3187-5p,hsa_circ_0027022
hsa-miR-665,hsa_circ_0081120
hsa-miR-665,hsa_circ_0081125
hsa-miR-6845-3p,hsa_circ_0074548
hsa-miR-6874-5p,hsa_circ_0048499
hsa-miR-1587,hsa_circ_0036260
hsa-miR-214-3p,hsa_circ_0044532
hsa-miR-214-3p,hsa_circ_0044533
hsa-miR-4722-5p,hsa_circ_0072808
hsa-miR-4722-5p,hsa_circ_0072809
hsa-miR-4722-5p,hsa_circ_0072850
hsa-miR-4722-5p,hsa_circ_0072851
hsa-miR-608,hsa_circ_0091803
hsa-miR-608,hsa_circ_0091804
hsa-miR-608,hsa_circ_0091805
hsa-miR-612,hsa_circ_0004886
hsa-miR-612,hsa_circ_0048499
hsa-miR-619-5p,hsa_circ_0017351
hsa-miR-665,hsa_circ_0081081
hsa-miR-6736-5p,hsa_circ_0049106
hsa-miR-6736-5p,hsa_circ_0049111
hsa-miR-6736-5p,hsa_circ_0049112
hsa-miR-6736-5p,hsa_circ_0049116
hsa-miR-6736-5p,hsa_circ_0049120
hsa-miR-6840-3p,hsa_circ_0041126
hsa-miR-766-3p,hsa_circ_0049937
hsa-miR-1184,hsa_circ_0034771
hsa-miR-3187-5p,hsa_circ_0010653
hsa-miR-4478,hsa_circ_0063518
hsa-miR-4778-3p,hsa_circ_0013875
hsa-miR-532-3p,hsa_circ_0046560
hsa-miR-1915-3p,hsa_circ_0034154
hsa-miR-2861,hsa_circ_0019920
hsa-miR-2861,hsa_circ_0019921
hsa-miR-2861,hsa_circ_0019922
hsa-miR-2861,hsa_circ_0019923
hsa-miR-2861,hsa_circ_0019924
hsa-miR-2861,hsa_circ_0019926
hsa-miR-29b-3p,hsa_circ_0044526
hsa-miR-29b-3p,hsa_circ_0044534
hsa-miR-3192-5p,hsa_circ_0041864
hsa-miR-3192-5p,hsa_circ_0041876
hsa-miR-3192-5p,hsa_circ_0041881
hsa-miR-4297,hsa_circ_0029351
hsa-miR-4297,hsa_circ_0029353
hsa-miR-484,hsa_circ_0065401
hsa-miR-484,hsa_circ_0065403
hsa-miR-484,hsa_circ_0065404
hsa-miR-661,hsa_circ_0037432
hsa-miR-665,hsa_circ_0081108
hsa-miR-665,hsa_circ_0081110
hsa-miR-6840-3p,hsa_circ_0049109
hsa-miR-6840-3p,hsa_circ_0049110
hsa-miR-29b-3p,hsa_circ_0044539
hsa-miR-3937,hsa_circ_0049814
hsa-miR-3937,hsa_circ_0049815
hsa-miR-3937,hsa_circ_0049818
hsa-miR-6772-3p,hsa_circ_0085899
hsa-miR-6772-3p,hsa_circ_0085900
hsa-miR-6772-5p,hsa_circ_0049111
hsa-miR-6772-5p,hsa_circ_0049112
hsa-miR-1183,hsa_circ_0013876
hsa-miR-1207-5p,hsa_circ_0020555
hsa-miR-1226-5p,hsa_circ_0026097
hsa-miR-3064-3p,hsa_circ_0050271
hsa-miR-30d-5p,hsa_circ_0013876
hsa-miR-5698,hsa_circ_0020280
hsa-miR-6085,hsa_circ_0091854
hsa-miR-6085,hsa_circ_0091855
hsa-miR-6085,hsa_circ_0091856
hsa-miR-6085,hsa_circ_0091857
hsa-miR-6085,hsa_circ_0091858
hsa-miR-6085,hsa_circ_0091866
hsa-miR-6085,hsa_circ_0091867
hsa-miR-6085,hsa_circ_0091870
hsa-miR-619-5p,hsa_circ_0004192
hsa-miR-1286,hsa_circ_0081062
hsa-miR-1972,hsa_circ_0081673
hsa-miR-30b-3p,hsa_circ_0005798
hsa-miR-30b-3p,hsa_circ_0068940
hsa-miR-3187-5p,hsa_circ_0010662
hsa-miR-3187-5p,hsa_circ_0010663
hsa-miR-3187-5p,hsa_circ_0010669
hsa-miR-4739,hsa_circ_0075953
hsa-miR-6762-5p,hsa_circ_0039097
hsa-miR-6849-3p,hsa_circ_0046155
hsa-miR-3187-5p,hsa_circ_0010683
hsa-miR-4685-5p,hsa_circ_0048499
hsa-miR-6791-5p,hsa_circ_0030864
hsa-miR-6791-5p,hsa_circ_0030869
hsa-miR-6870-5p,hsa_circ_0037999
hsa-miR-1827,hsa_circ_0041843
hsa-miR-619-5p,hsa_circ_0021851
hsa-miR-6744-3p,hsa_circ_0016773
hsa-miR-6744-3p,hsa_circ_0016775
hsa-miR-6744-3p,hsa_circ_0016776
hsa-miR-6787-3p,hsa_circ_0060070
hsa-miR-6787-3p,hsa_circ_0060071
hsa-miR-6787-3p,hsa_circ_0060073
hsa-miR-6787-3p,hsa_circ_0060075
hsa-miR-3196,hsa_circ_0051929
hsa-miR-4733-3p,hsa_circ_0044516
hsa-miR-627-3p,hsa_circ_0046840
hsa-miR-627-3p,hsa_circ_0046844
hsa-miR-627-3p,hsa_circ_0046845
hsa-miR-627-3p,hsa_circ_0046847
hsa-miR-627-3p,hsa_circ_0046850
hsa-miR-627-3p,hsa_circ_0046851
hsa-miR-627-3p,hsa_circ_0046852
hsa-miR-6876-5p,hsa_circ_0061989
hsa-miR-1286,hsa_circ_0081115
hsa-miR-138-5p,hsa_circ_0052245
hsa-miR-141-5p,hsa_circ_0029351
hsa-miR-141-5p,hsa_circ_0029353
hsa-miR-619-5p,hsa_circ_0008493
hsa-miR-619-5p,hsa_circ_0070741
hsa-miR-3163,hsa_circ_0080692
hsa-miR-4733-3p,hsa_circ_0034154
hsa-miR-574-5p,hsa_circ_0029891
hsa-miR-6883-5p,hsa_circ_0032902
hsa-miR-2861,hsa_circ_0019893
hsa-miR-5193,hsa_circ_0074522
hsa-miR-568,hsa_circ_0057112
hsa-miR-6722-3p,hsa_circ_0026096
hsa-miR-1286,hsa_circ_0081106
hsa-miR-1286,hsa_circ_0081107
hsa-miR-30b-3p,hsa_circ_0019789
hsa-miR-30b-3p,hsa_circ_0019793
hsa-miR-30b-3p,hsa_circ_0019795
hsa-miR-30b-3p,hsa_circ_0019796
hsa-miR-34b-5p,hsa_circ_0013876
hsa-miR-4447,hsa_circ_0020280
hsa-miR-4692,hsa_circ_0013876
hsa-miR-4733-3p,hsa_circ_0044532
hsa-miR-506-3p,hsa_circ_0013876
hsa-miR-526b-5p,hsa_circ_0038445
hsa-miR-5582-5p,hsa_circ_0089792
hsa-miR-6762-5p,hsa_circ_0082878
hsa-miR-6762-5p,hsa_circ_0082879
hsa-miR-6791-5p,hsa_circ_0030854
hsa-miR-29a-3p,hsa_circ_0044510
hsa-miR-29a-3p,hsa_circ_0044511
hsa-miR-29a-3p,hsa_circ_0044512
hsa-miR-29a-3p,hsa_circ_0044518
hsa-miR-29a-3p,hsa_circ_0044519
hsa-miR-943,hsa_circ_0004790
hsa-miR-943,hsa_circ_0007514
hsa-miR-943,hsa_circ_0008447
hsa-miR-943,hsa_circ_0031059
hsa-miR-943,hsa_circ_0031066
hsa-miR-943,hsa_circ_0031067
hsa-miR-4656,hsa_circ_0044246
hsa-miR-661,hsa_circ_0065402
hsa-miR-661,hsa_circ_0065403
hsa-miR-661,hsa_circ_0065408
hsa-miR-661,hsa_circ_0065411
hsa-miR-3116,hsa_circ_0009180
hsa-miR-3137,hsa_circ_0049109
hsa-miR-3137,hsa_circ_0049110
hsa-miR-3137,hsa_circ_0049112
hsa-miR-4753-3p,hsa_circ_0069223
hsa-miR-4799-3p,hsa_circ_0013876
hsa-miR-619-5p,hsa_circ_0005873
hsa-miR-619-5p,hsa_circ_0008351
hsa-miR-619-5p,hsa_circ_0068732
hsa-miR-619-5p,hsa_circ_0068741
hsa-miR-619-5p,hsa_circ_0068752
hsa-miR-619-5p,hsa_circ_0068761
hsa-miR-619-5p,hsa_circ_0068762
hsa-miR-6842-5p,hsa_circ_0080666
hsa-miR-4487,hsa_circ_0048499
hsa-miR-6722-3p,hsa_circ_0049815
hsa-miR-20b-3p,hsa_circ_0044246
hsa-miR-3619-5p,hsa_circ_0044533
hsa-miR-3619-5p,hsa_circ_0044543
hsa-miR-3619-5p,hsa_circ_0044547
hsa-miR-3619-5p,hsa_circ_0044548
hsa-miR-3619-5p,hsa_circ_0044549
hsa-miR-4768-5p,hsa_circ_0055230
hsa-miR-4768-5p,hsa_circ_0055233
hsa-miR-4768-5p,hsa_circ_0055235
hsa-miR-4768-5p,hsa_circ_0055236
hsa-miR-4768-5p,hsa_circ_0055237
hsa-miR-4768-5p,hsa_circ_0055239
hsa-miR-6849-3p,hsa_circ_0006648
hsa-miR-6849-3p,hsa_circ_0063516
hsa-miR-6849-3p,hsa_circ_0063533
hsa-miR-214-3p,hsa_circ_0044506
hsa-miR-3619-5p,hsa_circ_0044515
hsa-miR-3619-5p,hsa_circ_0044516
hsa-miR-4733-3p,hsa_circ_0044558
hsa-miR-4733-3p,hsa_circ_0044559
hsa-miR-4733-3p,hsa_circ_0044560
hsa-miR-6722-3p,hsa_circ_0049818
hsa-miR-23b-3p,hsa_circ_0050271
hsa-miR-619-5p,hsa_circ_0014789
hsa-miR-6849-3p,hsa_circ_0056703
hsa-miR-6882-3p,hsa_circ_0010542
hsa-miR-20b-3p,hsa_circ_0019789
hsa-miR-20b-3p,hsa_circ_0019793
hsa-miR-20b-3p,hsa_circ_0019795
hsa-miR-20b-3p,hsa_circ_0019796
hsa-miR-3972,hsa_circ_0040688
hsa-miR-4436b-5p,hsa_circ_0013876
hsa-miR-4782-5p,hsa_circ_0029351
hsa-miR-4782-5p,hsa_circ_0029353
hsa-miR-4756-5p,hsa_circ_0041089
hsa-miR-4756-5p,hsa_circ_0041099
hsa-miR-4756-5p,hsa_circ_0041116
hsa-miR-619-5p,hsa_circ_0017832
hsa-miR-6828-3p,hsa_circ_0079155
hsa-miR-1197,hsa_circ_0089788
hsa-miR-1197,hsa_circ_0089789
hsa-miR-6734-5p,hsa_circ_0002172
hsa-miR-6734-5p,hsa_circ_0089776
hsa-miR-6895-5p,hsa_circ_0044548
hsa-miR-3665,hsa_circ_0089547
hsa-miR-4733-3p,hsa_circ_0006799
hsa-miR-4733-3p,hsa_circ_0045783
hsa-miR-4733-3p,hsa_circ_0045784
hsa-miR-4733-3p,hsa_circ_0045785
hsa-miR-4733-3p,hsa_circ_0045787
hsa-miR-4733-3p,hsa_circ_0045789
hsa-miR-6500-3p,hsa_circ_0052115
hsa-miR-6873-3p,hsa_circ_0043961
hsa-miR-149-5p,hsa_circ_0061128
hsa-miR-619-5p,hsa_circ_0039778
hsa-miR-619-5p,hsa_circ_0039779
hsa-miR-6895-5p,hsa_circ_0044533
hsa-miR-6849-3p,hsa_circ_0044246
hsa-miR-135b-3p,hsa_circ_0013874
hsa-miR-219a-1-3p,hsa_circ_0013874
hsa-miR-30c-1-3p,hsa_circ_0020280
hsa-miR-383-3p,hsa_circ_0013876
hsa-miR-4676-3p,hsa_circ_0013876
hsa-miR-548an,hsa_circ_0013876
hsa-miR-6793-5p,hsa_circ_0013876
hsa-miR-6805-5p,hsa_circ_0005180
hsa-miR-6805-5p,hsa_circ_0017180
hsa-miR-6805-5p,hsa_circ_0017181
hsa-miR-6805-5p,hsa_circ_0017182
hsa-miR-6805-5p,hsa_circ_0017183
hsa-miR-6805-5p,hsa_circ_0017184
hsa-miR-6895-5p,hsa_circ_0049109
hsa-miR-6895-5p,hsa_circ_0049110
hsa-miR-619-5p,hsa_circ_0055902
hsa-miR-6895-5p,hsa_circ_0044521
hsa-miR-1273h-5p,hsa_circ_0055407
hsa-miR-130b-5p,hsa_circ_0029351
hsa-miR-130b-5p,hsa_circ_0029353
hsa-miR-1321,hsa_circ_0031813
hsa-miR-205-5p,hsa_circ_0020280
hsa-miR-30a-5p,hsa_circ_0013876
hsa-miR-4720-5p,hsa_circ_0013870
hsa-miR-4720-5p,hsa_circ_0013871
hsa-miR-605-3p,hsa_circ_0055735
hsa-miR-605-3p,hsa_circ_0055736
hsa-miR-605-3p,hsa_circ_0055738
hsa-miR-6851-3p,hsa_circ_0013876
hsa-miR-1277-5p,hsa_circ_0080692
hsa-miR-1303,hsa_circ_0081673
hsa-miR-181b-5p,hsa_circ_0035150
hsa-miR-4789-5p,hsa_circ_0068783
hsa-miR-181d-5p,hsa_circ_0035150
hsa-miR-3925-3p,hsa_circ_0050272
hsa-miR-1277-5p,hsa_circ_0019043
hsa-miR-181d-5p,hsa_circ_0035156
hsa-miR-486-3p,hsa_circ_0020282
hsa-miR-3925-3p,hsa_circ_0052290
hsa-miR-486-3p,hsa_circ_0020279
hsa-miR-619-5p,hsa_circ_0005503
hsa-miR-1273h-5p,hsa_circ_0081378
hsa-miR-4685-5p,hsa_circ_0049122
hsa-miR-4685-5p,hsa_circ_0079107
hsa-miR-4644,hsa_circ_0043980
hsa-miR-6756-5p,hsa_circ_0000726
hsa-miR-181b-5p,hsa_circ_0035158
hsa-miR-181b-5p,hsa_circ_0035159
hsa-miR-3925-3p,hsa_circ_0052064
hsa-miR-4685-5p,hsa_circ_0049115
hsa-miR-574-5p,hsa_circ_0051235
hsa-miR-574-5p,hsa_circ_0051236
hsa-miR-574-5p,hsa_circ_0051237
hsa-miR-574-5p,hsa_circ_0051238
hsa-miR-574-5p,hsa_circ_0051239
hsa-miR-4739,hsa_circ_0057955
hsa-miR-1273h-5p,hsa_circ_0004995
hsa-miR-3929,hsa_circ_0050480
hsa-miR-3929,hsa_circ_0050485
hsa-miR-3929,hsa_circ_0050491
hsa-miR-3929,hsa_circ_0050493
hsa-miR-3929,hsa_circ_0050497
hsa-miR-3929,hsa_circ_0050500
hsa-miR-3929,hsa_circ_0050501
hsa-miR-3929,hsa_circ_0050502
hsa-miR-3929,hsa_circ_0050503
hsa-miR-1273h-5p,hsa_circ_0050233
hsa-miR-665,hsa_circ_0002379
hsa-miR-3925-3p,hsa_circ_0068785
hsa-miR-4722-5p,hsa_circ_0013876
hsa-miR-3925-3p,hsa_circ_0049516
hsa-miR-3925-3p,hsa_circ_0049517
hsa-miR-3925-3p,hsa_circ_0049518
hsa-miR-3925-3p,hsa_circ_0049519
hsa-miR-5193,hsa_circ_0066050
hsa-miR-5193,hsa_circ_0066051
hsa-miR-5193,hsa_circ_0066052
hsa-miR-373-3p,hsa_circ_0079934
hsa-miR-3925-3p,hsa_circ_0080293
hsa-miR-4739,hsa_circ_0007680
hsa-miR-6836-5p,hsa_circ_0082877
hsa-miR-6836-5p,hsa_circ_0082881
hsa-miR-6812-5p,hsa_circ_0039097
hsa-miR-190a-3p,hsa_circ_0076921
hsa-miR-143-5p,hsa_circ_0027022
hsa-miR-4685-5p,hsa_circ_0049099
hsa-miR-4685-5p,hsa_circ_0049103
hsa-miR-4685-5p,hsa_circ_0049108
hsa-miR-1277-5p,hsa_circ_0070969
hsa-miR-1277-5p,hsa_circ_0070970
hsa-miR-1260a,hsa_circ_0029351
hsa-miR-1260a,hsa_circ_0029353
hsa-miR-3127-3p,hsa_circ_0016775
hsa-miR-6756-5p,hsa_circ_0009566
hsa-miR-6870-3p,hsa_circ_0013873
hsa-miR-4763-3p,hsa_circ_0075556
hsa-miR-4763-3p,hsa_circ_0075557
hsa-miR-4763-3p,hsa_circ_0075558
hsa-miR-5580-5p,hsa_circ_0049105
hsa-miR-5580-5p,hsa_circ_0049106
hsa-miR-5589-5p,hsa_circ_0048520
hsa-miR-6763-3p,hsa_circ_0016775
hsa-miR-4632-5p,hsa_circ_0051235
hsa-miR-4632-5p,hsa_circ_0051236
hsa-miR-4632-5p,hsa_circ_0051237
hsa-miR-4632-5p,hsa_circ_0051238
hsa-miR-4632-5p,hsa_circ_0051239
hsa-miR-6826-3p,hsa_circ_0052258
hsa-miR-3187-5p,hsa_circ_0026092
hsa-miR-3613-3p,hsa_circ_0012762
hsa-miR-3929,hsa_circ_0087637
hsa-miR-3929,hsa_circ_0087638
hsa-miR-3929,hsa_circ_0087639
hsa-miR-3929,hsa_circ_0087640
hsa-miR-6797-5p,hsa_circ_0022958
hsa-miR-877-3p,hsa_circ_0075371
hsa-miR-612,hsa_circ_0023414
hsa-miR-6773-3p,hsa_circ_0020279
hsa-miR-6773-3p,hsa_circ_0020282
hsa-miR-6796-5p,hsa_circ_0049105
hsa-miR-6796-5p,hsa_circ_0049106
hsa-miR-6803-5p,hsa_circ_0051279
hsa-miR-1249-5p,hsa_circ_0007740
hsa-miR-1249-5p,hsa_circ_0026670
hsa-miR-1249-5p,hsa_circ_0026671
hsa-miR-1249-5p,hsa_circ_0026672
hsa-miR-3925-3p,hsa_circ_0050314
hsa-miR-6878-3p,hsa_circ_0016777
hsa-miR-181b-5p,hsa_circ_0035140
hsa-miR-328-5p,hsa_circ_0025078
hsa-miR-328-5p,hsa_circ_0025081
hsa-miR-328-5p,hsa_circ_0025082
hsa-miR-328-5p,hsa_circ_0025085
hsa-miR-4680-3p,hsa_circ_0015760
hsa-miR-3929,hsa_circ_0087424
hsa-miR-3929,hsa_circ_0087425
hsa-miR-4665-3p,hsa_circ_0041373
hsa-miR-665,hsa_circ_0063516
hsa-miR-6796-5p,hsa_circ_0049112
hsa-miR-1273h-5p,hsa_circ_0075156
hsa-miR-1304-3p,hsa_circ_0027022
hsa-miR-3925-3p,hsa_circ_0049496
hsa-miR-3925-3p,hsa_circ_0049497
hsa-miR-4259,hsa_circ_0041143
hsa-miR-4726-5p,hsa_circ_0057425
hsa-miR-6830-3p,hsa_circ_0020490
hsa-miR-6832-3p,hsa_circ_0013873
hsa-miR-6893-3p,hsa_circ_0023414
hsa-miR-328-5p,hsa_circ_0051755
hsa-miR-6081,hsa_circ_0051308
hsa-miR-661,hsa_circ_0061128
hsa-miR-6827-5p,hsa_circ_0010642
hsa-miR-6827-5p,hsa_circ_0010643
hsa-miR-6827-5p,hsa_circ_0010644
hsa-miR-6827-5p,hsa_circ_0010645
hsa-miR-6827-5p,hsa_circ_0010646
hsa-miR-6827-5p,hsa_circ_0010647
hsa-miR-6827-5p,hsa_circ_0010648
hsa-miR-6827-5p,hsa_circ_0010654
hsa-miR-6827-5p,hsa_circ_0010657
hsa-miR-6827-5p,hsa_circ_0010658
hsa-miR-6827-5p,hsa_circ_0010662
hsa-miR-6827-5p,hsa_circ_0010663
hsa-miR-6827-5p,hsa_circ_0010669
hsa-miR-6827-5p,hsa_circ_0010670
hsa-miR-6827-5p,hsa_circ_0010671
hsa-miR-4739,hsa_circ_0049815
hsa-miR-6827-5p,hsa_circ_0010599
hsa-miR-6827-5p,hsa_circ_0010600
hsa-miR-1273h-5p,hsa_circ_0006648
hsa-miR-181b-5p,hsa_circ_0042202
hsa-miR-2467-3p,hsa_circ_0075946
hsa-miR-4646-5p,hsa_circ_0057955
hsa-miR-5196-3p,hsa_circ_0058666
hsa-miR-5196-3p,hsa_circ_0058667
hsa-miR-5196-3p,hsa_circ_0058671
hsa-miR-5196-3p,hsa_circ_0058672
hsa-miR-5196-3p,hsa_circ_0058673
hsa-miR-5196-3p,hsa_circ_0058675
hsa-miR-6722-3p,hsa_circ_0066066
hsa-miR-6743-3p,hsa_circ_0085899
hsa-miR-6743-3p,hsa_circ_0085900
hsa-miR-6827-5p,hsa_circ_0010541
hsa-miR-6827-5p,hsa_circ_0010544
hsa-miR-6827-5p,hsa_circ_0010548
hsa-miR-6827-5p,hsa_circ_0010552
hsa-miR-6827-5p,hsa_circ_0010555
hsa-miR-6827-5p,hsa_circ_0010565
hsa-miR-6827-5p,hsa_circ_0010580
hsa-miR-6827-5p,hsa_circ_0010585
hsa-miR-762,hsa_circ_0049109
hsa-miR-762,hsa_circ_0049110
hsa-miR-762,hsa_circ_0049112
hsa-miR-1273h-5p,hsa_circ_0008352
hsa-miR-181b-5p,hsa_circ_0052290
hsa-miR-612,hsa_circ_0026097
hsa-miR-6131,hsa_circ_0029351
hsa-miR-6131,hsa_circ_0029353
hsa-miR-6769b-5p,hsa_circ_0041890
hsa-miR-6769b-5p,hsa_circ_0041891
hsa-miR-3925-3p,hsa_circ_0049157
hsa-miR-455-3p,hsa_circ_0061130
hsa-miR-4685-5p,hsa_circ_0021025
hsa-miR-4685-5p,hsa_circ_0021030
hsa-miR-4685-5p,hsa_circ_0021031
hsa-miR-4685-5p,hsa_circ_0021033
hsa-miR-4685-5p,hsa_circ_0021034
hsa-miR-4685-5p,hsa_circ_0021035
hsa-miR-6827-5p,hsa_circ_0010622
hsa-miR-181d-5p,hsa_circ_0035140
hsa-miR-3613-3p,hsa_circ_0050102
hsa-miR-4433a-3p,hsa_circ_0049113
hsa-miR-3613-3p,hsa_circ_0004642
hsa-miR-3613-3p,hsa_circ_0004778
hsa-miR-3613-3p,hsa_circ_0004836
hsa-miR-4726-5p,hsa_circ_0044525
hsa-miR-6756-5p,hsa_circ_0065130
hsa-miR-7106-5p,hsa_circ_0005180
hsa-miR-7106-5p,hsa_circ_0017180
hsa-miR-7106-5p,hsa_circ_0017181
hsa-miR-7106-5p,hsa_circ_0017182
hsa-miR-7106-5p,hsa_circ_0017183
hsa-miR-7106-5p,hsa_circ_0017184
hsa-miR-1207-5p,hsa_circ_0010598
hsa-miR-1207-5p,hsa_circ_0010621
hsa-miR-3064-3p,hsa_circ_0052064
hsa-miR-4726-5p,hsa_circ_0019902
hsa-miR-4726-5p,hsa_circ_0019903
hsa-miR-4726-5p,hsa_circ_0019904
hsa-miR-4726-5p,hsa_circ_0019905
hsa-miR-4726-5p,hsa_circ_0019906
hsa-miR-4726-5p,hsa_circ_0019907
hsa-miR-4726-5p,hsa_circ_0019908
hsa-miR-4726-5p,hsa_circ_0019909
hsa-miR-587,hsa_circ_0013876
hsa-miR-612,hsa_circ_0086853
hsa-miR-612,hsa_circ_0086854
hsa-miR-612,hsa_circ_0086855
hsa-miR-612,hsa_circ_0086856
hsa-miR-612,hsa_circ_0086857
hsa-miR-1303,hsa_circ_0026973
hsa-miR-612,hsa_circ_0010580
hsa-miR-612,hsa_circ_0010585
hsa-miR-612,hsa_circ_0010589
hsa-miR-612,hsa_circ_0010596
hsa-miR-612,hsa_circ_0010597
hsa-miR-612,hsa_circ_0010621
hsa-miR-612,hsa_circ_0086904
hsa-miR-6845-3p,hsa_circ_0016773
hsa-miR-6845-3p,hsa_circ_0016775
hsa-miR-6845-3p,hsa_circ_0016776
hsa-miR-6882-3p,hsa_circ_0034771
hsa-miR-6741-5p,hsa_circ_0049122
hsa-miR-6741-5p,hsa_circ_0049125
hsa-miR-6753-5p,hsa_circ_0044548
hsa-miR-6756-5p,hsa_circ_0040297
hsa-miR-6756-5p,hsa_circ_0051649
hsa-miR-6860,hsa_circ_0082881
hsa-miR-5011-5p,hsa_circ_0068783
hsa-miR-6794-5p,hsa_circ_0044512
hsa-miR-6848-5p,hsa_circ_0009561
hsa-miR-6848-5p,hsa_circ_0009562
hsa-miR-6848-5p,hsa_circ_0009563
hsa-miR-6848-5p,hsa_circ_0009564
hsa-miR-6887-5p,hsa_circ_0068917
hsa-miR-1207-5p,hsa_circ_0010640
hsa-miR-1207-5p,hsa_circ_0010641
hsa-miR-1207-5p,hsa_circ_0010642
hsa-miR-1207-5p,hsa_circ_0010643
hsa-miR-1207-5p,hsa_circ_0010644
hsa-miR-1207-5p,hsa_circ_0010645
hsa-miR-1207-5p,hsa_circ_0010646
hsa-miR-1207-5p,hsa_circ_0010647
hsa-miR-1207-5p,hsa_circ_0010648
hsa-miR-1207-5p,hsa_circ_0010653
hsa-miR-1207-5p,hsa_circ_0010654
hsa-miR-1207-5p,hsa_circ_0010657
hsa-miR-1207-5p,hsa_circ_0010658
hsa-miR-1237-5p,hsa_circ_0052245
hsa-miR-1273h-5p,hsa_circ_0068940
hsa-miR-4640-5p,hsa_circ_0081060
hsa-miR-4640-5p,hsa_circ_0081061
hsa-miR-4726-5p,hsa_circ_0044545
hsa-miR-4763-3p,hsa_circ_0089529
hsa-miR-4763-3p,hsa_circ_0089530
hsa-miR-6756-5p,hsa_circ_0079682
hsa-miR-6756-5p,hsa_circ_0091803
hsa-miR-6756-5p,hsa_circ_0091804
hsa-miR-6756-5p,hsa_circ_0091805
hsa-miR-6756-5p,hsa_circ_0091806
hsa-miR-6756-5p,hsa_circ_0091807
hsa-miR-6756-5p,hsa_circ_0091808
hsa-miR-6891-5p,hsa_circ_0074314
hsa-miR-6891-5p,hsa_circ_0074315
hsa-miR-6891-5p,hsa_circ_0074316
hsa-miR-6891-5p,hsa_circ_0074317
hsa-miR-6891-5p,hsa_circ_0074318
hsa-miR-6891-5p,hsa_circ_0074319
hsa-miR-6891-5p,hsa_circ_0074320
hsa-miR-1273h-5p,hsa_circ_0092179
hsa-miR-1913,hsa_circ_0010572
hsa-miR-1913,hsa_circ_0010622
hsa-miR-1913,hsa_circ_0010640
hsa-miR-3929,hsa_circ_0052094
hsa-miR-4644,hsa_circ_0007740
hsa-miR-5193,hsa_circ_0069822
hsa-miR-612,hsa_circ_0010571
hsa-miR-1273h-5p,hsa_circ_0017040
hsa-miR-1273h-5p,hsa_circ_0072026
hsa-miR-1273h-5p,hsa_circ_0081590
hsa-miR-23a-3p,hsa_circ_0050307
hsa-miR-23a-3p,hsa_circ_0050308
hsa-miR-328-5p,hsa_circ_0049171
hsa-miR-3613-3p,hsa_circ_0005558
hsa-miR-4685-3p,hsa_circ_0065397
hsa-miR-4685-3p,hsa_circ_0065398
hsa-miR-4685-3p,hsa_circ_0065405
hsa-miR-4690-3p,hsa_circ_0051309
hsa-miR-4733-3p,hsa_circ_0057377
hsa-miR-6089,hsa_circ_0038317
hsa-miR-6756-5p,hsa_circ_0010541
hsa-miR-181b-5p,hsa_circ_0052055
hsa-miR-3929,hsa_circ_0031813
hsa-miR-4640-5p,hsa_circ_0082877
hsa-miR-4685-5p,hsa_circ_0022883
hsa-miR-4685-5p,hsa_circ_0022884
hsa-miR-6780a-5p,hsa_circ_0078934
hsa-miR-6782-5p,hsa_circ_0026928
hsa-miR-6782-5p,hsa_circ_0026929
hsa-miR-6803-5p,hsa_circ_0039071
hsa-miR-181a-5p,hsa_circ_0035148
hsa-miR-181d-5p,hsa_circ_0052316
hsa-miR-3138,hsa_circ_0006113
hsa-miR-3661,hsa_circ_0010572
hsa-miR-3661,hsa_circ_0010622
hsa-miR-3661,hsa_circ_0010640
hsa-miR-3925-3p,hsa_circ_0052102
hsa-miR-3929,hsa_circ_0023418
hsa-miR-3929,hsa_circ_0023419
hsa-miR-4794,hsa_circ_0055735
hsa-miR-4794,hsa_circ_0055736
hsa-miR-4794,hsa_circ_0055738
hsa-miR-484,hsa_circ_0013874
hsa-miR-5189-5p,hsa_circ_0010581
hsa-miR-5189-5p,hsa_circ_0010582
hsa-miR-5189-5p,hsa_circ_0010601
hsa-miR-5189-5p,hsa_circ_0010602
hsa-miR-608,hsa_circ_0026092
hsa-miR-612,hsa_circ_0010653
hsa-miR-612,hsa_circ_0010668
hsa-miR-612,hsa_circ_0010672
hsa-miR-663b,hsa_circ_0020279
hsa-miR-665,hsa_circ_0006648
hsa-miR-6875-3p,hsa_circ_0013876
hsa-miR-1273h-5p,hsa_circ_0078794
hsa-miR-1273h-5p,hsa_circ_0078812
hsa-miR-1273h-5p,hsa_circ_0078968
hsa-miR-4430,hsa_circ_0077011
hsa-miR-4725-5p,hsa_circ_0049110
hsa-miR-4725-5p,hsa_circ_0049113
hsa-miR-4775,hsa_circ_0052094
hsa-miR-608,hsa_circ_0080666
hsa-miR-608,hsa_circ_0080668
hsa-miR-6751-5p,hsa_circ_0026092
hsa-miR-7847-3p,hsa_circ_0020316
hsa-miR-7851-3p,hsa_circ_0039972
hsa-miR-1273h-5p,hsa_circ_0006177
hsa-miR-138-5p,hsa_circ_0037574
hsa-miR-1908-3p,hsa_circ_0030834
hsa-miR-4268,hsa_circ_0042840
hsa-miR-4763-3p,hsa_circ_0061080
hsa-miR-4763-3p,hsa_circ_0073943
hsa-miR-5088-3p,hsa_circ_0065407
hsa-miR-612,hsa_circ_0010703
hsa-miR-665,hsa_circ_0072824
hsa-miR-6741-5p,hsa_circ_0049099
hsa-miR-6741-5p,hsa_circ_0049103
hsa-miR-6741-5p,hsa_circ_0049108
hsa-miR-6741-5p,hsa_circ_0049115
hsa-miR-6837-5p,hsa_circ_0033532
hsa-miR-6837-5p,hsa_circ_0033533
hsa-miR-6837-5p,hsa_circ_0033534
hsa-miR-6862-3p,hsa_circ_0048085
hsa-miR-6862-3p,hsa_circ_0048086
hsa-miR-6862-3p,hsa_circ_0048087
hsa-miR-6862-3p,hsa_circ_0048088
hsa-miR-6862-3p,hsa_circ_0048089
hsa-miR-6884-5p,hsa_circ_0078934
hsa-miR-762,hsa_circ_0051281
hsa-miR-874-5p,hsa_circ_0082878
hsa-miR-1273h-5p,hsa_circ_0052316
hsa-miR-4270,hsa_circ_0082879
hsa-miR-4433b-3p,hsa_circ_0049113
hsa-miR-4691-5p,hsa_circ_0063100
hsa-miR-4739,hsa_circ_0014667
hsa-miR-5008-5p,hsa_circ_0065399
hsa-miR-5008-5p,hsa_circ_0065400
hsa-miR-5008-5p,hsa_circ_0065401
hsa-miR-5008-5p,hsa_circ_0065402
hsa-miR-5008-5p,hsa_circ_0065403
hsa-miR-5008-5p,hsa_circ_0065404
hsa-miR-619-5p,hsa_circ_0046155
hsa-miR-6766-5p,hsa_circ_0063886
hsa-miR-6797-5p,hsa_circ_0003960
hsa-miR-1277-5p,hsa_circ_0007033
hsa-miR-149-3p,hsa_circ_0057955
hsa-miR-4739,hsa_circ_0039097
hsa-miR-6133,hsa_circ_0057955
hsa-miR-1913,hsa_circ_0010685
hsa-miR-4690-3p,hsa_circ_0020279
hsa-miR-4690-3p,hsa_circ_0020282
hsa-miR-4726-5p,hsa_circ_0081152
hsa-miR-4763-3p,hsa_circ_0058199
hsa-miR-5088-3p,hsa_circ_0065408
hsa-miR-574-5p,hsa_circ_0041667
hsa-miR-574-5p,hsa_circ_0041668
hsa-miR-637,hsa_circ_0033561
hsa-miR-6852-5p,hsa_circ_0061128
hsa-miR-6888-3p,hsa_circ_0072883
hsa-miR-6893-3p,hsa_circ_0034771
hsa-miR-4685-5p,hsa_circ_0022859
hsa-miR-4685-5p,hsa_circ_0062694
hsa-miR-4685-5p,hsa_circ_0062695
hsa-miR-4685-5p,hsa_circ_0062697
hsa-miR-4733-3p,hsa_circ_0057385
hsa-miR-4733-3p,hsa_circ_0057388
hsa-miR-4733-3p,hsa_circ_0057390
hsa-miR-4733-3p,hsa_circ_0057391
hsa-miR-4733-3p,hsa_circ_0057393
hsa-miR-4733-3p,hsa_circ_0057396
hsa-miR-4763-3p,hsa_circ_0041954
hsa-miR-4763-3p,hsa_circ_0051922
hsa-miR-6756-5p,hsa_circ_0051929
hsa-miR-762,hsa_circ_0041951
hsa-miR-181a-5p,hsa_circ_0035156
hsa-miR-1913,hsa_circ_0010689
hsa-miR-1913,hsa_circ_0010691
hsa-miR-30b-3p,hsa_circ_0005266
hsa-miR-3663-3p,hsa_circ_0044512
hsa-miR-3663-3p,hsa_circ_0044519
hsa-miR-4775,hsa_circ_0026973
hsa-miR-501-5p,hsa_circ_0055728
hsa-miR-5189-5p,hsa_circ_0010559
hsa-miR-637,hsa_circ_0009561
hsa-miR-637,hsa_circ_0009562
hsa-miR-637,hsa_circ_0009563
hsa-miR-6735-5p,hsa_circ_0082878
hsa-miR-6797-5p,hsa_circ_0026670
hsa-miR-6797-5p,hsa_circ_0026671
hsa-miR-6797-5p,hsa_circ_0026672
hsa-miR-6854-5p,hsa_circ_0072808
hsa-miR-6854-5p,hsa_circ_0072809
hsa-miR-6854-5p,hsa_circ_0072817
hsa-miR-6854-5p,hsa_circ_0072819
hsa-miR-6854-5p,hsa_circ_0072821
hsa-miR-6854-5p,hsa_circ_0072850
hsa-miR-6854-5p,hsa_circ_0072851
hsa-miR-7703,hsa_circ_0078999
hsa-miR-1273h-5p,hsa_circ_0078934
hsa-miR-1273h-5p,hsa_circ_0087637
hsa-miR-1273h-5p,hsa_circ_0087638
hsa-miR-1273h-5p,hsa_circ_0087639
hsa-miR-1273h-5p,hsa_circ_0087640
hsa-miR-3117-3p,hsa_circ_0020280
hsa-miR-3159,hsa_circ_0044246
hsa-miR-3187-5p,hsa_circ_0086872
hsa-miR-3187-5p,hsa_circ_0086873
hsa-miR-3187-5p,hsa_circ_0086881
hsa-miR-3187-5p,hsa_circ_0086889
hsa-miR-3187-5p,hsa_circ_0086890
hsa-miR-3187-5p,hsa_circ_0086891
hsa-miR-3613-3p,hsa_circ_0086740
hsa-miR-3929,hsa_circ_0038027
hsa-miR-4476,hsa_circ_0006648
hsa-miR-504-3p,hsa_circ_0062544
hsa-miR-548j-3p,hsa_circ_0073606
hsa-miR-615-5p,hsa_circ_0089429
hsa-miR-615-5p,hsa_circ_0089440
hsa-miR-6775-3p,hsa_circ_0020279
hsa-miR-6775-3p,hsa_circ_0020280
hsa-miR-6891-3p,hsa_circ_0051857
hsa-miR-7157-5p,hsa_circ_0016584
hsa-miR-7157-5p,hsa_circ_0016585
hsa-miR-939-3p,hsa_circ_0060079
hsa-miR-1249-5p,hsa_circ_0058914
hsa-miR-190a-3p,hsa_circ_0019043
hsa-miR-4268,hsa_circ_0063102
hsa-miR-4268,hsa_circ_0063105
hsa-miR-4268,hsa_circ_0063106
hsa-miR-4268,hsa_circ_0063107
hsa-miR-4268,hsa_circ_0063111
hsa-miR-4751,hsa_circ_0057385
hsa-miR-661,hsa_circ_0010544
hsa-miR-661,hsa_circ_0010548
hsa-miR-661,hsa_circ_0010552
hsa-miR-661,hsa_circ_0010555
hsa-miR-661,hsa_circ_0010558
hsa-miR-661,hsa_circ_0010565
hsa-miR-661,hsa_circ_0010571
hsa-miR-661,hsa_circ_0010580
hsa-miR-661,hsa_circ_0010585
hsa-miR-661,hsa_circ_0010589
hsa-miR-661,hsa_circ_0010594
hsa-miR-661,hsa_circ_0010595
hsa-miR-661,hsa_circ_0010596
hsa-miR-661,hsa_circ_0010597
hsa-miR-661,hsa_circ_0010614
hsa-miR-661,hsa_circ_0010618
hsa-miR-661,hsa_circ_0010619
hsa-miR-661,hsa_circ_0010620
hsa-miR-661,hsa_circ_0010631
hsa-miR-6756-5p,hsa_circ_0009372
hsa-miR-6780a-5p,hsa_circ_0038898
hsa-miR-6836-5p,hsa_circ_0049815
hsa-miR-6836-5p,hsa_circ_0049818
hsa-miR-6836-5p,hsa_circ_0049820
hsa-miR-3613-3p,hsa_circ_0063516
hsa-miR-3613-3p,hsa_circ_0063533
hsa-miR-3620-5p,hsa_circ_0026096
hsa-miR-4430,hsa_circ_0041843
hsa-miR-4763-3p,hsa_circ_0020758
hsa-miR-4763-3p,hsa_circ_0046336
hsa-miR-4763-3p,hsa_circ_0046337
hsa-miR-4763-3p,hsa_circ_0046338
hsa-miR-4763-3p,hsa_circ_0049818
hsa-miR-511-5p,hsa_circ_0034998
hsa-miR-5193,hsa_circ_0024407
hsa-miR-5193,hsa_circ_0024409
hsa-miR-5193,hsa_circ_0024410
hsa-miR-5193,hsa_circ_0024411
hsa-miR-5193,hsa_circ_0024412
hsa-miR-5193,hsa_circ_0024413
hsa-miR-5193,hsa_circ_0024414
hsa-miR-612,hsa_circ_0082881
hsa-miR-6753-5p,hsa_circ_0044532
hsa-miR-6803-5p,hsa_circ_0026093
hsa-miR-6803-5p,hsa_circ_0026097
hsa-miR-1273h-5p,hsa_circ_0075924
hsa-miR-181b-5p,hsa_circ_0052097
hsa-miR-181d-5p,hsa_circ_0042202
hsa-miR-3192-5p,hsa_circ_0072808
hsa-miR-3192-5p,hsa_circ_0072809
hsa-miR-3192-5p,hsa_circ_0072817
hsa-miR-3192-5p,hsa_circ_0072819
hsa-miR-3192-5p,hsa_circ_0072821
hsa-miR-3192-5p,hsa_circ_0072850
hsa-miR-3192-5p,hsa_circ_0072851
hsa-miR-3929,hsa_circ_0050271
hsa-miR-4685-5p,hsa_circ_0023020
hsa-miR-4733-3p,hsa_circ_0037448
hsa-miR-5193,hsa_circ_0021025
hsa-miR-5193,hsa_circ_0021030
hsa-miR-5193,hsa_circ_0021031
hsa-miR-5193,hsa_circ_0021033
hsa-miR-612,hsa_circ_0010682
hsa-miR-612,hsa_circ_0010683
hsa-miR-6728-3p,hsa_circ_0016308
hsa-miR-6754-5p,hsa_circ_0010573
hsa-miR-6754-5p,hsa_circ_0010581
hsa-miR-6754-5p,hsa_circ_0010582
hsa-miR-6754-5p,hsa_circ_0010583
hsa-miR-6754-5p,hsa_circ_0010608
hsa-miR-6754-5p,hsa_circ_0010609
hsa-miR-6754-5p,hsa_circ_0010610
hsa-miR-6754-5p,hsa_circ_0010625
hsa-miR-6754-5p,hsa_circ_0010626
hsa-miR-6780a-5p,hsa_circ_0019789
hsa-miR-6780a-5p,hsa_circ_0019793
hsa-miR-6780a-5p,hsa_circ_0019795
hsa-miR-6780a-5p,hsa_circ_0019796
hsa-miR-6785-5p,hsa_circ_0007740
hsa-miR-6812-5p,hsa_circ_0090569
hsa-miR-8485,hsa_circ_0079533
hsa-miR-877-3p,hsa_circ_0058666
hsa-miR-4685-3p,hsa_circ_0011308
hsa-miR-4685-3p,hsa_circ_0011309
hsa-miR-4685-3p,hsa_circ_0011310
hsa-miR-4751,hsa_circ_0057377
hsa-miR-5787,hsa_circ_0049814
hsa-miR-5787,hsa_circ_0049815
hsa-miR-637,hsa_circ_0019920
hsa-miR-637,hsa_circ_0019921
hsa-miR-637,hsa_circ_0019922
hsa-miR-637,hsa_circ_0019923
hsa-miR-637,hsa_circ_0019924
hsa-miR-6748-5p,hsa_circ_0041888
hsa-miR-6748-5p,hsa_circ_0041890
hsa-miR-6748-5p,hsa_circ_0041891
hsa-miR-6785-5p,hsa_circ_0003960
hsa-miR-6808-5p,hsa_circ_0049439
hsa-miR-1184,hsa_circ_0086864
hsa-miR-1184,hsa_circ_0086867
hsa-miR-3177-5p,hsa_circ_0089771
hsa-miR-4640-5p,hsa_circ_0081106
hsa-miR-4640-5p,hsa_circ_0081107
hsa-miR-4673,hsa_circ_0082881
hsa-miR-4685-5p,hsa_circ_0053176
hsa-miR-4685-5p,hsa_circ_0053179
hsa-miR-4685-5p,hsa_circ_0062099
hsa-miR-6756-5p,hsa_circ_0026923
hsa-miR-6756-5p,hsa_circ_0026924
hsa-miR-6756-5p,hsa_circ_0026925
hsa-miR-6756-5p,hsa_circ_0026926
hsa-miR-6756-5p,hsa_circ_0026927
hsa-miR-6756-5p,hsa_circ_0026928
hsa-miR-6756-5p,hsa_circ_0026929
hsa-miR-6797-5p,hsa_circ_0026923
hsa-miR-6797-5p,hsa_circ_0026924
hsa-miR-6797-5p,hsa_circ_0026925
hsa-miR-6797-5p,hsa_circ_0026926
hsa-miR-6797-5p,hsa_circ_0026927
hsa-miR-6797-5p,hsa_circ_0026928
hsa-miR-6797-5p,hsa_circ_0026929
hsa-miR-7843-5p,hsa_circ_0082878
hsa-miR-378j,hsa_circ_0020279
hsa-miR-3929,hsa_circ_0078934
hsa-miR-4530,hsa_circ_0044537
hsa-miR-4763-3p,hsa_circ_0048387
hsa-miR-4763-3p,hsa_circ_0048389
hsa-miR-5189-5p,hsa_circ_0010647
hsa-miR-5189-5p,hsa_circ_0010648
hsa-miR-5189-5p,hsa_circ_0010649
hsa-miR-5189-5p,hsa_circ_0010650
hsa-miR-5193,hsa_circ_0019328
hsa-miR-5193,hsa_circ_0019329
hsa-miR-5193,hsa_circ_0019330
hsa-miR-6756-5p,hsa_circ_0041864
hsa-miR-6756-5p,hsa_circ_0041876
hsa-miR-6756-5p,hsa_circ_0041881
hsa-miR-6756-5p,hsa_circ_0041887
hsa-miR-6756-5p,hsa_circ_0041888
hsa-miR-6756-5p,hsa_circ_0041890
hsa-miR-6756-5p,hsa_circ_0041891
hsa-miR-6848-5p,hsa_circ_0026098
hsa-miR-6848-5p,hsa_circ_0026099
hsa-miR-6848-5p,hsa_circ_0026100
hsa-miR-6884-5p,hsa_circ_0007379
hsa-miR-765,hsa_circ_0080166
hsa-miR-765,hsa_circ_0080167
hsa-miR-942-5p,hsa_circ_0011308
hsa-miR-942-5p,hsa_circ_0011309
hsa-miR-23a-3p,hsa_circ_0050272
hsa-miR-3613-3p,hsa_circ_0078998
hsa-miR-3613-3p,hsa_circ_0078999
hsa-miR-4268,hsa_circ_0063096
hsa-miR-4691-5p,hsa_circ_0060070
hsa-miR-4691-5p,hsa_circ_0060071
hsa-miR-4691-5p,hsa_circ_0060073
hsa-miR-4691-5p,hsa_circ_0063107
hsa-miR-4739,hsa_circ_0075940
hsa-miR-4763-3p,hsa_circ_0049815
hsa-miR-572,hsa_circ_0033774
hsa-miR-572,hsa_circ_0033775
hsa-miR-572,hsa_circ_0033776
hsa-miR-572,hsa_circ_0033892
hsa-miR-637,hsa_circ_0019892
hsa-miR-637,hsa_circ_0019893
hsa-miR-637,hsa_circ_0019894
hsa-miR-637,hsa_circ_0019895
hsa-miR-6756-5p,hsa_circ_0041951
hsa-miR-6881-3p,hsa_circ_0082480
hsa-miR-6884-5p,hsa_circ_0041843
hsa-miR-762,hsa_circ_0082879
hsa-miR-1226-5p,hsa_circ_0037455
hsa-miR-152-3p,hsa_circ_0013876
hsa-miR-3140-3p,hsa_circ_0049109
hsa-miR-3140-3p,hsa_circ_0049110
hsa-miR-3619-5p,hsa_circ_0040873
hsa-miR-3619-5p,hsa_circ_0040874
hsa-miR-3619-5p,hsa_circ_0075974
hsa-miR-3619-5p,hsa_circ_0075975
hsa-miR-3619-5p,hsa_circ_0075977
hsa-miR-3619-5p,hsa_circ_0075985
hsa-miR-3619-5p,hsa_circ_0075986
hsa-miR-3619-5p,hsa_circ_0075987
hsa-miR-3619-5p,hsa_circ_0075988
hsa-miR-3619-5p,hsa_circ_0075990
hsa-miR-3619-5p,hsa_circ_0075991
hsa-miR-3619-5p,hsa_circ_0075995
hsa-miR-3619-5p,hsa_circ_0075997
hsa-miR-449b-3p,hsa_circ_0020279
hsa-miR-449b-3p,hsa_circ_0020282
hsa-miR-4530,hsa_circ_0044546
hsa-miR-4530,hsa_circ_0081145
hsa-miR-4530,hsa_circ_0081148
hsa-miR-608,hsa_circ_0039109
hsa-miR-619-5p,hsa_circ_0001978
hsa-miR-663b,hsa_circ_0020282
hsa-miR-6884-5p,hsa_circ_0070741
hsa-miR-6891-5p,hsa_circ_0086740
hsa-miR-1273h-5p,hsa_circ_0016027
hsa-miR-1273h-5p,hsa_circ_0039972
hsa-miR-3065-3p,hsa_circ_0044510
hsa-miR-3065-3p,hsa_circ_0044511
hsa-miR-3065-3p,hsa_circ_0044512
hsa-miR-3065-3p,hsa_circ_0044518
hsa-miR-3065-3p,hsa_circ_0044519
hsa-miR-3065-3p,hsa_circ_0044522
hsa-miR-3065-3p,hsa_circ_0044524
hsa-miR-3065-3p,hsa_circ_0044527
hsa-miR-3065-3p,hsa_circ_0044528
hsa-miR-3065-3p,hsa_circ_0044529
hsa-miR-3065-3p,hsa_circ_0044535
hsa-miR-3065-3p,hsa_circ_0044536
hsa-miR-3065-3p,hsa_circ_0044539
hsa-miR-3613-3p,hsa_circ_0027022
hsa-miR-4430,hsa_circ_0062544
hsa-miR-4640-5p,hsa_circ_0081114
hsa-miR-4640-5p,hsa_circ_0081115
hsa-miR-4763-3p,hsa_circ_0037453
hsa-miR-5001-5p,hsa_circ_0010574
hsa-miR-5001-5p,hsa_circ_0010583
hsa-miR-5001-5p,hsa_circ_0010606
hsa-miR-5001-5p,hsa_circ_0010607
hsa-miR-5001-5p,hsa_circ_0010608
hsa-miR-5001-5p,hsa_circ_0010609
hsa-miR-5001-5p,hsa_circ_0010610
hsa-miR-5001-5p,hsa_circ_0010624
hsa-miR-5001-5p,hsa_circ_0010625
hsa-miR-5001-5p,hsa_circ_0010626
hsa-miR-5001-5p,hsa_circ_0010647
hsa-miR-5001-5p,hsa_circ_0010648
hsa-miR-5001-5p,hsa_circ_0010649
hsa-miR-5001-5p,hsa_circ_0010650
hsa-miR-5001-5p,hsa_circ_0010654
hsa-miR-5001-5p,hsa_circ_0010658
hsa-miR-5001-5p,hsa_circ_0010664
hsa-miR-608,hsa_circ_0059791
hsa-miR-664a-3p,hsa_circ_0035135
hsa-miR-664a-3p,hsa_circ_0035136
hsa-miR-664a-3p,hsa_circ_0035139
hsa-miR-6756-5p,hsa_circ_0014031
hsa-miR-6808-5p,hsa_circ_0082878
hsa-miR-6808-5p,hsa_circ_0082879
hsa-miR-6884-5p,hsa_circ_0042176
hsa-miR-6884-5p,hsa_circ_0042177
hsa-miR-6884-5p,hsa_circ_0042178
hsa-miR-8485,hsa_circ_0015996
hsa-miR-4642,hsa_circ_0049106
hsa-miR-4673,hsa_circ_0061901
hsa-miR-4673,hsa_circ_0061903
hsa-miR-4673,hsa_circ_0061904
hsa-miR-4673,hsa_circ_0061905
hsa-miR-4763-3p,hsa_circ_0010572
hsa-miR-4778-3p,hsa_circ_0027933
hsa-miR-4778-3p,hsa_circ_0027934
hsa-miR-637,hsa_circ_0026144
hsa-miR-661,hsa_circ_0086859
hsa-miR-661,hsa_circ_0086860
hsa-miR-661,hsa_circ_0086862
hsa-miR-661,hsa_circ_0086872
hsa-miR-661,hsa_circ_0086873
hsa-miR-661,hsa_circ_0086881
hsa-miR-661,hsa_circ_0086889
hsa-miR-661,hsa_circ_0086890
hsa-miR-661,hsa_circ_0086891
hsa-miR-6825-5p,hsa_circ_0040297
hsa-miR-3065-3p,hsa_circ_0081066
hsa-miR-3065-3p,hsa_circ_0081090
hsa-miR-3065-3p,hsa_circ_0081091
hsa-miR-3065-3p,hsa_circ_0081096
hsa-miR-3065-3p,hsa_circ_0081108
hsa-miR-3065-3p,hsa_circ_0081111
hsa-miR-3065-3p,hsa_circ_0081116
hsa-miR-3065-3p,hsa_circ_0081120
hsa-miR-3065-3p,hsa_circ_0081122
hsa-miR-3929,hsa_circ_0008161
hsa-miR-4726-5p,hsa_circ_0081059
hsa-miR-4726-5p,hsa_circ_0081064
hsa-miR-4726-5p,hsa_circ_0081073
hsa-miR-4726-5p,hsa_circ_0081079
hsa-miR-665,hsa_circ_0065404
hsa-miR-665,hsa_circ_0065408
hsa-miR-6726-5p,hsa_circ_0011484
hsa-miR-6726-5p,hsa_circ_0011485
hsa-miR-6726-5p,hsa_circ_0011487
hsa-miR-6756-5p,hsa_circ_0076614
hsa-miR-6860,hsa_circ_0010654
hsa-miR-6860,hsa_circ_0010658
hsa-miR-6868-3p,hsa_circ_0040923
hsa-miR-1184,hsa_circ_0034773
hsa-miR-1199-5p,hsa_circ_0020282
hsa-miR-1226-5p,hsa_circ_0037436
hsa-miR-1226-5p,hsa_circ_0037437
hsa-miR-1226-5p,hsa_circ_0037438
hsa-miR-1226-5p,hsa_circ_0037439
hsa-miR-1226-5p,hsa_circ_0037440
hsa-miR-1226-5p,hsa_circ_0037444
hsa-miR-1226-5p,hsa_circ_0037445
hsa-miR-1226-5p,hsa_circ_0037449
hsa-miR-1226-5p,hsa_circ_0037450
hsa-miR-181d-5p,hsa_circ_0050766
hsa-miR-190a-3p,hsa_circ_0007346
hsa-miR-23b-3p,hsa_circ_0050307
hsa-miR-23b-3p,hsa_circ_0050308
hsa-miR-328-5p,hsa_circ_0065399
hsa-miR-328-5p,hsa_circ_0065400
hsa-miR-328-5p,hsa_circ_0065401
hsa-miR-328-5p,hsa_circ_0065402
hsa-miR-328-5p,hsa_circ_0065403
hsa-miR-328-5p,hsa_circ_0065404
hsa-miR-328-5p,hsa_circ_0065407
hsa-miR-3619-5p,hsa_circ_0046336
hsa-miR-3619-5p,hsa_circ_0046337
hsa-miR-3619-5p,hsa_circ_0046338
hsa-miR-608,hsa_circ_0046335
hsa-miR-608,hsa_circ_0046336
hsa-miR-608,hsa_circ_0049667
hsa-miR-6727-5p,hsa_circ_0082878
hsa-miR-6756-5p,hsa_circ_0078794
hsa-miR-6756-5p,hsa_circ_0078812
hsa-miR-6756-5p,hsa_circ_0078968
hsa-miR-6860,hsa_circ_0010642
hsa-miR-6860,hsa_circ_0010643
hsa-miR-6860,hsa_circ_0010644
hsa-miR-6860,hsa_circ_0010645
hsa-miR-6860,hsa_circ_0010646
hsa-miR-6860,hsa_circ_0086858
hsa-miR-6860,hsa_circ_0086859
hsa-miR-6860,hsa_circ_0086860
hsa-miR-6860,hsa_circ_0086862
hsa-miR-6884-5p,hsa_circ_0008161
hsa-miR-1273h-5p,hsa_circ_0052094
hsa-miR-3135a,hsa_circ_0055327
hsa-miR-3613-3p,hsa_circ_0077566
hsa-miR-3929,hsa_circ_0002379
hsa-miR-4733-3p,hsa_circ_0037434
hsa-miR-4733-3p,hsa_circ_0037436
hsa-miR-4733-3p,hsa_circ_0037437
hsa-miR-4733-3p,hsa_circ_0037438
hsa-miR-4733-3p,hsa_circ_0037439
hsa-miR-4733-3p,hsa_circ_0037440
hsa-miR-4739,hsa_circ_0048698
hsa-miR-4739,hsa_circ_0048709
hsa-miR-548aq-3p,hsa_circ_0073606
hsa-miR-6504-5p,hsa_circ_0065481
hsa-miR-6720-5p,hsa_circ_0034773
hsa-miR-6752-5p,hsa_circ_0051279
hsa-miR-6752-5p,hsa_circ_0051285
hsa-miR-6803-5p,hsa_circ_0046335
hsa-miR-6803-5p,hsa_circ_0046336
hsa-miR-6803-5p,hsa_circ_0046337
hsa-miR-6803-5p,hsa_circ_0046338
hsa-miR-6852-5p,hsa_circ_0030855
hsa-miR-6852-5p,hsa_circ_0030856
hsa-miR-6852-5p,hsa_circ_0030857
hsa-miR-6852-5p,hsa_circ_0030864
hsa-miR-6852-5p,hsa_circ_0030869
hsa-miR-6884-5p,hsa_circ_0031813
hsa-miR-6891-3p,hsa_circ_0058666
hsa-miR-6891-3p,hsa_circ_0058671
hsa-miR-6891-3p,hsa_circ_0058675
hsa-miR-1262,hsa_circ_0049106
hsa-miR-1262,hsa_circ_0049111
hsa-miR-1262,hsa_circ_0049112
hsa-miR-1262,hsa_circ_0049116
hsa-miR-1262,hsa_circ_0049120
hsa-miR-1273h-5p,hsa_circ_0009099
hsa-miR-1273h-5p,hsa_circ_0031813
hsa-miR-1273h-5p,hsa_circ_0048843
hsa-miR-1273h-5p,hsa_circ_0078962
hsa-miR-1286,hsa_circ_0044519
hsa-miR-1301-3p,hsa_circ_0034771
hsa-miR-3613-3p,hsa_circ_0017040
hsa-miR-4673,hsa_circ_0051309
hsa-miR-4753-3p,hsa_circ_0091425
hsa-miR-615-5p,hsa_circ_0065420
hsa-miR-6780a-5p,hsa_circ_0009180
hsa-miR-6829-3p,hsa_circ_0060070
hsa-miR-6829-3p,hsa_circ_0060071
hsa-miR-6829-3p,hsa_circ_0060073
hsa-miR-6829-3p,hsa_circ_0060075
hsa-miR-7111-5p,hsa_circ_0062512
hsa-miR-762,hsa_circ_0051116
hsa-miR-149-3p,hsa_circ_0007740
hsa-miR-3187-5p,hsa_circ_0086853
hsa-miR-3187-5p,hsa_circ_0086854
hsa-miR-3187-5p,hsa_circ_0086855
hsa-miR-3187-5p,hsa_circ_0086856
hsa-miR-3187-5p,hsa_circ_0086857
hsa-miR-328-5p,hsa_circ_0049814
hsa-miR-3619-5p,hsa_circ_0033229
hsa-miR-3619-5p,hsa_circ_0033233
hsa-miR-3619-5p,hsa_circ_0033236
hsa-miR-3619-5p,hsa_circ_0033237
hsa-miR-3619-5p,hsa_circ_0033239
hsa-miR-3619-5p,hsa_circ_0033245
hsa-miR-3619-5p,hsa_circ_0033247
hsa-miR-3619-5p,hsa_circ_0033250
hsa-miR-3619-5p,hsa_circ_0033256
hsa-miR-3619-5p,hsa_circ_0033257
hsa-miR-3619-5p,hsa_circ_0033258
hsa-miR-3619-5p,hsa_circ_0033261
hsa-miR-3619-5p,hsa_circ_0033262
hsa-miR-3663-3p,hsa_circ_0057344
hsa-miR-3663-3p,hsa_circ_0057349
hsa-miR-3663-3p,hsa_circ_0057356
hsa-miR-3663-3p,hsa_circ_0057363
hsa-miR-4498,hsa_circ_0010574
hsa-miR-4498,hsa_circ_0010608
hsa-miR-4498,hsa_circ_0010609
hsa-miR-4498,hsa_circ_0010610
hsa-miR-4498,hsa_circ_0010624
hsa-miR-4498,hsa_circ_0010625
hsa-miR-4498,hsa_circ_0010626
hsa-miR-4498,hsa_circ_0010649
hsa-miR-4498,hsa_circ_0010650
hsa-miR-4498,hsa_circ_0010664
hsa-miR-4726-5p,hsa_circ_0091307
hsa-miR-4751,hsa_circ_0057435
hsa-miR-4751,hsa_circ_0057438
hsa-miR-4751,hsa_circ_0057439
hsa-miR-4775,hsa_circ_0072720
hsa-miR-532-3p,hsa_circ_0081673
hsa-miR-5692a,hsa_circ_0052976
hsa-miR-5692a,hsa_circ_0052977
hsa-miR-608,hsa_circ_0014736
hsa-miR-6825-5p,hsa_circ_0026923
hsa-miR-6825-5p,hsa_circ_0026924
hsa-miR-6825-5p,hsa_circ_0026925
hsa-miR-6825-5p,hsa_circ_0026926
hsa-miR-6825-5p,hsa_circ_0026927
hsa-miR-6825-5p,hsa_circ_0026928
hsa-miR-6825-5p,hsa_circ_0026929
hsa-miR-1249-5p,hsa_circ_0037995
hsa-miR-1249-5p,hsa_circ_0037996
hsa-miR-1249-5p,hsa_circ_0037997
hsa-miR-214-3p,hsa_circ_0040873
hsa-miR-214-3p,hsa_circ_0040874
hsa-miR-3196,hsa_circ_0051666
hsa-miR-328-5p,hsa_circ_0089445
hsa-miR-345-3p,hsa_circ_0016584
hsa-miR-345-3p,hsa_circ_0016585
hsa-miR-3613-3p,hsa_circ_0056703
hsa-miR-3929,hsa_circ_0052102
hsa-miR-4494,hsa_circ_0068656
hsa-miR-4530,hsa_circ_0044504
hsa-miR-4692,hsa_circ_0091772
hsa-miR-4763-3p,hsa_circ_0010062
hsa-miR-4763-3p,hsa_circ_0010063
hsa-miR-485-5p,hsa_circ_0050102
hsa-miR-485-5p,hsa_circ_0078934
hsa-miR-5685,hsa_circ_0020279
hsa-miR-5685,hsa_circ_0020282
hsa-miR-629-3p,hsa_circ_0013876
hsa-miR-637,hsa_circ_0065415
hsa-miR-6780a-5p,hsa_circ_0042176
hsa-miR-6780a-5p,hsa_circ_0042177
hsa-miR-6780a-5p,hsa_circ_0042178
hsa-miR-6780a-5p,hsa_circ_0043314
hsa-miR-6792-3p,hsa_circ_0013876
hsa-miR-6798-5p,hsa_circ_0044505
hsa-miR-6798-5p,hsa_circ_0044506
hsa-miR-6798-5p,hsa_circ_0044507
hsa-miR-6798-5p,hsa_circ_0044514
hsa-miR-6848-5p,hsa_circ_0058374
hsa-miR-6849-3p,hsa_circ_0068656
hsa-miR-6867-3p,hsa_circ_0065407
hsa-miR-892c-5p,hsa_circ_0016584
hsa-miR-892c-5p,hsa_circ_0016585
hsa-miR-1205,hsa_circ_0034773
hsa-miR-30b-3p,hsa_circ_0063516
hsa-miR-30b-3p,hsa_circ_0063533
hsa-miR-4763-3p,hsa_circ_0010599
hsa-miR-4763-3p,hsa_circ_0010600
hsa-miR-4763-3p,hsa_circ_0010601
hsa-miR-4763-3p,hsa_circ_0010602
hsa-miR-4763-3p,hsa_circ_0010603
hsa-miR-4763-3p,hsa_circ_0010604
hsa-miR-4763-3p,hsa_circ_0010605
hsa-miR-4763-3p,hsa_circ_0010623
hsa-miR-4786-3p,hsa_circ_0090847
hsa-miR-5193,hsa_circ_0033538
hsa-miR-619-5p,hsa_circ_0073819
hsa-miR-619-5p,hsa_circ_0073820
hsa-miR-619-5p,hsa_circ_0073821
hsa-miR-619-5p,hsa_circ_0073822
hsa-miR-619-5p,hsa_circ_0082732
hsa-miR-661,hsa_circ_0037434
hsa-miR-661,hsa_circ_0037436
hsa-miR-661,hsa_circ_0037437
hsa-miR-661,hsa_circ_0037438
hsa-miR-661,hsa_circ_0037439
hsa-miR-661,hsa_circ_0037440
hsa-miR-665,hsa_circ_0040247
hsa-miR-665,hsa_circ_0040250
hsa-miR-665,hsa_circ_0040261
hsa-miR-665,hsa_circ_0040277
hsa-miR-665,hsa_circ_0040281
hsa-miR-6756-5p,hsa_circ_0046335
hsa-miR-6756-5p,hsa_circ_0046336
hsa-miR-6756-5p,hsa_circ_0046337
hsa-miR-6756-5p,hsa_circ_0046338
hsa-miR-6783-3p,hsa_circ_0060070
hsa-miR-6783-3p,hsa_circ_0060071
hsa-miR-6792-3p,hsa_circ_0063073
hsa-miR-6792-3p,hsa_circ_0063074
hsa-miR-6804-3p,hsa_circ_0037448
hsa-miR-6840-3p,hsa_circ_0020282
hsa-miR-6884-5p,hsa_circ_0081378
hsa-miR-939-3p,hsa_circ_0010541
hsa-miR-1184,hsa_circ_0075977
hsa-miR-1184,hsa_circ_0075987
hsa-miR-1184,hsa_circ_0075990
hsa-miR-1184,hsa_circ_0075991
hsa-miR-1184,hsa_circ_0075995
hsa-miR-1184,hsa_circ_0075999
hsa-miR-1184,hsa_circ_0076000
hsa-miR-1184,hsa_circ_0076001
hsa-miR-1184,hsa_circ_0076002
hsa-miR-1184,hsa_circ_0076008
hsa-miR-1184,hsa_circ_0076009
hsa-miR-1184,hsa_circ_0076010
hsa-miR-1184,hsa_circ_0076015
hsa-miR-1184,hsa_circ_0076016
hsa-miR-1184,hsa_circ_0076018
hsa-miR-3918,hsa_circ_0033532
hsa-miR-3918,hsa_circ_0033533
hsa-miR-3918,hsa_circ_0033534
hsa-miR-4268,hsa_circ_0052003
hsa-miR-4446-3p,hsa_circ_0082878
hsa-miR-4446-3p,hsa_circ_0082879
hsa-miR-4716-3p,hsa_circ_0037999
hsa-miR-4726-5p,hsa_circ_0089424
hsa-miR-4726-5p,hsa_circ_0089425
hsa-miR-4726-5p,hsa_circ_0089438
hsa-miR-4726-5p,hsa_circ_0089439
hsa-miR-4739,hsa_circ_0049667
hsa-miR-4739,hsa_circ_0049668
hsa-miR-4763-3p,hsa_circ_0002172
hsa-miR-4763-3p,hsa_circ_0089776
hsa-miR-5189-5p,hsa_circ_0049818
hsa-miR-5787,hsa_circ_0051279
hsa-miR-608,hsa_circ_0041951
hsa-miR-608,hsa_circ_0041952
hsa-miR-608,hsa_circ_0082878
hsa-miR-608,hsa_circ_0082879
hsa-miR-6511a-5p,hsa_circ_0089792
hsa-miR-6798-5p,hsa_circ_0044551
hsa-miR-6798-5p,hsa_circ_0044552
hsa-miR-6837-5p,hsa_circ_0037455
hsa-miR-6852-5p,hsa_circ_0019897
hsa-miR-6852-5p,hsa_circ_0019898
hsa-miR-6852-5p,hsa_circ_0019899
hsa-miR-6852-5p,hsa_circ_0019900
hsa-miR-6852-5p,hsa_circ_0019901
hsa-miR-6852-5p,hsa_circ_0019902
hsa-miR-6852-5p,hsa_circ_0019903
hsa-miR-6852-5p,hsa_circ_0019904
hsa-miR-6852-5p,hsa_circ_0019905
hsa-miR-6852-5p,hsa_circ_0019906
hsa-miR-6852-5p,hsa_circ_0019907
hsa-miR-6852-5p,hsa_circ_0019908
hsa-miR-6852-5p,hsa_circ_0019909
hsa-miR-6852-5p,hsa_circ_0019913
hsa-miR-6852-5p,hsa_circ_0019914
hsa-miR-6873-3p,hsa_circ_0060070
hsa-miR-6873-3p,hsa_circ_0060071
hsa-miR-6873-3p,hsa_circ_0060073
hsa-miR-6873-3p,hsa_circ_0060075
hsa-miR-1286,hsa_circ_0044509
hsa-miR-1286,hsa_circ_0044510
hsa-miR-149-3p,hsa_circ_0037999
hsa-miR-181d-5p,hsa_circ_0052064
hsa-miR-214-3p,hsa_circ_0081155
hsa-miR-23b-3p,hsa_circ_0050272
hsa-miR-3187-5p,hsa_circ_0050991
hsa-miR-3192-5p,hsa_circ_0038032
hsa-miR-4498,hsa_circ_0082878
hsa-miR-4632-5p,hsa_circ_0020761
hsa-miR-4632-5p,hsa_circ_0020762
hsa-miR-4640-5p,hsa_circ_0081125
hsa-miR-4640-5p,hsa_circ_0081131
hsa-miR-4640-5p,hsa_circ_0081136
hsa-miR-4739,hsa_circ_0028496
hsa-miR-4753-3p,hsa_circ_0078299
hsa-miR-4763-3p,hsa_circ_0010544
hsa-miR-4763-3p,hsa_circ_0010548
hsa-miR-4763-3p,hsa_circ_0010552
hsa-miR-4763-3p,hsa_circ_0010555
hsa-miR-485-5p,hsa_circ_0002379
hsa-miR-608,hsa_circ_0065481
hsa-miR-619-5p,hsa_circ_0050087
hsa-miR-637,hsa_circ_0041951
hsa-miR-637,hsa_circ_0041952
hsa-miR-6836-5p,hsa_circ_0044547
hsa-miR-6851-5p,hsa_circ_0074309
hsa-miR-6851-5p,hsa_circ_0074310
hsa-miR-6851-5p,hsa_circ_0074311
hsa-miR-1184,hsa_circ_0063096
hsa-miR-1199-5p,hsa_circ_0020279
hsa-miR-1249-5p,hsa_circ_0022944
hsa-miR-1249-5p,hsa_circ_0022949
hsa-miR-1249-5p,hsa_circ_0022951
hsa-miR-1249-5p,hsa_circ_0022952
hsa-miR-1273h-5p,hsa_circ_0005798
hsa-miR-1827,hsa_circ_0000246
hsa-miR-3142,hsa_circ_0052294
hsa-miR-3142,hsa_circ_0052295
hsa-miR-4530,hsa_circ_0057363
hsa-miR-4659a-3p,hsa_circ_0049109
hsa-miR-4659a-3p,hsa_circ_0049110
hsa-miR-4659a-3p,hsa_circ_0049111
hsa-miR-4659a-3p,hsa_circ_0049112
hsa-miR-4659a-3p,hsa_circ_0049113
hsa-miR-4775,hsa_circ_0041843
hsa-miR-5787,hsa_circ_0050085
hsa-miR-5787,hsa_circ_0050086
hsa-miR-663a,hsa_circ_0021810
hsa-miR-6722-3p,hsa_circ_0082881
hsa-miR-6780a-5p,hsa_circ_0078794
hsa-miR-6780a-5p,hsa_circ_0078812
hsa-miR-6780a-5p,hsa_circ_0078968
hsa-miR-6836-5p,hsa_circ_0079107
hsa-miR-6884-5p,hsa_circ_0052101
hsa-miR-6884-5p,hsa_circ_0052103
hsa-miR-7161-3p,hsa_circ_0035578
hsa-miR-8073,hsa_circ_0082878
hsa-miR-939-3p,hsa_circ_0091806
hsa-miR-939-3p,hsa_circ_0091807
hsa-miR-939-3p,hsa_circ_0091808
hsa-miR-181d-5p,hsa_circ_0052097
hsa-miR-190a-3p,hsa_circ_0007286
hsa-miR-3187-5p,hsa_circ_0010571
hsa-miR-3619-5p,hsa_circ_0033289
hsa-miR-4640-5p,hsa_circ_0044552
hsa-miR-4642,hsa_circ_0049113
hsa-miR-4726-5p,hsa_circ_0057363
hsa-miR-4775,hsa_circ_0012557
hsa-miR-4775,hsa_circ_0012561
hsa-miR-4775,hsa_circ_0012562
hsa-miR-4778-3p,hsa_circ_0031275
hsa-miR-5100,hsa_circ_0010542
hsa-miR-5100,hsa_circ_0010549
hsa-miR-5100,hsa_circ_0010553
hsa-miR-5100,hsa_circ_0010559
hsa-miR-5100,hsa_circ_0010560
hsa-miR-5100,hsa_circ_0010572
hsa-miR-5100,hsa_circ_0010573
hsa-miR-5100,hsa_circ_0010574
hsa-miR-5100,hsa_circ_0010581
hsa-miR-5100,hsa_circ_0010582
hsa-miR-5100,hsa_circ_0010583
hsa-miR-608,hsa_circ_0020316
hsa-miR-6132,hsa_circ_0044517
hsa-miR-6132,hsa_circ_0044521
hsa-miR-6132,hsa_circ_0044523
hsa-miR-6132,hsa_circ_0044533
hsa-miR-6132,hsa_circ_0044547
hsa-miR-665,hsa_circ_0023418
hsa-miR-665,hsa_circ_0023419
hsa-miR-6756-5p,hsa_circ_0037995
hsa-miR-6756-5p,hsa_circ_0037996
hsa-miR-6756-5p,hsa_circ_0037997
hsa-miR-6762-3p,hsa_circ_0058199
hsa-miR-6797-5p,hsa_circ_0075041
hsa-miR-6833-3p,hsa_circ_0030189
hsa-miR-6852-5p,hsa_circ_0065399
hsa-miR-762,hsa_circ_0068587
hsa-miR-1184,hsa_circ_0063100
hsa-miR-1277-5p,hsa_circ_0073819
hsa-miR-1277-5p,hsa_circ_0073820
hsa-miR-1277-5p,hsa_circ_0073821
hsa-miR-1277-5p,hsa_circ_0073822
hsa-miR-3135b,hsa_circ_0037564
hsa-miR-3135b,hsa_circ_0037565
hsa-miR-3135b,hsa_circ_0037568
hsa-miR-3135b,hsa_circ_0037570
hsa-miR-3135b,hsa_circ_0037571
hsa-miR-3135b,hsa_circ_0037573
hsa-miR-3135b,hsa_circ_0037574
hsa-miR-4433a-3p,hsa_circ_0082879
hsa-miR-4530,hsa_circ_0081156
hsa-miR-4643,hsa_circ_0089792
hsa-miR-4753-3p,hsa_circ_0040923
hsa-miR-4753-3p,hsa_circ_0040925
hsa-miR-5787,hsa_circ_0029292
hsa-miR-6762-5p,hsa_circ_0044507
hsa-miR-6762-5p,hsa_circ_0044508
hsa-miR-6762-5p,hsa_circ_0044515
hsa-miR-6762-5p,hsa_circ_0044516
hsa-miR-6762-5p,hsa_circ_0044517
hsa-miR-6780a-5p,hsa_circ_0068269
hsa-miR-6798-5p,hsa_circ_0044533
hsa-miR-6798-5p,hsa_circ_0044534
hsa-miR-1249-5p,hsa_circ_0075921
hsa-miR-1249-5p,hsa_circ_0078807
hsa-miR-1587,hsa_circ_0039097
hsa-miR-3613-3p,hsa_circ_0048941
hsa-miR-3929,hsa_circ_0038209
hsa-miR-4698,hsa_circ_0001476
hsa-miR-4726-5p,hsa_circ_0081129
hsa-miR-4726-5p,hsa_circ_0081133
hsa-miR-4726-5p,hsa_circ_0081134
hsa-miR-4726-5p,hsa_circ_0081135
hsa-miR-4726-5p,hsa_circ_0081137
hsa-miR-4726-5p,hsa_circ_0081138
hsa-miR-4726-5p,hsa_circ_0081142
hsa-miR-5001-3p,hsa_circ_0076600
hsa-miR-665,hsa_circ_0091307
hsa-miR-665,hsa_circ_0091310
hsa-miR-6791-5p,hsa_circ_0065404
hsa-miR-6813-5p,hsa_circ_0051281
hsa-miR-6868-3p,hsa_circ_0049110
hsa-miR-6868-3p,hsa_circ_0049113
hsa-miR-6884-5p,hsa_circ_0006177
hsa-miR-766-3p,hsa_circ_0051094
hsa-miR-138-5p,hsa_circ_0049099
hsa-miR-138-5p,hsa_circ_0049103
hsa-miR-138-5p,hsa_circ_0049108
hsa-miR-153-5p,hsa_circ_0029933
hsa-miR-30d-3p,hsa_circ_0055230
hsa-miR-30d-3p,hsa_circ_0055233
hsa-miR-30d-3p,hsa_circ_0055235
hsa-miR-30d-3p,hsa_circ_0055236
hsa-miR-30d-3p,hsa_circ_0055237
hsa-miR-30d-3p,hsa_circ_0055239
hsa-miR-3135b,hsa_circ_0039106
hsa-miR-3619-5p,hsa_circ_0033267
hsa-miR-3929,hsa_circ_0008323
hsa-miR-4640-5p,hsa_circ_0065415
hsa-miR-4685-5p,hsa_circ_0039075
hsa-miR-5001-5p,hsa_circ_0013873
hsa-miR-5684,hsa_circ_0006648
hsa-miR-647,hsa_circ_0049109
hsa-miR-647,hsa_circ_0049110
hsa-miR-647,hsa_circ_0049111
hsa-miR-647,hsa_circ_0049112
hsa-miR-647,hsa_circ_0049113
hsa-miR-6740-3p,hsa_circ_0013876
hsa-miR-6775-5p,hsa_circ_0082878
hsa-miR-6775-5p,hsa_circ_0083938
hsa-miR-6775-5p,hsa_circ_0083939
hsa-miR-6803-5p,hsa_circ_0009561
hsa-miR-6803-5p,hsa_circ_0009562
hsa-miR-6803-5p,hsa_circ_0009563
hsa-miR-6803-5p,hsa_circ_0009564
hsa-miR-6816-5p,hsa_circ_0051929
hsa-miR-7150,hsa_circ_0082878
hsa-miR-7150,hsa_circ_0082879
hsa-miR-7976,hsa_circ_0020279
hsa-miR-7976,hsa_circ_0020280
hsa-miR-877-3p,hsa_circ_0013876
hsa-miR-1976,hsa_circ_0023414
hsa-miR-3157-5p,hsa_circ_0011801
hsa-miR-3157-5p,hsa_circ_0011806
hsa-miR-3157-5p,hsa_circ_0011823
hsa-miR-3157-5p,hsa_circ_0011826
hsa-miR-328-5p,hsa_circ_0065481
hsa-miR-4733-3p,hsa_circ_0081095
hsa-miR-4739,hsa_circ_0037694
hsa-miR-6127,hsa_circ_0032902
hsa-miR-663a,hsa_circ_0030834
hsa-miR-6756-5p,hsa_circ_0022342
hsa-miR-6756-5p,hsa_circ_0022343
hsa-miR-6766-5p,hsa_circ_0019875
hsa-miR-6780a-5p,hsa_circ_0006648
hsa-miR-6804-3p,hsa_circ_0037434
hsa-miR-6804-3p,hsa_circ_0037436
hsa-miR-6804-3p,hsa_circ_0037437
hsa-miR-6836-5p,hsa_circ_0044517
hsa-miR-6836-5p,hsa_circ_0044521
hsa-miR-6836-5p,hsa_circ_0044523
hsa-miR-6848-5p,hsa_circ_0050085
hsa-miR-6848-5p,hsa_circ_0050086
hsa-miR-760,hsa_circ_0020669
hsa-miR-939-5p,hsa_circ_0010574
hsa-miR-939-5p,hsa_circ_0010583
hsa-miR-939-5p,hsa_circ_0010604
hsa-miR-939-5p,hsa_circ_0010605
hsa-miR-939-5p,hsa_circ_0010606
hsa-miR-939-5p,hsa_circ_0010607
hsa-miR-939-5p,hsa_circ_0010608
hsa-miR-939-5p,hsa_circ_0010609
hsa-miR-939-5p,hsa_circ_0010610
hsa-miR-939-5p,hsa_circ_0010623
hsa-miR-939-5p,hsa_circ_0010624
hsa-miR-939-5p,hsa_circ_0010625
hsa-miR-939-5p,hsa_circ_0010626
hsa-miR-939-5p,hsa_circ_0010645
hsa-miR-939-5p,hsa_circ_0010646
hsa-miR-939-5p,hsa_circ_0010647
hsa-miR-939-5p,hsa_circ_0010648
hsa-miR-939-5p,hsa_circ_0010649
hsa-miR-939-5p,hsa_circ_0010650
hsa-miR-939-5p,hsa_circ_0010654
hsa-miR-939-5p,hsa_circ_0010657
hsa-miR-939-5p,hsa_circ_0010658
hsa-miR-1286,hsa_circ_0081142
hsa-miR-181d-5p,hsa_circ_0013782
hsa-miR-181d-5p,hsa_circ_0013783
hsa-miR-30b-3p,hsa_circ_0038209
hsa-miR-3135a,hsa_circ_0041843
hsa-miR-335-3p,hsa_circ_0032979
hsa-miR-335-3p,hsa_circ_0032980
hsa-miR-335-3p,hsa_circ_0032981
hsa-miR-4498,hsa_circ_0058199
hsa-miR-4651,hsa_circ_0004566
hsa-miR-4739,hsa_circ_0022944
hsa-miR-4739,hsa_circ_0022949
hsa-miR-4739,hsa_circ_0022951
hsa-miR-4739,hsa_circ_0022952
hsa-miR-4739,hsa_circ_0022958
hsa-miR-485-5p,hsa_circ_0065388
hsa-miR-6790-5p,hsa_circ_0089837
hsa-miR-6790-5p,hsa_circ_0089839
hsa-miR-6791-3p,hsa_circ_0060073
hsa-miR-6791-3p,hsa_circ_0060075
hsa-miR-6792-3p,hsa_circ_0063099
hsa-miR-6792-3p,hsa_circ_0063100
hsa-miR-6792-3p,hsa_circ_0063101
hsa-miR-6792-3p,hsa_circ_0063102
hsa-miR-6792-3p,hsa_circ_0063103
hsa-miR-6792-3p,hsa_circ_0063105
hsa-miR-6795-5p,hsa_circ_0089776
hsa-miR-6883-5p,hsa_circ_0037999
hsa-miR-6884-5p,hsa_circ_0014789
hsa-miR-1184,hsa_circ_0086853
hsa-miR-1207-5p,hsa_circ_0082881
hsa-miR-1286,hsa_circ_0081146
hsa-miR-1301-3p,hsa_circ_0085899
hsa-miR-30b-3p,hsa_circ_0023418
hsa-miR-30b-3p,hsa_circ_0023419
hsa-miR-3145-3p,hsa_circ_0003610
hsa-miR-3149,hsa_circ_0089771
hsa-miR-3190-3p,hsa_circ_0038404
hsa-miR-5047,hsa_circ_0062093
hsa-miR-6791-5p,hsa_circ_0037432
hsa-miR-7851-3p,hsa_circ_0089771
hsa-miR-939-3p,hsa_circ_0010572
hsa-miR-939-3p,hsa_circ_0010622
hsa-miR-138-5p,hsa_circ_0049111
hsa-miR-138-5p,hsa_circ_0049115
hsa-miR-138-5p,hsa_circ_0049116
hsa-miR-1827,hsa_circ_0089771
hsa-miR-214-3p,hsa_circ_0081122
hsa-miR-214-3p,hsa_circ_0081133
hsa-miR-214-3p,hsa_circ_0081137
hsa-miR-214-3p,hsa_circ_0081138
hsa-miR-214-3p,hsa_circ_0081142
hsa-miR-214-3p,hsa_circ_0081152
hsa-miR-30b-3p,hsa_circ_0087637
hsa-miR-30b-3p,hsa_circ_0087638
hsa-miR-30b-3p,hsa_circ_0087639
hsa-miR-30b-3p,hsa_circ_0087640
hsa-miR-30b-3p,hsa_circ_0092179
hsa-miR-3187-5p,hsa_circ_0010580
hsa-miR-3187-5p,hsa_circ_0010585
hsa-miR-3187-5p,hsa_circ_0010589
hsa-miR-3187-5p,hsa_circ_0010596
hsa-miR-3187-5p,hsa_circ_0010597
hsa-miR-3187-5p,hsa_circ_0010598
hsa-miR-3187-5p,hsa_circ_0010614
hsa-miR-3187-5p,hsa_circ_0010619
hsa-miR-3187-5p,hsa_circ_0010620
hsa-miR-3187-5p,hsa_circ_0010621
hsa-miR-3187-5p,hsa_circ_0010631
hsa-miR-3187-5p,hsa_circ_0010632
hsa-miR-3198,hsa_circ_0049113
hsa-miR-3198,hsa_circ_0049122
hsa-miR-3918,hsa_circ_0020280
hsa-miR-3937,hsa_circ_0051309
hsa-miR-4530,hsa_circ_0057385
hsa-miR-4530,hsa_circ_0057390
hsa-miR-4530,hsa_circ_0057391
hsa-miR-4726-3p,hsa_circ_0065401
hsa-miR-4726-3p,hsa_circ_0065403
hsa-miR-4726-3p,hsa_circ_0065404
hsa-miR-4733-3p,hsa_circ_0081062
hsa-miR-6514-3p,hsa_circ_0078998
hsa-miR-6514-3p,hsa_circ_0078999
hsa-miR-6722-3p,hsa_circ_0010664
hsa-miR-6792-3p,hsa_circ_0069822
hsa-miR-6812-5p,hsa_circ_0000726
hsa-miR-6812-5p,hsa_circ_0004566
hsa-miR-6848-5p,hsa_circ_0051279
hsa-miR-6861-3p,hsa_circ_0020279
hsa-miR-6873-3p,hsa_circ_0065399
hsa-miR-6873-3p,hsa_circ_0065400
hsa-miR-6873-3p,hsa_circ_0065401
hsa-miR-6873-3p,hsa_circ_0065402
hsa-miR-6873-3p,hsa_circ_0065403
hsa-miR-6873-3p,hsa_circ_0065404
hsa-miR-6882-3p,hsa_circ_0085899
hsa-miR-6882-3p,hsa_circ_0085900
hsa-miR-939-3p,hsa_circ_0010683
hsa-miR-214-3p,hsa_circ_0044543
hsa-miR-214-3p,hsa_circ_0044548
hsa-miR-214-3p,hsa_circ_0044549
hsa-miR-328-5p,hsa_circ_0044522
hsa-miR-4254,hsa_circ_0030855
hsa-miR-4254,hsa_circ_0030856
hsa-miR-4254,hsa_circ_0030857
hsa-miR-4254,hsa_circ_0030864
hsa-miR-4487,hsa_circ_0041089
hsa-miR-4487,hsa_circ_0041099
hsa-miR-4487,hsa_circ_0041116
hsa-miR-4733-3p,hsa_circ_0081108
hsa-miR-4778-3p,hsa_circ_0034283
hsa-miR-615-5p,hsa_circ_0051649
hsa-miR-619-5p,hsa_circ_0004939
hsa-miR-665,hsa_circ_0044512
hsa-miR-665,hsa_circ_0044519
hsa-miR-6787-5p,hsa_circ_0051750
hsa-miR-6787-5p,hsa_circ_0051751
hsa-miR-6825-5p,hsa_circ_0050085
hsa-miR-6825-5p,hsa_circ_0050086
hsa-miR-6852-5p,hsa_circ_0089429
hsa-miR-6852-5p,hsa_circ_0089440
hsa-miR-6852-5p,hsa_circ_0089445
hsa-miR-6878-3p,hsa_circ_0085899
hsa-miR-6878-3p,hsa_circ_0085900
hsa-miR-2861,hsa_circ_0010633
hsa-miR-2861,hsa_circ_0010641
hsa-miR-2861,hsa_circ_0010642
hsa-miR-2861,hsa_circ_0010643
hsa-miR-2861,hsa_circ_0010662
hsa-miR-2861,hsa_circ_0010663
hsa-miR-2861,hsa_circ_0010668
hsa-miR-2861,hsa_circ_0010669
hsa-miR-2861,hsa_circ_0010672
hsa-miR-3127-5p,hsa_circ_0020280
hsa-miR-3150b-3p,hsa_circ_0002172
hsa-miR-3150b-3p,hsa_circ_0089776
hsa-miR-3619-5p,hsa_circ_0022861
hsa-miR-4728-5p,hsa_circ_0052253
hsa-miR-4739,hsa_circ_0006298
hsa-miR-665,hsa_circ_0057378
hsa-miR-6756-5p,hsa_circ_0014863
hsa-miR-6836-5p,hsa_circ_0089547
hsa-miR-764,hsa_circ_0089552
hsa-miR-1205,hsa_circ_0061080
hsa-miR-1909-3p,hsa_circ_0082877
hsa-miR-3170,hsa_circ_0037570
hsa-miR-3170,hsa_circ_0037571
hsa-miR-3170,hsa_circ_0037573
hsa-miR-3170,hsa_circ_0037574
hsa-miR-3192-5p,hsa_circ_0014209
hsa-miR-3192-5p,hsa_circ_0014210
hsa-miR-3620-5p,hsa_circ_0091804
hsa-miR-3620-5p,hsa_circ_0091805
hsa-miR-3620-5p,hsa_circ_0091806
hsa-miR-3620-5p,hsa_circ_0091807
hsa-miR-3620-5p,hsa_circ_0091808
hsa-miR-5001-3p,hsa_circ_0000062
hsa-miR-6756-5p,hsa_circ_0092082
hsa-miR-6756-5p,hsa_circ_0092086
hsa-miR-6756-5p,hsa_circ_0092087
hsa-miR-6756-5p,hsa_circ_0092088
hsa-miR-6756-5p,hsa_circ_0092089
hsa-miR-6780a-5p,hsa_circ_0041843
hsa-miR-6797-5p,hsa_circ_0082561
hsa-miR-6797-5p,hsa_circ_0082562
hsa-miR-6849-3p,hsa_circ_0055407
hsa-miR-6884-5p,hsa_circ_0006940
hsa-miR-939-3p,hsa_circ_0010633
hsa-miR-939-3p,hsa_circ_0010641
hsa-miR-939-3p,hsa_circ_0010642
hsa-miR-939-3p,hsa_circ_0010653
hsa-miR-939-3p,hsa_circ_0010668
hsa-miR-939-3p,hsa_circ_0010669
hsa-miR-939-3p,hsa_circ_0010672
hsa-miR-9-5p,hsa_circ_0018435
hsa-miR-1260b,hsa_circ_0029351
hsa-miR-1260b,hsa_circ_0029353
hsa-miR-138-5p,hsa_circ_0049120
hsa-miR-138-5p,hsa_circ_0049122
hsa-miR-148b-3p,hsa_circ_0013876
hsa-miR-29b-3p,hsa_circ_0081063
hsa-miR-29b-3p,hsa_circ_0081065
hsa-miR-29b-3p,hsa_circ_0081066
hsa-miR-29b-3p,hsa_circ_0081090
hsa-miR-29b-3p,hsa_circ_0081091
hsa-miR-29b-3p,hsa_circ_0081096
hsa-miR-29b-3p,hsa_circ_0081108
hsa-miR-29b-3p,hsa_circ_0081111
hsa-miR-29b-3p,hsa_circ_0081116
hsa-miR-29b-3p,hsa_circ_0081120
hsa-miR-29b-3p,hsa_circ_0081122
hsa-miR-29b-3p,hsa_circ_0081125
hsa-miR-29b-3p,hsa_circ_0081129
hsa-miR-29b-3p,hsa_circ_0081130
hsa-miR-29b-3p,hsa_circ_0081131
hsa-miR-29b-3p,hsa_circ_0081133
hsa-miR-29b-3p,hsa_circ_0081135
hsa-miR-29b-3p,hsa_circ_0081136
hsa-miR-29b-3p,hsa_circ_0081137
hsa-miR-29b-3p,hsa_circ_0081138
hsa-miR-3064-3p,hsa_circ_0052102
hsa-miR-3194-5p,hsa_circ_0020280
hsa-miR-3198,hsa_circ_0049111
hsa-miR-4433a-3p,hsa_circ_0013876
hsa-miR-4677-5p,hsa_circ_0015700
hsa-miR-4677-5p,hsa_circ_0015709
hsa-miR-4687-3p,hsa_circ_0013876
hsa-miR-4691-5p,hsa_circ_0013873
hsa-miR-4691-5p,hsa_circ_0013874
hsa-miR-4731-5p,hsa_circ_0039090
hsa-miR-4731-5p,hsa_circ_0039099
hsa-miR-485-5p,hsa_circ_0037987
hsa-miR-619-5p,hsa_circ_0026321
hsa-miR-6846-5p,hsa_circ_0049837
hsa-miR-6861-3p,hsa_circ_0020282
hsa-miR-6881-3p,hsa_circ_0050838
hsa-miR-7112-5p,hsa_circ_0082878
hsa-miR-7112-5p,hsa_circ_0082879
hsa-miR-764,hsa_circ_0089548
hsa-miR-939-3p,hsa_circ_0010677
hsa-miR-1184,hsa_circ_0063108
hsa-miR-24-3p,hsa_circ_0049111
hsa-miR-24-3p,hsa_circ_0049112
hsa-miR-24-3p,hsa_circ_0049113
hsa-miR-3064-3p,hsa_circ_0016756
hsa-miR-4640-5p,hsa_circ_0089427
hsa-miR-4688,hsa_circ_0082878
hsa-miR-4688,hsa_circ_0082879
hsa-miR-4722-5p,hsa_circ_0051048
hsa-miR-485-5p,hsa_circ_0048844
hsa-miR-5193,hsa_circ_0026926
hsa-miR-5193,hsa_circ_0026927
hsa-miR-5193,hsa_circ_0026928
hsa-miR-5193,hsa_circ_0026929
hsa-miR-5787,hsa_circ_0048499
hsa-miR-615-5p,hsa_circ_0044524
hsa-miR-665,hsa_circ_0081059
hsa-miR-665,hsa_circ_0081060
hsa-miR-665,hsa_circ_0081061
hsa-miR-665,hsa_circ_0081062
hsa-miR-665,hsa_circ_0081079
hsa-miR-665,hsa_circ_0081080
hsa-miR-6749-3p,hsa_circ_0089785
hsa-miR-6803-5p,hsa_circ_0039097
hsa-miR-6829-5p,hsa_circ_0091854
hsa-miR-6829-5p,hsa_circ_0091855
hsa-miR-6829-5p,hsa_circ_0091856
hsa-miR-6829-5p,hsa_circ_0091857
hsa-miR-6829-5p,hsa_circ_0091858
hsa-miR-6855-5p,hsa_circ_0037564
hsa-miR-6855-5p,hsa_circ_0037565
hsa-miR-6855-5p,hsa_circ_0037568
hsa-miR-6860,hsa_circ_0048499
hsa-miR-1304-5p,hsa_circ_0015226
hsa-miR-1304-5p,hsa_circ_0015227
hsa-miR-1343-3p,hsa_circ_0089445
hsa-miR-149-3p,hsa_circ_0058374
hsa-miR-30b-3p,hsa_circ_0091222
hsa-miR-3190-5p,hsa_circ_0009180
hsa-miR-4640-5p,hsa_circ_0044550
hsa-miR-4688,hsa_circ_0065481
hsa-miR-4700-5p,hsa_circ_0037564
hsa-miR-4700-5p,hsa_circ_0037565
hsa-miR-4700-5p,hsa_circ_0037568
hsa-miR-4700-5p,hsa_circ_0037570
hsa-miR-4700-5p,hsa_circ_0037574
hsa-miR-4778-3p,hsa_circ_0013872
hsa-miR-6751-5p,hsa_circ_0050791
hsa-miR-6816-5p,hsa_circ_0052245
hsa-miR-6836-5p,hsa_circ_0085899
hsa-miR-6836-5p,hsa_circ_0085900
hsa-miR-6868-3p,hsa_circ_0069223
hsa-miR-1304-5p,hsa_circ_0015216
hsa-miR-1304-5p,hsa_circ_0015217
hsa-miR-1304-5p,hsa_circ_0015221
hsa-miR-1304-5p,hsa_circ_0015222
hsa-miR-1914-5p,hsa_circ_0046379
hsa-miR-2861,hsa_circ_0010677
hsa-miR-3187-5p,hsa_circ_0010640
hsa-miR-3692-5p,hsa_circ_0020490
hsa-miR-3937,hsa_circ_0049820
hsa-miR-4298,hsa_circ_0068917
hsa-miR-6756-5p,hsa_circ_0065481
hsa-miR-1343-3p,hsa_circ_0020282
hsa-miR-20b-3p,hsa_circ_0060123
hsa-miR-24-3p,hsa_circ_0049104
hsa-miR-2861,hsa_circ_0019927
hsa-miR-2861,hsa_circ_0019928
hsa-miR-2861,hsa_circ_0019929
hsa-miR-4677-5p,hsa_circ_0064836
hsa-miR-4775,hsa_circ_0054632
hsa-miR-4775,hsa_circ_0054633
hsa-miR-520g-3p,hsa_circ_0079934
hsa-miR-665,hsa_circ_0081122
hsa-miR-665,hsa_circ_0081123
hsa-miR-6720-5p,hsa_circ_0019789
hsa-miR-6720-5p,hsa_circ_0019793
hsa-miR-6720-5p,hsa_circ_0019795
hsa-miR-6720-5p,hsa_circ_0019796
hsa-miR-6873-5p,hsa_circ_0087119
hsa-miR-7150,hsa_circ_0051047
hsa-miR-1197,hsa_circ_0046560
hsa-miR-1827,hsa_circ_0027022
hsa-miR-1827,hsa_circ_0081596
hsa-miR-214-3p,hsa_circ_0044531
hsa-miR-29b-3p,hsa_circ_0044533
hsa-miR-3187-5p,hsa_circ_0010668
hsa-miR-3187-5p,hsa_circ_0010672
hsa-miR-3613-3p,hsa_circ_0023418
hsa-miR-3613-3p,hsa_circ_0023419
hsa-miR-4530,hsa_circ_0044552
hsa-miR-4685-3p,hsa_circ_0065411
hsa-miR-4685-3p,hsa_circ_0065414
hsa-miR-4685-3p,hsa_circ_0065415
hsa-miR-4728-5p,hsa_circ_0014742
hsa-miR-4728-5p,hsa_circ_0039097
hsa-miR-6736-5p,hsa_circ_0049105
hsa-miR-6736-5p,hsa_circ_0049115
hsa-miR-6736-5p,hsa_circ_0049122
hsa-miR-6736-5p,hsa_circ_0049125
hsa-miR-6779-5p,hsa_circ_0000912
hsa-miR-7109-5p,hsa_circ_0031813
hsa-miR-939-5p,hsa_circ_0010664
hsa-miR-29a-3p,hsa_circ_0081063
hsa-miR-29a-3p,hsa_circ_0081065
hsa-miR-29a-3p,hsa_circ_0081066
hsa-miR-29a-3p,hsa_circ_0081090
hsa-miR-29a-3p,hsa_circ_0081091
hsa-miR-29a-3p,hsa_circ_0081096
hsa-miR-29a-3p,hsa_circ_0081108
hsa-miR-29a-3p,hsa_circ_0081111
hsa-miR-29a-3p,hsa_circ_0081116
hsa-miR-29a-3p,hsa_circ_0081120
hsa-miR-29a-3p,hsa_circ_0081122
hsa-miR-29a-3p,hsa_circ_0081125
hsa-miR-29a-3p,hsa_circ_0081129
hsa-miR-29a-3p,hsa_circ_0081130
hsa-miR-29a-3p,hsa_circ_0081131
hsa-miR-29a-3p,hsa_circ_0081133
hsa-miR-29a-3p,hsa_circ_0081135
hsa-miR-29a-3p,hsa_circ_0081136
hsa-miR-29a-3p,hsa_circ_0081137
hsa-miR-29a-3p,hsa_circ_0081138
hsa-miR-30b-3p,hsa_circ_0078934
hsa-miR-328-5p,hsa_circ_0044509
hsa-miR-328-5p,hsa_circ_0044510
hsa-miR-328-5p,hsa_circ_0044511
hsa-miR-4640-5p,hsa_circ_0065130
hsa-miR-6772-5p,hsa_circ_0049106
hsa-miR-6798-5p,hsa_circ_0041951
hsa-miR-6875-3p,hsa_circ_0040923
hsa-miR-188-3p,hsa_circ_0052294
hsa-miR-188-3p,hsa_circ_0052295
hsa-miR-212-5p,hsa_circ_0034154
hsa-miR-372-3p,hsa_circ_0075924
hsa-miR-6133,hsa_circ_0069071
hsa-miR-6753-5p,hsa_circ_0057345
hsa-miR-6753-5p,hsa_circ_0057349
hsa-miR-6791-5p,hsa_circ_0030863
hsa-miR-873-3p,hsa_circ_0049109
hsa-miR-873-3p,hsa_circ_0049110
hsa-miR-873-3p,hsa_circ_0049113
hsa-miR-1226-5p,hsa_circ_0026092
hsa-miR-1226-5p,hsa_circ_0026093
hsa-miR-1226-5p,hsa_circ_0026096
hsa-miR-1267,hsa_circ_0080942
hsa-miR-1343-3p,hsa_circ_0031059
hsa-miR-1827,hsa_circ_0088723
hsa-miR-214-3p,hsa_circ_0081063
hsa-miR-214-3p,hsa_circ_0081065
hsa-miR-3064-3p,hsa_circ_0050307
hsa-miR-3064-3p,hsa_circ_0050308
hsa-miR-30b-3p,hsa_circ_0006648
hsa-miR-378i,hsa_circ_0079070
hsa-miR-4533,hsa_circ_0013876
hsa-miR-4691-5p,hsa_circ_0010574
hsa-miR-4691-5p,hsa_circ_0010608
hsa-miR-4691-5p,hsa_circ_0010609
hsa-miR-4691-5p,hsa_circ_0010610
hsa-miR-4691-5p,hsa_circ_0010625
hsa-miR-4691-5p,hsa_circ_0010626
hsa-miR-4728-3p,hsa_circ_0006799
hsa-miR-4728-3p,hsa_circ_0045783
hsa-miR-4728-3p,hsa_circ_0045784
hsa-miR-4728-3p,hsa_circ_0045785
hsa-miR-4728-3p,hsa_circ_0045787
hsa-miR-4728-3p,hsa_circ_0045789
hsa-miR-4778-3p,hsa_circ_0040923
hsa-miR-4778-3p,hsa_circ_0040925
hsa-miR-5698,hsa_circ_0020279
hsa-miR-6085,hsa_circ_0091893
hsa-miR-637,hsa_circ_0020316
hsa-miR-6731-5p,hsa_circ_0020282
hsa-miR-6731-5p,hsa_circ_0020283
hsa-miR-6769a-5p,hsa_circ_0049106
hsa-miR-6772-5p,hsa_circ_0049116
hsa-miR-6772-5p,hsa_circ_0049120
hsa-miR-6791-3p,hsa_circ_0081678
hsa-miR-7110-3p,hsa_circ_0005266
hsa-miR-8087,hsa_circ_0013876
hsa-miR-1343-3p,hsa_circ_0020279
hsa-miR-181b-5p,hsa_circ_0055601
hsa-miR-1909-3p,hsa_circ_0075556
hsa-miR-1909-3p,hsa_circ_0075557
hsa-miR-1909-3p,hsa_circ_0075558
hsa-miR-1972,hsa_circ_0065401
hsa-miR-1972,hsa_circ_0065404
hsa-miR-1972,hsa_circ_0065408
hsa-miR-3064-3p,hsa_circ_0050283
hsa-miR-3187-5p,hsa_circ_0010682
hsa-miR-3192-5p,hsa_circ_0041887
hsa-miR-3192-5p,hsa_circ_0041888
hsa-miR-3192-5p,hsa_circ_0041890
hsa-miR-3192-5p,hsa_circ_0041891
hsa-miR-4640-5p,hsa_circ_0057345
hsa-miR-4640-5p,hsa_circ_0057349
hsa-miR-4722-5p,hsa_circ_0072817
hsa-miR-4722-5p,hsa_circ_0072819
hsa-miR-4722-5p,hsa_circ_0072821
hsa-miR-6085,hsa_circ_0091851
hsa-miR-6085,hsa_circ_0091852
hsa-miR-6085,hsa_circ_0091853
hsa-miR-619-5p,hsa_circ_0050271
hsa-miR-665,hsa_circ_0081102
hsa-miR-665,hsa_circ_0081115
hsa-miR-6849-3p,hsa_circ_0086740
hsa-miR-6880-5p,hsa_circ_0026102
hsa-miR-6880-5p,hsa_circ_0026103
hsa-miR-1286,hsa_circ_0081123
hsa-miR-1286,hsa_circ_0081129
hsa-miR-1286,hsa_circ_0081134
hsa-miR-1286,hsa_circ_0081135
hsa-miR-1827,hsa_circ_0087424
hsa-miR-1827,hsa_circ_0087425
hsa-miR-30b-3p,hsa_circ_0038032
hsa-miR-3918,hsa_circ_0034154
hsa-miR-3926,hsa_circ_0020280
hsa-miR-4722-5p,hsa_circ_0080029
hsa-miR-4739,hsa_circ_0009372
hsa-miR-4763-3p,hsa_circ_0063446
hsa-miR-5189-5p,hsa_circ_0050991
hsa-miR-6720-5p,hsa_circ_0006648
hsa-miR-6762-5p,hsa_circ_0039075
hsa-miR-6762-5p,hsa_circ_0039087
hsa-miR-6762-5p,hsa_circ_0039090
hsa-miR-6762-5p,hsa_circ_0039099
hsa-miR-6762-5p,hsa_circ_0039105
hsa-miR-6795-5p,hsa_circ_0037999
hsa-miR-6849-3p,hsa_circ_0049494
hsa-miR-7111-5p,hsa_circ_0086740
hsa-miR-1184,hsa_circ_0060073
hsa-miR-1184,hsa_circ_0060075
hsa-miR-1224-5p,hsa_circ_0046560
hsa-miR-153-5p,hsa_circ_0061659
hsa-miR-181c-5p,hsa_circ_0073778
hsa-miR-181c-5p,hsa_circ_0073779
hsa-miR-181c-5p,hsa_circ_0073783
hsa-miR-181c-5p,hsa_circ_0073784
hsa-miR-23a-3p,hsa_circ_0050271
hsa-miR-4778-3p,hsa_circ_0072883
hsa-miR-590-3p,hsa_circ_0025374
hsa-miR-619-5p,hsa_circ_0050766
hsa-miR-6764-5p,hsa_circ_0065404
hsa-miR-6764-5p,hsa_circ_0065408
hsa-miR-6805-3p,hsa_circ_0033774
hsa-miR-6805-3p,hsa_circ_0033775
hsa-miR-6805-3p,hsa_circ_0033776
hsa-miR-6805-3p,hsa_circ_0033892
hsa-miR-1303,hsa_circ_0077011
hsa-miR-2861,hsa_circ_0061128
hsa-miR-3622b-5p,hsa_circ_0013876
hsa-miR-4658,hsa_circ_0029597
hsa-miR-4691-5p,hsa_circ_0010549
hsa-miR-4691-5p,hsa_circ_0010553
hsa-miR-637,hsa_circ_0046334
hsa-miR-637,hsa_circ_0046335
hsa-miR-637,hsa_circ_0046336
hsa-miR-637,hsa_circ_0046337
hsa-miR-637,hsa_circ_0046338
hsa-miR-6882-3p,hsa_circ_0060070
hsa-miR-6882-3p,hsa_circ_0060071
hsa-miR-7110-5p,hsa_circ_0009561
hsa-miR-7110-5p,hsa_circ_0009562
hsa-miR-7110-5p,hsa_circ_0009563
hsa-miR-7110-5p,hsa_circ_0009564
hsa-miR-149-3p,hsa_circ_0002172
hsa-miR-149-3p,hsa_circ_0089776
hsa-miR-1827,hsa_circ_0004192
hsa-miR-3692-5p,hsa_circ_0045757
hsa-miR-4518,hsa_circ_0020279
hsa-miR-4518,hsa_circ_0020280
hsa-miR-4722-5p,hsa_circ_0059143
hsa-miR-4733-3p,hsa_circ_0044507
hsa-miR-4733-3p,hsa_circ_0044508
hsa-miR-4733-3p,hsa_circ_0044515
hsa-miR-4763-3p,hsa_circ_0051309
hsa-miR-505-5p,hsa_circ_0049109
hsa-miR-505-5p,hsa_circ_0049110
hsa-miR-505-5p,hsa_circ_0049112
hsa-miR-6732-5p,hsa_circ_0009561
hsa-miR-6732-5p,hsa_circ_0009562
hsa-miR-6732-5p,hsa_circ_0009563
hsa-miR-6732-5p,hsa_circ_0009564
hsa-miR-7111-5p,hsa_circ_0037999
hsa-miR-765,hsa_circ_0039600
hsa-miR-765,hsa_circ_0039603
hsa-miR-765,hsa_circ_0039604
hsa-miR-765,hsa_circ_0039605
hsa-miR-765,hsa_circ_0039606
hsa-miR-29a-3p,hsa_circ_0044509
hsa-miR-29a-3p,hsa_circ_0044520
hsa-miR-3620-5p,hsa_circ_0091803
hsa-miR-4775,hsa_circ_0000346
hsa-miR-5193,hsa_circ_0074523
hsa-miR-619-5p,hsa_circ_0049157
hsa-miR-655-5p,hsa_circ_0055230
hsa-miR-655-5p,hsa_circ_0055233
hsa-miR-655-5p,hsa_circ_0055235
hsa-miR-655-5p,hsa_circ_0055236
hsa-miR-655-5p,hsa_circ_0055237
hsa-miR-655-5p,hsa_circ_0055239
hsa-miR-1266-5p,hsa_circ_0020280
hsa-miR-29a-3p,hsa_circ_0044522
hsa-miR-29a-3p,hsa_circ_0044524
hsa-miR-29a-3p,hsa_circ_0044527
hsa-miR-29a-3p,hsa_circ_0044528
hsa-miR-29a-3p,hsa_circ_0044529
hsa-miR-29a-3p,hsa_circ_0044535
hsa-miR-29a-3p,hsa_circ_0044536
hsa-miR-4428,hsa_circ_0002172
hsa-miR-4428,hsa_circ_0089776
hsa-miR-4775,hsa_circ_0018230
hsa-miR-4778-3p,hsa_circ_0072884
hsa-miR-4778-3p,hsa_circ_0072886
hsa-miR-4778-3p,hsa_circ_0072888
hsa-miR-5195-3p,hsa_circ_0020490
hsa-miR-661,hsa_circ_0065407
hsa-miR-6747-3p,hsa_circ_0016773
hsa-miR-1236-3p,hsa_circ_0005266
hsa-miR-1236-3p,hsa_circ_0013873
hsa-miR-1249-5p,hsa_circ_0052415
hsa-miR-20b-3p,hsa_circ_0002379
hsa-miR-2114-3p,hsa_circ_0020280
hsa-miR-2861,hsa_circ_0019892
hsa-miR-328-5p,hsa_circ_0051281
hsa-miR-4310,hsa_circ_0016584
hsa-miR-4310,hsa_circ_0016585
hsa-miR-4447,hsa_circ_0020282
hsa-miR-4506,hsa_circ_0020279
hsa-miR-4506,hsa_circ_0020282
hsa-miR-4691-3p,hsa_circ_0020279
hsa-miR-4691-3p,hsa_circ_0020282
hsa-miR-4733-3p,hsa_circ_0044554
hsa-miR-5193,hsa_circ_0060070
hsa-miR-5193,hsa_circ_0060071
hsa-miR-5193,hsa_circ_0060073
hsa-miR-520h,hsa_circ_0079934
hsa-miR-619-5p,hsa_circ_0017433
hsa-miR-30a-3p,hsa_circ_0055230
hsa-miR-30a-3p,hsa_circ_0055233
hsa-miR-30a-3p,hsa_circ_0055235
hsa-miR-30a-3p,hsa_circ_0055236
hsa-miR-30a-3p,hsa_circ_0055237
hsa-miR-30a-3p,hsa_circ_0055239
hsa-miR-4254,hsa_circ_0049109
hsa-miR-4254,hsa_circ_0049110
hsa-miR-4254,hsa_circ_0049112
hsa-miR-4641,hsa_circ_0049077
hsa-miR-4778-3p,hsa_circ_0015700
hsa-miR-4778-3p,hsa_circ_0015701
hsa-miR-5001-5p,hsa_circ_0037199
hsa-miR-520g-3p,hsa_circ_0027022
hsa-miR-612,hsa_circ_0065990
hsa-miR-6736-3p,hsa_circ_0060213
hsa-miR-6762-5p,hsa_circ_0082877
hsa-miR-6762-5p,hsa_circ_0082881
hsa-miR-7152-3p,hsa_circ_0024748
hsa-miR-30b-3p,hsa_circ_0056703
hsa-miR-4722-5p,hsa_circ_0065388
hsa-miR-4739,hsa_circ_0050318
hsa-miR-619-5p,hsa_circ_0002139
hsa-miR-6722-3p,hsa_circ_0026098
hsa-miR-6722-3p,hsa_circ_0026099
hsa-miR-6791-5p,hsa_circ_0082877
hsa-miR-7847-3p,hsa_circ_0086740
hsa-miR-1343-3p,hsa_circ_0014770
hsa-miR-1343-3p,hsa_circ_0014771
hsa-miR-1343-3p,hsa_circ_0014772
hsa-miR-23c,hsa_circ_0016756
hsa-miR-4505,hsa_circ_0058199
hsa-miR-6784-3p,hsa_circ_0048087
hsa-miR-214-3p,hsa_circ_0044505
hsa-miR-214-3p,hsa_circ_0044514
hsa-miR-29b-3p,hsa_circ_0044543
hsa-miR-3137,hsa_circ_0049106
hsa-miR-3137,hsa_circ_0049111
hsa-miR-3137,hsa_circ_0049113
hsa-miR-3187-5p,hsa_circ_0010703
hsa-miR-3619-5p,hsa_circ_0044531
hsa-miR-3619-5p,hsa_circ_0044532
hsa-miR-3619-5p,hsa_circ_0044538
hsa-miR-5100,hsa_circ_0020280
hsa-miR-6769a-5p,hsa_circ_0049109
hsa-miR-6769a-5p,hsa_circ_0049110
hsa-miR-6859-5p,hsa_circ_0039600
hsa-miR-6859-5p,hsa_circ_0039603
hsa-miR-6859-5p,hsa_circ_0039604
hsa-miR-6859-5p,hsa_circ_0039605
hsa-miR-6859-5p,hsa_circ_0039606
hsa-miR-3619-5p,hsa_circ_0044508
hsa-miR-3619-5p,hsa_circ_0044546
hsa-miR-370-3p,hsa_circ_0020490
hsa-miR-615-5p,hsa_circ_0051309
hsa-miR-7114-5p,hsa_circ_0049110
hsa-miR-7114-5p,hsa_circ_0049113
hsa-miR-1277-5p,hsa_circ_0072746
hsa-miR-1285-3p,hsa_circ_0046155
hsa-miR-20b-3p,hsa_circ_0070741
hsa-miR-3139,hsa_circ_0009180
hsa-miR-6722-3p,hsa_circ_0049820
hsa-miR-6849-3p,hsa_circ_0028998
hsa-miR-6849-3p,hsa_circ_0029003
hsa-miR-6849-3p,hsa_circ_0029011
hsa-miR-6849-3p,hsa_circ_0029013
hsa-miR-6849-3p,hsa_circ_0029014
hsa-miR-6849-3p,hsa_circ_0029015
hsa-miR-367-5p,hsa_circ_0079394
hsa-miR-619-5p,hsa_circ_0043315
hsa-miR-6760-3p,hsa_circ_0055724
hsa-miR-6760-3p,hsa_circ_0055725
hsa-miR-3619-5p,hsa_circ_0081091
hsa-miR-3619-5p,hsa_circ_0081111
hsa-miR-3619-5p,hsa_circ_0081116
hsa-miR-3619-5p,hsa_circ_0081120
hsa-miR-3619-5p,hsa_circ_0081125
hsa-miR-3619-5p,hsa_circ_0081131
hsa-miR-3667-3p,hsa_circ_0013876
hsa-miR-422a,hsa_circ_0079070
hsa-miR-4713-5p,hsa_circ_0013876
hsa-miR-5700,hsa_circ_0013876
hsa-miR-6722-3p,hsa_circ_0013876
hsa-miR-6822-3p,hsa_circ_0013876
hsa-miR-6849-3p,hsa_circ_0019789
hsa-miR-6849-3p,hsa_circ_0019793
hsa-miR-6849-3p,hsa_circ_0019795
hsa-miR-6849-3p,hsa_circ_0019796
hsa-miR-6849-3p,hsa_circ_0043314
hsa-miR-6895-5p,hsa_circ_0044551
hsa-miR-6895-5p,hsa_circ_0044552
hsa-miR-935,hsa_circ_0016584
hsa-miR-935,hsa_circ_0016585
hsa-miR-185-5p,hsa_circ_0037995
hsa-miR-185-5p,hsa_circ_0037996
hsa-miR-185-5p,hsa_circ_0037997
hsa-miR-4306,hsa_circ_0037995
hsa-miR-4306,hsa_circ_0037996
hsa-miR-4306,hsa_circ_0037997
hsa-miR-4494,hsa_circ_0049110
hsa-miR-4494,hsa_circ_0049113
hsa-miR-6849-3p,hsa_circ_0045221
hsa-miR-4666b,hsa_circ_0089771
hsa-miR-661,hsa_circ_0065399
hsa-miR-661,hsa_circ_0065400
hsa-miR-30b-3p,hsa_circ_0044246
hsa-miR-6849-3p,hsa_circ_0081596
hsa-miR-6895-5p,hsa_circ_0044547
hsa-miR-1285-3p,hsa_circ_0050102
hsa-miR-23c,hsa_circ_0050296
hsa-miR-3651,hsa_circ_0020279
hsa-miR-3651,hsa_circ_0020282
hsa-miR-367-5p,hsa_circ_0026089
hsa-miR-367-5p,hsa_circ_0026092
hsa-miR-367-5p,hsa_circ_0026093
hsa-miR-367-5p,hsa_circ_0026096
hsa-miR-367-5p,hsa_circ_0026097
hsa-miR-4710,hsa_circ_0061989
hsa-miR-6726-5p,hsa_circ_0014209
hsa-miR-6726-5p,hsa_circ_0014210
hsa-miR-6842-5p,hsa_circ_0080668
hsa-miR-6849-3p,hsa_circ_0081590
hsa-miR-619-5p,hsa_circ_0037111
hsa-miR-6747-3p,hsa_circ_0004036
hsa-miR-6849-3p,hsa_circ_0038898
hsa-miR-4515,hsa_circ_0020279
hsa-miR-6849-3p,hsa_circ_0089191
hsa-miR-1202,hsa_circ_0020280
hsa-miR-1292-5p,hsa_circ_0041126
hsa-miR-133a-3p,hsa_circ_0013876
hsa-miR-133b,hsa_circ_0013876
hsa-miR-135b-3p,hsa_circ_0013873
hsa-miR-2116-3p,hsa_circ_0013876
hsa-miR-219a-1-3p,hsa_circ_0013873
hsa-miR-30c-1-3p,hsa_circ_0020279
hsa-miR-3155a,hsa_circ_0013876
hsa-miR-3155b,hsa_circ_0013876
hsa-miR-3689a-3p,hsa_circ_0009180
hsa-miR-665,hsa_circ_0049109
hsa-miR-665,hsa_circ_0049110
hsa-miR-6870-5p,hsa_circ_0031813
hsa-miR-619-5p,hsa_circ_0049495
hsa-miR-6849-3p,hsa_circ_0070741
hsa-miR-766-5p,hsa_circ_0086740
hsa-miR-16-5p,hsa_circ_0052415
hsa-miR-3689b-3p,hsa_circ_0009180
hsa-miR-3689c,hsa_circ_0009180
hsa-miR-4674,hsa_circ_0048499
hsa-miR-6871-5p,hsa_circ_0061535
hsa-miR-6871-5p,hsa_circ_0061536
hsa-miR-6871-5p,hsa_circ_0061537
hsa-miR-6895-5p,hsa_circ_0049112
hsa-miR-4642,hsa_circ_0020280
hsa-miR-6895-5p,hsa_circ_0044523
hsa-miR-5691,hsa_circ_0059073
hsa-miR-5691,hsa_circ_0059079
hsa-miR-619-5p,hsa_circ_0000912
hsa-miR-1260b,hsa_circ_0046560
hsa-miR-3925-3p,hsa_circ_0086176
hsa-miR-1291,hsa_circ_0020279
hsa-miR-1291,hsa_circ_0020280
hsa-miR-1909-3p,hsa_circ_0013876
hsa-miR-3194-3p,hsa_circ_0013876
hsa-miR-4745-3p,hsa_circ_0020279
hsa-miR-4745-3p,hsa_circ_0020282
hsa-miR-619-5p,hsa_circ_0080703
hsa-miR-622,hsa_circ_0049109
hsa-miR-622,hsa_circ_0049110
hsa-miR-622,hsa_circ_0049111
hsa-miR-622,hsa_circ_0049112
hsa-miR-6515-5p,hsa_circ_0013876
hsa-miR-6719-3p,hsa_circ_0020279
hsa-miR-6719-3p,hsa_circ_0020280
hsa-miR-6809-3p,hsa_circ_0013876
hsa-miR-619-5p,hsa_circ_0026248
hsa-miR-3925-3p,hsa_circ_0039973
hsa-miR-3925-3p,hsa_circ_0039974
hsa-miR-6089,hsa_circ_0043314
hsa-miR-6756-5p,hsa_circ_0033538
hsa-miR-7851-3p,hsa_circ_0027022
hsa-miR-8485,hsa_circ_0091667
hsa-miR-1277-5p,hsa_circ_0030277
hsa-miR-6767-5p,hsa_circ_0068939
hsa-miR-6767-5p,hsa_circ_0068940
hsa-miR-1285-3p,hsa_circ_0008323
hsa-miR-619-5p,hsa_circ_0080668
hsa-miR-1277-5p,hsa_circ_0008476
hsa-miR-623,hsa_circ_0061128
hsa-miR-1277-5p,hsa_circ_0024881
hsa-miR-4739,hsa_circ_0059136
hsa-miR-646,hsa_circ_0013875
hsa-miR-7851-3p,hsa_circ_0041843
hsa-miR-8485,hsa_circ_0058374
hsa-miR-619-5p,hsa_circ_0006940
hsa-miR-6756-5p,hsa_circ_0038445
hsa-miR-3925-3p,hsa_circ_0052097
hsa-miR-106a-5p,hsa_circ_0079934
hsa-miR-17-5p,hsa_circ_0079934
hsa-miR-1285-3p,hsa_circ_0080692
hsa-miR-6089,hsa_circ_0065388
hsa-miR-20a-5p,hsa_circ_0079934
hsa-miR-3614-3p,hsa_circ_0055728
hsa-miR-6873-3p,hsa_circ_0030188
hsa-miR-106b-5p,hsa_circ_0079934
hsa-miR-181b-5p,hsa_circ_0035157
hsa-miR-3614-3p,hsa_circ_0055725
hsa-miR-3925-3p,hsa_circ_0002922
hsa-miR-4685-5p,hsa_circ_0049125
hsa-miR-4739,hsa_circ_0058914
hsa-miR-877-3p,hsa_circ_0066036
hsa-miR-1183,hsa_circ_0049110
hsa-miR-1183,hsa_circ_0049113
hsa-miR-486-3p,hsa_circ_0020283
hsa-miR-5189-5p,hsa_circ_0034156
hsa-miR-6756-5p,hsa_circ_0004566
hsa-miR-7851-3p,hsa_circ_0019789
hsa-miR-7851-3p,hsa_circ_0019793
hsa-miR-7851-3p,hsa_circ_0019795
hsa-miR-7851-3p,hsa_circ_0019796
hsa-miR-4712-5p,hsa_circ_0027192
hsa-miR-4712-5p,hsa_circ_0027195
hsa-miR-877-3p,hsa_circ_0040433
hsa-miR-877-3p,hsa_circ_0040435
hsa-miR-877-3p,hsa_circ_0040437
hsa-miR-3916,hsa_circ_0033092
hsa-miR-4739,hsa_circ_0069071
hsa-miR-6089,hsa_circ_0041843
hsa-miR-6749-3p,hsa_circ_0048473
hsa-miR-1277-5p,hsa_circ_0069972
hsa-miR-1277-5p,hsa_circ_0069973
hsa-miR-1277-5p,hsa_circ_0069974
hsa-miR-181d-5p,hsa_circ_0035157
hsa-miR-181d-5p,hsa_circ_0035158
hsa-miR-181d-5p,hsa_circ_0035159
hsa-miR-3925-3p,hsa_circ_0017346
hsa-miR-1277-5p,hsa_circ_0003812
hsa-miR-1304-3p,hsa_circ_0062544
hsa-miR-619-5p,hsa_circ_0038033
hsa-miR-1207-5p,hsa_circ_0075041
hsa-miR-20b-5p,hsa_circ_0079934
hsa-miR-6780b-3p,hsa_circ_0065399
hsa-miR-6780b-3p,hsa_circ_0065400
hsa-miR-6780b-3p,hsa_circ_0065401
hsa-miR-6780b-3p,hsa_circ_0065402
hsa-miR-6780b-3p,hsa_circ_0065403
hsa-miR-6780b-3p,hsa_circ_0065404
hsa-miR-3925-3p,hsa_circ_0052055
hsa-miR-4725-3p,hsa_circ_0079070
hsa-miR-6756-5p,hsa_circ_0090558
hsa-miR-6756-5p,hsa_circ_0090559
hsa-miR-6756-5p,hsa_circ_0090560
hsa-miR-6756-5p,hsa_circ_0090561
hsa-miR-6873-3p,hsa_circ_0032499
hsa-miR-4763-3p,hsa_circ_0026098
hsa-miR-4763-3p,hsa_circ_0026099
hsa-miR-6873-3p,hsa_circ_0020136
hsa-miR-6873-3p,hsa_circ_0020137
hsa-miR-6873-3p,hsa_circ_0020138
hsa-miR-8485,hsa_circ_0092179
hsa-miR-106b-5p,hsa_circ_0075924
hsa-miR-200c-5p,hsa_circ_0029351
hsa-miR-200c-5p,hsa_circ_0029353
hsa-miR-6886-3p,hsa_circ_0089445
hsa-miR-6756-5p,hsa_circ_0080417
hsa-miR-6756-5p,hsa_circ_0080420
hsa-miR-6797-5p,hsa_circ_0069071
hsa-miR-6818-5p,hsa_circ_0055230
hsa-miR-6818-5p,hsa_circ_0055233
hsa-miR-6818-5p,hsa_circ_0055235
hsa-miR-6818-5p,hsa_circ_0055236
hsa-miR-6818-5p,hsa_circ_0055237
hsa-miR-6818-5p,hsa_circ_0055239
hsa-miR-1273h-5p,hsa_circ_0003384
hsa-miR-1273h-5p,hsa_circ_0088567
hsa-miR-1304-3p,hsa_circ_0081678
hsa-miR-1908-3p,hsa_circ_0078388
hsa-miR-6816-5p,hsa_circ_0016307
hsa-miR-6816-5p,hsa_circ_0016308
hsa-miR-1273h-5p,hsa_circ_0056703
hsa-miR-1273h-5p,hsa_circ_0077566
hsa-miR-4685-5p,hsa_circ_0079115
hsa-miR-4685-5p,hsa_circ_0079117
hsa-miR-4739,hsa_circ_0081673
hsa-miR-5193,hsa_circ_0044769
hsa-miR-541-3p,hsa_circ_0049109
hsa-miR-541-3p,hsa_circ_0049110
hsa-miR-6752-5p,hsa_circ_0050791
hsa-miR-762,hsa_circ_0022893
hsa-miR-93-5p,hsa_circ_0075924
hsa-miR-1304-3p,hsa_circ_0041843
hsa-miR-181b-5p,hsa_circ_0035161
hsa-miR-3960,hsa_circ_0079928
hsa-miR-6756-5p,hsa_circ_0039071
hsa-miR-6880-5p,hsa_circ_0020309
hsa-miR-6880-5p,hsa_circ_0020314
hsa-miR-6880-5p,hsa_circ_0020315
hsa-miR-6880-5p,hsa_circ_0020317
hsa-miR-877-3p,hsa_circ_0063518
hsa-miR-93-5p,hsa_circ_0027022
hsa-miR-1273h-5p,hsa_circ_0006940
hsa-miR-4739,hsa_circ_0058227
hsa-miR-6775-5p,hsa_circ_0029292
hsa-miR-6775-5p,hsa_circ_0029294
hsa-miR-6775-5p,hsa_circ_0029296
hsa-miR-6775-5p,hsa_circ_0029297
hsa-miR-1273h-5p,hsa_circ_0009514
hsa-miR-1273h-5p,hsa_circ_0009515
hsa-miR-1273h-5p,hsa_circ_0009516
hsa-miR-1273h-5p,hsa_circ_0009517
hsa-miR-1273h-5p,hsa_circ_0009518
hsa-miR-1273h-5p,hsa_circ_0009519
hsa-miR-5193,hsa_circ_0058666
hsa-miR-5193,hsa_circ_0058667
hsa-miR-1225-3p,hsa_circ_0057955
hsa-miR-4640-5p,hsa_circ_0040861
hsa-miR-4640-5p,hsa_circ_0040863
hsa-miR-4763-3p,hsa_circ_0014500
hsa-miR-7851-3p,hsa_circ_0048844
hsa-miR-1273h-5p,hsa_circ_0018355
hsa-miR-1277-5p,hsa_circ_0029204
hsa-miR-4726-5p,hsa_circ_0057424
hsa-miR-6796-5p,hsa_circ_0049111
hsa-miR-328-5p,hsa_circ_0025086
hsa-miR-4739,hsa_circ_0049814
hsa-miR-6756-5p,hsa_circ_0075082
hsa-miR-6756-5p,hsa_circ_0075083
hsa-miR-6894-5p,hsa_circ_0049110
hsa-miR-6894-5p,hsa_circ_0049113
hsa-miR-1273h-5p,hsa_circ_0068269
hsa-miR-665,hsa_circ_0063533
hsa-miR-20a-5p,hsa_circ_0075924
hsa-miR-20b-5p,hsa_circ_0075924
hsa-miR-4685-5p,hsa_circ_0050045
hsa-miR-4685-5p,hsa_circ_0058199
hsa-miR-4712-5p,hsa_circ_0049109
hsa-miR-4712-5p,hsa_circ_0049110
hsa-miR-4722-5p,hsa_circ_0058282
hsa-miR-574-5p,hsa_circ_0019519
hsa-miR-6796-5p,hsa_circ_0049113
hsa-miR-6796-5p,hsa_circ_0049122
hsa-miR-7843-3p,hsa_circ_0052055
hsa-miR-3929,hsa_circ_0068940
hsa-miR-3960,hsa_circ_0051748
hsa-miR-3960,hsa_circ_0051750
hsa-miR-3960,hsa_circ_0051751
hsa-miR-4680-3p,hsa_circ_0015762
hsa-miR-6127,hsa_circ_0057955
hsa-miR-612,hsa_circ_0026093
hsa-miR-612,hsa_circ_0026096
hsa-miR-637,hsa_circ_0034998
hsa-miR-6827-5p,hsa_circ_0010598
hsa-miR-6827-5p,hsa_circ_0010621
hsa-miR-762,hsa_circ_0052231
hsa-miR-1303,hsa_circ_0080666
hsa-miR-143-5p,hsa_circ_0038605
hsa-miR-5580-5p,hsa_circ_0049104
hsa-miR-6720-5p,hsa_circ_0050831
hsa-miR-6827-5p,hsa_circ_0010641
hsa-miR-6827-5p,hsa_circ_0010653
hsa-miR-6827-5p,hsa_circ_0010668
hsa-miR-6827-5p,hsa_circ_0010672
hsa-miR-6873-3p,hsa_circ_0014863
hsa-miR-1909-3p,hsa_circ_0089548
hsa-miR-548aa,hsa_circ_0088618
hsa-miR-548t-3p,hsa_circ_0088618
hsa-miR-6878-3p,hsa_circ_0016778
hsa-miR-877-3p,hsa_circ_0063085
hsa-miR-1236-3p,hsa_circ_0050838
hsa-miR-181b-5p,hsa_circ_0053897
hsa-miR-181b-5p,hsa_circ_0053903
hsa-miR-181d-5p,hsa_circ_0053897
hsa-miR-181d-5p,hsa_circ_0053903
hsa-miR-3187-5p,hsa_circ_0026097
hsa-miR-4726-5p,hsa_circ_0044550
hsa-miR-4763-3p,hsa_circ_0081252
hsa-miR-4763-3p,hsa_circ_0085811
hsa-miR-6511a-5p,hsa_circ_0041143
hsa-miR-6773-3p,hsa_circ_0020283
hsa-miR-6827-5p,hsa_circ_0010589
hsa-miR-6827-5p,hsa_circ_0010597
hsa-miR-6827-5p,hsa_circ_0010614
hsa-miR-6827-5p,hsa_circ_0010620
hsa-miR-6827-5p,hsa_circ_0010631
hsa-miR-6827-5p,hsa_circ_0010632
hsa-miR-181b-5p,hsa_circ_0073780
hsa-miR-4739,hsa_circ_0020316
hsa-miR-4739,hsa_circ_0052283
hsa-miR-4739,hsa_circ_0052284
hsa-miR-4763-3p,hsa_circ_0089654
hsa-miR-612,hsa_circ_0010614
hsa-miR-612,hsa_circ_0010619
hsa-miR-612,hsa_circ_0010620
hsa-miR-612,hsa_circ_0010631
hsa-miR-6827-5p,hsa_circ_0010640
hsa-miR-3925-3p,hsa_circ_0049515
hsa-miR-3929,hsa_circ_0052101
hsa-miR-3929,hsa_circ_0052103
hsa-miR-5580-5p,hsa_circ_0049109
hsa-miR-5580-5p,hsa_circ_0049110
hsa-miR-6803-5p,hsa_circ_0014736
hsa-miR-6827-5p,hsa_circ_0010558
hsa-miR-6848-5p,hsa_circ_0080943
hsa-miR-93-5p,hsa_circ_0079934
hsa-miR-1273h-5p,hsa_circ_0038027
hsa-miR-1273h-5p,hsa_circ_0086300
hsa-miR-1304-3p,hsa_circ_0006293
hsa-miR-4763-3p,hsa_circ_0009224
hsa-miR-4763-3p,hsa_circ_0009227
hsa-miR-4763-3p,hsa_circ_0009231
hsa-miR-4763-3p,hsa_circ_0009233
hsa-miR-6848-5p,hsa_circ_0009565
hsa-miR-6848-5p,hsa_circ_0009566
hsa-miR-6860,hsa_circ_0026092
hsa-miR-7109-3p,hsa_circ_0059689
hsa-miR-143-5p,hsa_circ_0050102
hsa-miR-373-3p,hsa_circ_0027022
hsa-miR-6722-3p,hsa_circ_0039128
hsa-miR-7703,hsa_circ_0014789
hsa-miR-4726-5p,hsa_circ_0019913
hsa-miR-4726-5p,hsa_circ_0019914
hsa-miR-504-3p,hsa_circ_0077011
hsa-miR-6722-3p,hsa_circ_0066062
hsa-miR-6803-5p,hsa_circ_0051285
hsa-miR-106b-5p,hsa_circ_0027022
hsa-miR-4726-5p,hsa_circ_0044555
hsa-miR-4726-5p,hsa_circ_0044558
hsa-miR-4763-3p,hsa_circ_0033538
hsa-miR-4787-5p,hsa_circ_0052245
hsa-miR-608,hsa_circ_0033537
hsa-miR-608,hsa_circ_0033538
hsa-miR-608,hsa_circ_0033539
hsa-miR-6796-5p,hsa_circ_0049104
hsa-miR-6845-3p,hsa_circ_0016777
hsa-miR-6845-3p,hsa_circ_0016778
hsa-miR-6878-3p,hsa_circ_0007339
hsa-miR-1249-5p,hsa_circ_0020208
hsa-miR-1249-5p,hsa_circ_0020212
hsa-miR-143-5p,hsa_circ_0080677
hsa-miR-181b-5p,hsa_circ_0053920
hsa-miR-181b-5p,hsa_circ_0053921
hsa-miR-181d-5p,hsa_circ_0053920
hsa-miR-181d-5p,hsa_circ_0053921
hsa-miR-4640-5p,hsa_circ_0082881
hsa-miR-4728-5p,hsa_circ_0022613
hsa-miR-1207-5p,hsa_circ_0010662
hsa-miR-1207-5p,hsa_circ_0010663
hsa-miR-1207-5p,hsa_circ_0010668
hsa-miR-1207-5p,hsa_circ_0010669
hsa-miR-1207-5p,hsa_circ_0010670
hsa-miR-1207-5p,hsa_circ_0010671
hsa-miR-1207-5p,hsa_circ_0010672
hsa-miR-1249-5p,hsa_circ_0057955
hsa-miR-1277-5p,hsa_circ_0019125
hsa-miR-1303,hsa_circ_0025023
hsa-miR-5193,hsa_circ_0049366
hsa-miR-637,hsa_circ_0089426
hsa-miR-637,hsa_circ_0089427
hsa-miR-6734-3p,hsa_circ_0087436
hsa-miR-6794-5p,hsa_circ_0044519
hsa-miR-762,hsa_circ_0049113
hsa-miR-1249-5p,hsa_circ_0026669
hsa-miR-181d-5p,hsa_circ_0073780
hsa-miR-1909-3p,hsa_circ_0066066
hsa-miR-4726-5p,hsa_circ_0019900
hsa-miR-4726-5p,hsa_circ_0019901
hsa-miR-4763-3p,hsa_circ_0009222
hsa-miR-6753-5p,hsa_circ_0044547
hsa-miR-1251-3p,hsa_circ_0080942
hsa-miR-1251-3p,hsa_circ_0080943
hsa-miR-1273h-5p,hsa_circ_0066497
hsa-miR-4632-5p,hsa_circ_0082877
hsa-miR-4685-5p,hsa_circ_0048387
hsa-miR-4685-5p,hsa_circ_0048389
hsa-miR-4685-5p,hsa_circ_0048390
hsa-miR-4728-5p,hsa_circ_0006648
hsa-miR-4763-3p,hsa_circ_0029456
hsa-miR-612,hsa_circ_0086917
hsa-miR-612,hsa_circ_0086929
hsa-miR-612,hsa_circ_0086930
hsa-miR-612,hsa_circ_0086931
hsa-miR-6722-3p,hsa_circ_0033538
hsa-miR-6751-5p,hsa_circ_0000726
hsa-miR-6751-5p,hsa_circ_0004566
hsa-miR-6867-3p,hsa_circ_0042205
hsa-miR-877-3p,hsa_circ_0046912
hsa-miR-877-3p,hsa_circ_0050838
hsa-miR-181d-5p,hsa_circ_0073793
hsa-miR-1908-3p,hsa_circ_0041373
hsa-miR-3620-5p,hsa_circ_0085885
hsa-miR-3929,hsa_circ_0014789
hsa-miR-4651,hsa_circ_0009372
hsa-miR-4775,hsa_circ_0071547
hsa-miR-5193,hsa_circ_0063089
hsa-miR-5193,hsa_circ_0063094
hsa-miR-5193,hsa_circ_0063095
hsa-miR-5193,hsa_circ_0063096
hsa-miR-5193,hsa_circ_0063097
hsa-miR-5193,hsa_circ_0063098
hsa-miR-612,hsa_circ_0010640
hsa-miR-612,hsa_circ_0086864
hsa-miR-612,hsa_circ_0086866
hsa-miR-612,hsa_circ_0086867
hsa-miR-612,hsa_circ_0086871
hsa-miR-612,hsa_circ_0086885
hsa-miR-612,hsa_circ_0086886
hsa-miR-612,hsa_circ_0086887
hsa-miR-612,hsa_circ_0086888
hsa-miR-612,hsa_circ_0086892
hsa-miR-612,hsa_circ_0086893
hsa-miR-612,hsa_circ_0086897
hsa-miR-612,hsa_circ_0086898
hsa-miR-6722-3p,hsa_circ_0020309
hsa-miR-6782-5p,hsa_circ_0026923
hsa-miR-6782-5p,hsa_circ_0026924
hsa-miR-6782-5p,hsa_circ_0026925
hsa-miR-6782-5p,hsa_circ_0026926
hsa-miR-6782-5p,hsa_circ_0026927
hsa-miR-1273h-5p,hsa_circ_0011518
hsa-miR-1273h-5p,hsa_circ_0011520
hsa-miR-1273h-5p,hsa_circ_0011522
hsa-miR-1303,hsa_circ_0007710
hsa-miR-329-5p,hsa_circ_0080942
hsa-miR-370-5p,hsa_circ_0016773
hsa-miR-370-5p,hsa_circ_0016775
hsa-miR-370-5p,hsa_circ_0016776
hsa-miR-3960,hsa_circ_0037182
hsa-miR-4433a-3p,hsa_circ_0049106
hsa-miR-4433a-3p,hsa_circ_0049111
hsa-miR-4433a-3p,hsa_circ_0049112
hsa-miR-4433a-3p,hsa_circ_0049115
hsa-miR-4433a-3p,hsa_circ_0049116
hsa-miR-4433a-3p,hsa_circ_0049120
hsa-miR-4512,hsa_circ_0034154
hsa-miR-4739,hsa_circ_0037543
hsa-miR-6089,hsa_circ_0002172
hsa-miR-6089,hsa_circ_0089776
hsa-miR-6797-5p,hsa_circ_0009085
hsa-miR-7111-3p,hsa_circ_0016773
hsa-miR-7111-3p,hsa_circ_0016775
hsa-miR-7111-3p,hsa_circ_0016776
hsa-miR-7111-3p,hsa_circ_0016777
hsa-miR-7111-3p,hsa_circ_0016778
hsa-miR-7703,hsa_circ_0008323
hsa-miR-190a-3p,hsa_circ_0080692
hsa-miR-4763-3p,hsa_circ_0041852
hsa-miR-4763-3p,hsa_circ_0074523
hsa-miR-5001-3p,hsa_circ_0060070
hsa-miR-5001-3p,hsa_circ_0060071
hsa-miR-5001-3p,hsa_circ_0060073
hsa-miR-5001-3p,hsa_circ_0060075
hsa-miR-762,hsa_circ_0049111
hsa-miR-181a-5p,hsa_circ_0073788
hsa-miR-181d-5p,hsa_circ_0081363
hsa-miR-181d-5p,hsa_circ_0081364
hsa-miR-3929,hsa_circ_0070741
hsa-miR-4739,hsa_circ_0014742
hsa-miR-6812-5p,hsa_circ_0041864
hsa-miR-1207-5p,hsa_circ_0010691
hsa-miR-1273h-5p,hsa_circ_0060490
hsa-miR-370-3p,hsa_circ_0058199
hsa-miR-4644,hsa_circ_0087119
hsa-miR-4684-5p,hsa_circ_0041843
hsa-miR-4728-5p,hsa_circ_0069071
hsa-miR-4763-3p,hsa_circ_0020763
hsa-miR-612,hsa_circ_0010547
hsa-miR-612,hsa_circ_0010557
hsa-miR-612,hsa_circ_0010569
hsa-miR-6766-5p,hsa_circ_0063889
hsa-miR-6812-5p,hsa_circ_0027247
hsa-miR-6827-5p,hsa_circ_0010677
hsa-miR-6827-5p,hsa_circ_0010682
hsa-miR-6827-5p,hsa_circ_0010683
hsa-miR-6827-5p,hsa_circ_0010689
hsa-miR-6836-5p,hsa_circ_0014031
hsa-miR-7703,hsa_circ_0078998
hsa-miR-1249-3p,hsa_circ_0089428
hsa-miR-1249-3p,hsa_circ_0089429
hsa-miR-1249-3p,hsa_circ_0089433
hsa-miR-1249-3p,hsa_circ_0089440
hsa-miR-1249-3p,hsa_circ_0089445
hsa-miR-3620-5p,hsa_circ_0051922
hsa-miR-3929,hsa_circ_0049157
hsa-miR-4270,hsa_circ_0082878
hsa-miR-4685-3p,hsa_circ_0005481
hsa-miR-4685-3p,hsa_circ_0018627
hsa-miR-4685-3p,hsa_circ_0018628
hsa-miR-4685-3p,hsa_circ_0018629
hsa-miR-4685-5p,hsa_circ_0014746
hsa-miR-4726-5p,hsa_circ_0081156
hsa-miR-4726-5p,hsa_circ_0081159
hsa-miR-4763-3p,hsa_circ_0024899
hsa-miR-4772-3p,hsa_circ_0077011
hsa-miR-5011-5p,hsa_circ_0091667
hsa-miR-5189-5p,hsa_circ_0010633
hsa-miR-5684,hsa_circ_0063516
hsa-miR-5684,hsa_circ_0063533
hsa-miR-612,hsa_circ_0010594
hsa-miR-612,hsa_circ_0010595
hsa-miR-619-5p,hsa_circ_0043980
hsa-miR-6787-5p,hsa_circ_0051922
hsa-miR-6797-5p,hsa_circ_0080166
hsa-miR-6797-5p,hsa_circ_0080167
hsa-miR-6836-5p,hsa_circ_0021025
hsa-miR-6836-5p,hsa_circ_0021030
hsa-miR-6836-5p,hsa_circ_0021031
hsa-miR-6836-5p,hsa_circ_0021034
hsa-miR-6836-5p,hsa_circ_0021035
hsa-miR-7851-3p,hsa_circ_0019519
hsa-miR-1226-5p,hsa_circ_0048698
hsa-miR-1226-5p,hsa_circ_0048709
hsa-miR-1273h-5p,hsa_circ_0009313
hsa-miR-1273h-5p,hsa_circ_0038126
hsa-miR-1913,hsa_circ_0010598
hsa-miR-1913,hsa_circ_0010621
hsa-miR-1913,hsa_circ_0010667
hsa-miR-3929,hsa_circ_0018230
hsa-miR-4530,hsa_circ_0081141
hsa-miR-4640-5p,hsa_circ_0081059
hsa-miR-4640-5p,hsa_circ_0081079
hsa-miR-4685-5p,hsa_circ_0012044
hsa-miR-501-5p,hsa_circ_0055725
hsa-miR-6873-3p,hsa_circ_0063742
hsa-miR-1236-3p,hsa_circ_0051785
hsa-miR-1246,hsa_circ_0001946
hsa-miR-3159,hsa_circ_0041843
hsa-miR-328-5p,hsa_circ_0037199
hsa-miR-3661,hsa_circ_0010598
hsa-miR-3661,hsa_circ_0010621
hsa-miR-3661,hsa_circ_0010667
hsa-miR-370-3p,hsa_circ_0061128
hsa-miR-4685-3p,hsa_circ_0065406
hsa-miR-4685-5p,hsa_circ_0085833
hsa-miR-4726-5p,hsa_circ_0065990
hsa-miR-4763-3p,hsa_circ_0055714
hsa-miR-4763-3p,hsa_circ_0061595
hsa-miR-4763-3p,hsa_circ_0073944
hsa-miR-4763-3p,hsa_circ_0073949
hsa-miR-4763-3p,hsa_circ_0073950
hsa-miR-484,hsa_circ_0013873
hsa-miR-6888-3p,hsa_circ_0072884
hsa-miR-6888-3p,hsa_circ_0072886
hsa-miR-6888-3p,hsa_circ_0072887
hsa-miR-6888-3p,hsa_circ_0072888
hsa-miR-6888-3p,hsa_circ_0072890
hsa-miR-6888-3p,hsa_circ_0072891
hsa-miR-6888-3p,hsa_circ_0072892
hsa-miR-6888-3p,hsa_circ_0072894
hsa-miR-6888-3p,hsa_circ_0072895
hsa-miR-6888-3p,hsa_circ_0072896
hsa-miR-6888-3p,hsa_circ_0072897
hsa-miR-1277-5p,hsa_circ_0005858
hsa-miR-1277-5p,hsa_circ_0008959
hsa-miR-3662,hsa_circ_0084515
hsa-miR-3929,hsa_circ_0042176
hsa-miR-3929,hsa_circ_0042177
hsa-miR-3929,hsa_circ_0042178
hsa-miR-4530,hsa_circ_0081119
hsa-miR-4530,hsa_circ_0081121
hsa-miR-4685-5p,hsa_circ_0042485
hsa-miR-4776-5p,hsa_circ_0081063
hsa-miR-4776-5p,hsa_circ_0081065
hsa-miR-4776-5p,hsa_circ_0081066
hsa-miR-5193,hsa_circ_0081506
hsa-miR-619-5p,hsa_circ_0091456
hsa-miR-637,hsa_circ_0041657
hsa-miR-661,hsa_circ_0030863
hsa-miR-6752-5p,hsa_circ_0051922
hsa-miR-6756-3p,hsa_circ_0052253
hsa-miR-1207-5p,hsa_circ_0010541
hsa-miR-1207-5p,hsa_circ_0010544
hsa-miR-1207-5p,hsa_circ_0010548
hsa-miR-1207-5p,hsa_circ_0010552
hsa-miR-1207-5p,hsa_circ_0010555
hsa-miR-1207-5p,hsa_circ_0010565
hsa-miR-1207-5p,hsa_circ_0010580
hsa-miR-1207-5p,hsa_circ_0010585
hsa-miR-1207-5p,hsa_circ_0010589
hsa-miR-1207-5p,hsa_circ_0010597
hsa-miR-1207-5p,hsa_circ_0010614
hsa-miR-1207-5p,hsa_circ_0010620
hsa-miR-1207-5p,hsa_circ_0010631
hsa-miR-1207-5p,hsa_circ_0010632
hsa-miR-1207-5p,hsa_circ_0048698
hsa-miR-1207-5p,hsa_circ_0048709
hsa-miR-1273h-5p,hsa_circ_0006983
hsa-miR-1273h-5p,hsa_circ_0008323
hsa-miR-1303,hsa_circ_0000346
hsa-miR-3661,hsa_circ_0010541
hsa-miR-3929,hsa_circ_0069028
hsa-miR-3929,hsa_circ_0078998
hsa-miR-3929,hsa_circ_0078999
hsa-miR-4778-3p,hsa_circ_0018233
hsa-miR-5001-5p,hsa_circ_0039099
hsa-miR-5001-5p,hsa_circ_0039105
hsa-miR-548s,hsa_circ_0020280
hsa-miR-548s,hsa_circ_0020282
hsa-miR-615-5p,hsa_circ_0089453
hsa-miR-615-5p,hsa_circ_0089456
hsa-miR-6760-5p,hsa_circ_0043980
hsa-miR-1277-5p,hsa_circ_0042771
hsa-miR-1277-5p,hsa_circ_0047603
hsa-miR-3192-5p,hsa_circ_0041143
hsa-miR-3613-3p,hsa_circ_0008352
hsa-miR-3613-3p,hsa_circ_0025055
hsa-miR-3613-3p,hsa_circ_0025057
hsa-miR-3613-3p,hsa_circ_0025059
hsa-miR-3929,hsa_circ_0055407
hsa-miR-3960,hsa_circ_0063823
hsa-miR-3960,hsa_circ_0063824
hsa-miR-4640-5p,hsa_circ_0081084
hsa-miR-4691-5p,hsa_circ_0063072
hsa-miR-4725-5p,hsa_circ_0049109
hsa-miR-4725-5p,hsa_circ_0049112
hsa-miR-5684,hsa_circ_0038898
hsa-miR-637,hsa_circ_0009564
hsa-miR-637,hsa_circ_0009565
hsa-miR-637,hsa_circ_0009566
hsa-miR-6735-5p,hsa_circ_0082879
hsa-miR-6756-5p,hsa_circ_0081505
hsa-miR-6756-5p,hsa_circ_0081506
hsa-miR-6756-5p,hsa_circ_0081507
hsa-miR-6756-5p,hsa_circ_0081508
hsa-miR-6756-5p,hsa_circ_0081509
hsa-miR-6756-5p,hsa_circ_0081510
hsa-miR-6780a-5p,hsa_circ_0055817
hsa-miR-6803-3p,hsa_circ_0048473
hsa-miR-6881-3p,hsa_circ_0046912
hsa-miR-6881-3p,hsa_circ_0046914
hsa-miR-6881-3p,hsa_circ_0046917
hsa-miR-6881-3p,hsa_circ_0046918
hsa-miR-6881-3p,hsa_circ_0046919
hsa-miR-6881-3p,hsa_circ_0046920
hsa-miR-6881-3p,hsa_circ_0046922
hsa-miR-6884-5p,hsa_circ_0048843
hsa-miR-7110-5p,hsa_circ_0050791
hsa-miR-7112-5p,hsa_circ_0049814
hsa-miR-7112-5p,hsa_circ_0049815
hsa-miR-762,hsa_circ_0033561
hsa-miR-1273h-5p,hsa_circ_0011583
hsa-miR-1304-5p,hsa_circ_0038898
hsa-miR-1913,hsa_circ_0010541
hsa-miR-330-5p,hsa_circ_0060070
hsa-miR-330-5p,hsa_circ_0060071
hsa-miR-330-5p,hsa_circ_0060073
hsa-miR-330-5p,hsa_circ_0060075
hsa-miR-3620-5p,hsa_circ_0010542
hsa-miR-369-3p,hsa_circ_0000215
hsa-miR-3929,hsa_circ_0007379
hsa-miR-4268,hsa_circ_0001731
hsa-miR-4722-5p,hsa_circ_0037739
hsa-miR-4726-5p,hsa_circ_0010542
hsa-miR-4726-5p,hsa_circ_0010549
hsa-miR-4726-5p,hsa_circ_0010553
hsa-miR-4726-5p,hsa_circ_0010559
hsa-miR-4726-5p,hsa_circ_0010560
hsa-miR-5189-5p,hsa_circ_0010541
hsa-miR-5189-5p,hsa_circ_0010544
hsa-miR-5189-5p,hsa_circ_0010548
hsa-miR-5189-5p,hsa_circ_0010552
hsa-miR-5189-5p,hsa_circ_0010555
hsa-miR-5189-5p,hsa_circ_0010558
hsa-miR-5189-5p,hsa_circ_0010565
hsa-miR-5189-5p,hsa_circ_0010571
hsa-miR-5189-5p,hsa_circ_0010572
hsa-miR-608,hsa_circ_0002172
hsa-miR-6508-3p,hsa_circ_0034138
hsa-miR-661,hsa_circ_0010632
hsa-miR-661,hsa_circ_0010638
hsa-miR-661,hsa_circ_0010639
hsa-miR-665,hsa_circ_0004995
hsa-miR-6751-5p,hsa_circ_0081678
hsa-miR-6754-5p,hsa_circ_0010572
hsa-miR-6754-5p,hsa_circ_0010599
hsa-miR-6754-5p,hsa_circ_0010600
hsa-miR-6754-5p,hsa_circ_0010601
hsa-miR-6754-5p,hsa_circ_0010602
hsa-miR-6754-5p,hsa_circ_0010603
hsa-miR-6754-5p,hsa_circ_0010604
hsa-miR-6754-5p,hsa_circ_0010605
hsa-miR-6754-5p,hsa_circ_0010606
hsa-miR-6754-5p,hsa_circ_0010607
hsa-miR-6754-5p,hsa_circ_0010623
hsa-miR-6754-5p,hsa_circ_0010624
hsa-miR-6754-5p,hsa_circ_0010633
hsa-miR-6791-5p,hsa_circ_0089428
hsa-miR-6791-5p,hsa_circ_0089429
hsa-miR-6791-5p,hsa_circ_0089433
hsa-miR-6791-5p,hsa_circ_0089440
hsa-miR-6791-5p,hsa_circ_0089445
hsa-miR-6803-5p,hsa_circ_0085929
hsa-miR-6803-5p,hsa_circ_0085931
hsa-miR-6836-5p,hsa_circ_0020555
hsa-miR-6884-5p,hsa_circ_0018825
hsa-miR-7847-3p,hsa_circ_0020309
hsa-miR-7847-3p,hsa_circ_0020314
hsa-miR-7847-3p,hsa_circ_0020315
hsa-miR-7847-3p,hsa_circ_0020317
hsa-miR-143-5p,hsa_circ_0055327
hsa-miR-1913,hsa_circ_0010694
hsa-miR-1913,hsa_circ_0010695
hsa-miR-1913,hsa_circ_0010698
hsa-miR-1913,hsa_circ_0010699
hsa-miR-1913,hsa_circ_0010700
hsa-miR-1913,hsa_circ_0010702
hsa-miR-1913,hsa_circ_0010703
hsa-miR-3117-3p,hsa_circ_0020279
hsa-miR-3187-5p,hsa_circ_0081590
hsa-miR-3663-3p,hsa_circ_0044510
hsa-miR-3663-3p,hsa_circ_0044511
hsa-miR-4690-3p,hsa_circ_0020283
hsa-miR-4763-3p,hsa_circ_0067139
hsa-miR-5193,hsa_circ_0019327
hsa-miR-548c-3p,hsa_circ_0004314
hsa-miR-5787,hsa_circ_0049813
hsa-miR-661,hsa_circ_0010547
hsa-miR-661,hsa_circ_0010569
hsa-miR-661,hsa_circ_0010617
hsa-miR-6724-5p,hsa_circ_0045680
hsa-miR-6724-5p,hsa_circ_0045681
hsa-miR-6724-5p,hsa_circ_0045682
hsa-miR-6724-5p,hsa_circ_0045684
hsa-miR-6724-5p,hsa_circ_0045685
hsa-miR-6754-5p,hsa_circ_0010649
hsa-miR-6754-5p,hsa_circ_0010650
hsa-miR-6754-5p,hsa_circ_0010664
hsa-miR-6754-5p,hsa_circ_0010691
hsa-miR-6849-3p,hsa_circ_0004036
hsa-miR-6884-5p,hsa_circ_0087424
hsa-miR-6884-5p,hsa_circ_0087425
hsa-miR-6887-5p,hsa_circ_0037999
hsa-miR-4530,hsa_circ_0081144
hsa-miR-4632-5p,hsa_circ_0051922
hsa-miR-4685-5p,hsa_circ_0053192
hsa-miR-4739,hsa_circ_0008578
hsa-miR-4739,hsa_circ_0035116
hsa-miR-4763-3p,hsa_circ_0075041
hsa-miR-5580-5p,hsa_circ_0061128
hsa-miR-663b,hsa_circ_0020283
hsa-miR-762,hsa_circ_0041605
hsa-miR-762,hsa_circ_0041952
hsa-miR-1273h-5p,hsa_circ_0003591
hsa-miR-1273h-5p,hsa_circ_0072807
hsa-miR-1273h-5p,hsa_circ_0072823
hsa-miR-1273h-5p,hsa_circ_0072826
hsa-miR-1273h-5p,hsa_circ_0072849
hsa-miR-1273h-5p,hsa_circ_0089809
hsa-miR-149-3p,hsa_circ_0026923
hsa-miR-149-3p,hsa_circ_0026924
hsa-miR-149-3p,hsa_circ_0026925
hsa-miR-149-3p,hsa_circ_0026926
hsa-miR-149-3p,hsa_circ_0026927
hsa-miR-149-3p,hsa_circ_0026928
hsa-miR-149-3p,hsa_circ_0026929
hsa-miR-181a-5p,hsa_circ_0073792
hsa-miR-181b-5p,hsa_circ_0052294
hsa-miR-181b-5p,hsa_circ_0052295
hsa-miR-3192-5p,hsa_circ_0038209
hsa-miR-3196,hsa_circ_0052245
hsa-miR-378j,hsa_circ_0020282
hsa-miR-3916,hsa_circ_0012655
hsa-miR-3929,hsa_circ_0050270
hsa-miR-4433b-3p,hsa_circ_0049106
hsa-miR-4433b-3p,hsa_circ_0049111
hsa-miR-4433b-3p,hsa_circ_0049112
hsa-miR-4433b-3p,hsa_circ_0049115
hsa-miR-4433b-3p,hsa_circ_0049116
hsa-miR-4433b-3p,hsa_circ_0049120
hsa-miR-4433b-3p,hsa_circ_0049122
hsa-miR-4640-5p,hsa_circ_0037434
hsa-miR-4723-3p,hsa_circ_0034998
hsa-miR-4763-3p,hsa_circ_0046048
hsa-miR-4763-3p,hsa_circ_0048390
hsa-miR-4763-3p,hsa_circ_0061088
hsa-miR-4778-3p,hsa_circ_0080940
hsa-miR-5189-5p,hsa_circ_0010599
hsa-miR-5189-5p,hsa_circ_0010600
hsa-miR-615-5p,hsa_circ_0089427
hsa-miR-615-5p,hsa_circ_0089428
hsa-miR-615-5p,hsa_circ_0089433
hsa-miR-637,hsa_circ_0019926
hsa-miR-6756-5p,hsa_circ_0037739
hsa-miR-6875-3p,hsa_circ_0020669
hsa-miR-6881-3p,hsa_circ_0028537
hsa-miR-6893-5p,hsa_circ_0020309
hsa-miR-6893-5p,hsa_circ_0020314
hsa-miR-6893-5p,hsa_circ_0020315
hsa-miR-6893-5p,hsa_circ_0020317
hsa-miR-7111-5p,hsa_circ_0022342
hsa-miR-7111-5p,hsa_circ_0022343
hsa-miR-1270,hsa_circ_0037571
hsa-miR-1270,hsa_circ_0037573
hsa-miR-181a-5p,hsa_circ_0073781
hsa-miR-181b-5p,hsa_circ_0052316
hsa-miR-30b-3p,hsa_circ_0038027
hsa-miR-3159,hsa_circ_0043314
hsa-miR-328-5p,hsa_circ_0009194
hsa-miR-328-5p,hsa_circ_0009372
hsa-miR-3613-3p,hsa_circ_0018355
hsa-miR-3613-3p,hsa_circ_0078962
hsa-miR-3619-5p,hsa_circ_0075989
hsa-miR-3929,hsa_circ_0048843
hsa-miR-3960,hsa_circ_0054291
hsa-miR-4530,hsa_circ_0081062
hsa-miR-4685-5p,hsa_circ_0022885
hsa-miR-4685-5p,hsa_circ_0079232
hsa-miR-4751,hsa_circ_0057390
hsa-miR-4751,hsa_circ_0057391
hsa-miR-4751,hsa_circ_0057396
hsa-miR-4763-3p,hsa_circ_0005620
hsa-miR-4763-3p,hsa_circ_0019874
hsa-miR-4763-3p,hsa_circ_0019875
hsa-miR-4763-3p,hsa_circ_0046335
hsa-miR-4763-3p,hsa_circ_0067181
hsa-miR-4775,hsa_circ_0091353
hsa-miR-612,hsa_circ_0010676
hsa-miR-637,hsa_circ_0026141
hsa-miR-637,hsa_circ_0029299
hsa-miR-637,hsa_circ_0029300
hsa-miR-661,hsa_circ_0010667
hsa-miR-663a,hsa_circ_0052245
hsa-miR-6774-5p,hsa_circ_0091856
hsa-miR-6774-5p,hsa_circ_0091857
hsa-miR-6774-5p,hsa_circ_0091858
hsa-miR-6810-5p,hsa_circ_0026102
hsa-miR-6810-5p,hsa_circ_0026103
hsa-miR-6810-5p,hsa_circ_0026104
hsa-miR-6810-5p,hsa_circ_0026106
hsa-miR-6810-5p,hsa_circ_0026107
hsa-miR-6810-5p,hsa_circ_0026108
hsa-miR-6845-3p,hsa_circ_0079155
hsa-miR-6884-3p,hsa_circ_0056626
hsa-miR-6884-5p,hsa_circ_0087637
hsa-miR-6884-5p,hsa_circ_0087638
hsa-miR-6884-5p,hsa_circ_0087639
hsa-miR-6884-5p,hsa_circ_0087640
hsa-miR-942-5p,hsa_circ_0011310
hsa-miR-181d-5p,hsa_circ_0052290
hsa-miR-2467-3p,hsa_circ_0009399
hsa-miR-2467-3p,hsa_circ_0009400
hsa-miR-3065-3p,hsa_circ_0081125
hsa-miR-3065-3p,hsa_circ_0081130
hsa-miR-3065-3p,hsa_circ_0081131
hsa-miR-3065-3p,hsa_circ_0081133
hsa-miR-3065-3p,hsa_circ_0081136
hsa-miR-3065-3p,hsa_circ_0081137
hsa-miR-3065-3p,hsa_circ_0081138
hsa-miR-3065-3p,hsa_circ_0081142
hsa-miR-3065-3p,hsa_circ_0081146
hsa-miR-30b-3p,hsa_circ_0039972
hsa-miR-3929,hsa_circ_0056703
hsa-miR-4268,hsa_circ_0056345
hsa-miR-4268,hsa_circ_0056349
hsa-miR-4268,hsa_circ_0063117
hsa-miR-4268,hsa_circ_0063119
hsa-miR-4632-5p,hsa_circ_0037448
hsa-miR-4632-5p,hsa_circ_0037451
hsa-miR-4632-5p,hsa_circ_0037453
hsa-miR-466,hsa_circ_0045918
hsa-miR-466,hsa_circ_0045919
hsa-miR-4733-3p,hsa_circ_0037451
hsa-miR-4763-3p,hsa_circ_0037455
hsa-miR-4763-3p,hsa_circ_0048385
hsa-miR-4763-3p,hsa_circ_0050991
hsa-miR-4763-3p,hsa_circ_0089528
hsa-miR-4775,hsa_circ_0025834
hsa-miR-5008-5p,hsa_circ_0065407
hsa-miR-5011-5p,hsa_circ_0076921
hsa-miR-5189-5p,hsa_circ_0034154
hsa-miR-6129,hsa_circ_0057955
hsa-miR-653-3p,hsa_circ_0019687
hsa-miR-653-3p,hsa_circ_0019688
hsa-miR-653-3p,hsa_circ_0019689
hsa-miR-653-3p,hsa_circ_0019690
hsa-miR-6751-5p,hsa_circ_0026093
hsa-miR-6751-5p,hsa_circ_0026097
hsa-miR-6787-3p,hsa_circ_0048520
hsa-miR-6846-5p,hsa_circ_0026092
hsa-miR-6846-5p,hsa_circ_0026093
hsa-miR-6846-5p,hsa_circ_0026096
hsa-miR-6846-5p,hsa_circ_0026097
hsa-miR-6852-5p,hsa_circ_0030838
hsa-miR-6881-3p,hsa_circ_0013997
hsa-miR-6893-3p,hsa_circ_0034772
hsa-miR-7113-5p,hsa_circ_0091307
hsa-miR-1205,hsa_circ_0086859
hsa-miR-1205,hsa_circ_0086860
hsa-miR-1205,hsa_circ_0086862
hsa-miR-1205,hsa_circ_0086872
hsa-miR-1205,hsa_circ_0086873
hsa-miR-214-3p,hsa_circ_0079107
hsa-miR-214-3p,hsa_circ_0079112
hsa-miR-3613-3p,hsa_circ_0009313
hsa-miR-3619-5p,hsa_circ_0065990
hsa-miR-3662,hsa_circ_0057172
hsa-miR-3662,hsa_circ_0057182
hsa-miR-4268,hsa_circ_0063099
hsa-miR-4268,hsa_circ_0063101
hsa-miR-4268,hsa_circ_0063108
hsa-miR-4268,hsa_circ_0063109
hsa-miR-4268,hsa_circ_0063110
hsa-miR-4268,hsa_circ_0063112
hsa-miR-4268,hsa_circ_0063113
hsa-miR-4640-5p,hsa_circ_0089460
hsa-miR-4685-5p,hsa_circ_0022879
hsa-miR-4726-5p,hsa_circ_0044544
hsa-miR-4739,hsa_circ_0000912
hsa-miR-4739,hsa_circ_0026670
hsa-miR-4739,hsa_circ_0026671
hsa-miR-4739,hsa_circ_0026672
hsa-miR-4739,hsa_circ_0040152
hsa-miR-4739,hsa_circ_0082561
hsa-miR-4739,hsa_circ_0082562
hsa-miR-593-5p,hsa_circ_0044511
hsa-miR-593-5p,hsa_circ_0044512
hsa-miR-593-5p,hsa_circ_0044519
hsa-miR-593-5p,hsa_circ_0044522
hsa-miR-593-5p,hsa_circ_0044524
hsa-miR-593-5p,hsa_circ_0044529
hsa-miR-608,hsa_circ_0046334
hsa-miR-612,hsa_circ_0001731
hsa-miR-615-5p,hsa_circ_0065412
hsa-miR-619-5p,hsa_circ_0040543
hsa-miR-637,hsa_circ_0020669
hsa-miR-6775-5p,hsa_circ_0037448
hsa-miR-6884-5p,hsa_circ_0005558
hsa-miR-1273h-5p,hsa_circ_0021851
hsa-miR-130b-5p,hsa_circ_0063742
hsa-miR-1538,hsa_circ_0033532
hsa-miR-1538,hsa_circ_0033533
hsa-miR-1538,hsa_circ_0033534
hsa-miR-190a-3p,hsa_circ_0025862
hsa-miR-190a-3p,hsa_circ_0025863
hsa-miR-190a-3p,hsa_circ_0072746
hsa-miR-3065-3p,hsa_circ_0081063
hsa-miR-3065-3p,hsa_circ_0081065
hsa-miR-3135a,hsa_circ_0027022
hsa-miR-3613-3p,hsa_circ_0063474
hsa-miR-3929,hsa_circ_0060490
hsa-miR-4640-5p,hsa_circ_0015853
hsa-miR-4726-5p,hsa_circ_0057348
hsa-miR-4726-5p,hsa_circ_0057354
hsa-miR-4726-5p,hsa_circ_0057355
hsa-miR-4726-5p,hsa_circ_0081058
hsa-miR-4739,hsa_circ_0011066
hsa-miR-4739,hsa_circ_0011067
hsa-miR-4739,hsa_circ_0011068
hsa-miR-4739,hsa_circ_0011069
hsa-miR-4739,hsa_circ_0011070
hsa-miR-4739,hsa_circ_0011071
hsa-miR-6753-5p,hsa_circ_0044551
hsa-miR-6756-5p,hsa_circ_0041952
hsa-miR-6803-5p,hsa_circ_0050792
hsa-miR-6803-5p,hsa_circ_0050793
hsa-miR-6803-5p,hsa_circ_0050794
hsa-miR-6803-5p,hsa_circ_0050795
hsa-miR-6879-5p,hsa_circ_0082877
hsa-miR-7113-3p,hsa_circ_0055207
hsa-miR-762,hsa_circ_0010542
hsa-miR-7847-3p,hsa_circ_0079254
hsa-miR-1184,hsa_circ_0049937
hsa-miR-1184,hsa_circ_0083240
hsa-miR-1226-5p,hsa_circ_0037454
hsa-miR-1226-5p,hsa_circ_0037459
hsa-miR-1273h-5p,hsa_circ_0075921
hsa-miR-1273h-5p,hsa_circ_0078806
hsa-miR-1273h-5p,hsa_circ_0078807
hsa-miR-3064-5p,hsa_circ_0065481
hsa-miR-3135b,hsa_circ_0041843
hsa-miR-3180-3p,hsa_circ_0052245
hsa-miR-328-5p,hsa_circ_0082878
hsa-miR-328-5p,hsa_circ_0082879
hsa-miR-3613-3p,hsa_circ_0081596
hsa-miR-3929,hsa_circ_0000246
hsa-miR-4493,hsa_circ_0051055
hsa-miR-4530,hsa_circ_0044541
hsa-miR-4530,hsa_circ_0044550
hsa-miR-4539,hsa_circ_0006799
hsa-miR-4539,hsa_circ_0045783
hsa-miR-4539,hsa_circ_0045784
hsa-miR-4539,hsa_circ_0045785
hsa-miR-4539,hsa_circ_0045787
hsa-miR-4539,hsa_circ_0045789
hsa-miR-4632-5p,hsa_circ_0025086
hsa-miR-4640-5p,hsa_circ_0044544
hsa-miR-466,hsa_circ_0058374
hsa-miR-4726-5p,hsa_circ_0065398
hsa-miR-4726-5p,hsa_circ_0065405
hsa-miR-4753-3p,hsa_circ_0091422
hsa-miR-4753-3p,hsa_circ_0091423
hsa-miR-4753-3p,hsa_circ_0091424
hsa-miR-4763-3p,hsa_circ_0037199
hsa-miR-4775,hsa_circ_0006293
hsa-miR-5193,hsa_circ_0019331
hsa-miR-5193,hsa_circ_0019332
hsa-miR-5193,hsa_circ_0063074
hsa-miR-5787,hsa_circ_0051929
hsa-miR-612,hsa_circ_0010689
hsa-miR-612,hsa_circ_0010694
hsa-miR-612,hsa_circ_0010695
hsa-miR-612,hsa_circ_0010700
hsa-miR-612,hsa_circ_0010702
hsa-miR-6785-5p,hsa_circ_0009085
hsa-miR-6785-5p,hsa_circ_0013827
hsa-miR-6852-5p,hsa_circ_0030863
hsa-miR-6893-5p,hsa_circ_0015996
hsa-miR-1273h-5p,hsa_circ_0038403
hsa-miR-1273h-5p,hsa_circ_0074024
hsa-miR-1273h-5p,hsa_circ_0074025
hsa-miR-1273h-5p,hsa_circ_0090835
hsa-miR-1273h-5p,hsa_circ_0090836
hsa-miR-1972,hsa_circ_0016773
hsa-miR-1972,hsa_circ_0016775
hsa-miR-1972,hsa_circ_0016776
hsa-miR-3065-3p,hsa_circ_0081151
hsa-miR-3140-3p,hsa_circ_0049106
hsa-miR-3180-3p,hsa_circ_0043314
hsa-miR-3189-3p,hsa_circ_0030855
hsa-miR-3189-3p,hsa_circ_0030856
hsa-miR-3189-3p,hsa_circ_0030857
hsa-miR-4685-5p,hsa_circ_0074490
hsa-miR-4691-5p,hsa_circ_0016773
hsa-miR-4691-5p,hsa_circ_0016775
hsa-miR-4691-5p,hsa_circ_0016776
hsa-miR-4739,hsa_circ_0016730
hsa-miR-4739,hsa_circ_0026669
hsa-miR-4751,hsa_circ_0057436
hsa-miR-4751,hsa_circ_0057441
hsa-miR-4763-3p,hsa_circ_0020309
hsa-miR-4763-3p,hsa_circ_0075946
hsa-miR-4763-3p,hsa_circ_0091805
hsa-miR-5189-5p,hsa_circ_0010645
hsa-miR-5189-5p,hsa_circ_0010646
hsa-miR-5196-3p,hsa_circ_0051857
hsa-miR-612,hsa_circ_0034154
hsa-miR-651-3p,hsa_circ_0013846
hsa-miR-661,hsa_circ_0046098
hsa-miR-661,hsa_circ_0046099
hsa-miR-661,hsa_circ_0046100
hsa-miR-661,hsa_circ_0046101
hsa-miR-661,hsa_circ_0046102
hsa-miR-661,hsa_circ_0046103
hsa-miR-661,hsa_circ_0046104
hsa-miR-661,hsa_circ_0046105
hsa-miR-665,hsa_circ_0044246
hsa-miR-6756-5p,hsa_circ_0058199
hsa-miR-6808-5p,hsa_circ_0020309
hsa-miR-6808-5p,hsa_circ_0020314
hsa-miR-6808-5p,hsa_circ_0020315
hsa-miR-6808-5p,hsa_circ_0020317
hsa-miR-6809-3p,hsa_circ_0000965
hsa-miR-6819-5p,hsa_circ_0039097
hsa-miR-7110-5p,hsa_circ_0039128
hsa-miR-8085,hsa_circ_0043980
hsa-miR-885-3p,hsa_circ_0061083
hsa-miR-1236-3p,hsa_circ_0051857
hsa-miR-154-3p,hsa_circ_0020279
hsa-miR-154-3p,hsa_circ_0020282
hsa-miR-181d-5p,hsa_circ_0052115
hsa-miR-3187-5p,hsa_circ_0086904
hsa-miR-3187-5p,hsa_circ_0086916
hsa-miR-3187-5p,hsa_circ_0086917
hsa-miR-3613-3p,hsa_circ_0004454
hsa-miR-3613-3p,hsa_circ_0018230
hsa-miR-3613-3p,hsa_circ_0019789
hsa-miR-3613-3p,hsa_circ_0019793
hsa-miR-3613-3p,hsa_circ_0019795
hsa-miR-3613-3p,hsa_circ_0019796
hsa-miR-3613-3p,hsa_circ_0050271
hsa-miR-3613-3p,hsa_circ_0060490
hsa-miR-3613-3p,hsa_circ_0072808
hsa-miR-3613-3p,hsa_circ_0072809
hsa-miR-3613-3p,hsa_circ_0072850
hsa-miR-3613-3p,hsa_circ_0072851
hsa-miR-3662,hsa_circ_0003052
hsa-miR-3662,hsa_circ_0052976
hsa-miR-3662,hsa_circ_0052977
hsa-miR-3663-3p,hsa_circ_0044522
hsa-miR-3663-3p,hsa_circ_0044524
hsa-miR-4498,hsa_circ_0013875
hsa-miR-4632-5p,hsa_circ_0089373
hsa-miR-4685-5p,hsa_circ_0034773
hsa-miR-4685-5p,hsa_circ_0065990
hsa-miR-4739,hsa_circ_0063365
hsa-miR-4753-3p,hsa_circ_0091438
hsa-miR-4763-3p,hsa_circ_0020757
hsa-miR-485-5p,hsa_circ_0006177
hsa-miR-485-5p,hsa_circ_0020595
hsa-miR-5189-5p,hsa_circ_0010654
hsa-miR-5189-5p,hsa_circ_0010658
hsa-miR-5189-5p,hsa_circ_0010664
hsa-miR-5196-3p,hsa_circ_0068656
hsa-miR-5196-5p,hsa_circ_0026923
hsa-miR-5196-5p,hsa_circ_0026924
hsa-miR-5196-5p,hsa_circ_0026925
hsa-miR-5196-5p,hsa_circ_0026926
hsa-miR-5196-5p,hsa_circ_0026927
hsa-miR-5196-5p,hsa_circ_0026928
hsa-miR-5196-5p,hsa_circ_0026929
hsa-miR-5787,hsa_circ_0022944
hsa-miR-5787,hsa_circ_0022949
hsa-miR-5787,hsa_circ_0022951
hsa-miR-5787,hsa_circ_0022952
hsa-miR-5787,hsa_circ_0022958
hsa-miR-608,hsa_circ_0061080
hsa-miR-612,hsa_circ_0038126
hsa-miR-6732-3p,hsa_circ_0063518
hsa-miR-6743-3p,hsa_circ_0045739
hsa-miR-6751-5p,hsa_circ_0050815
hsa-miR-6756-5p,hsa_circ_0041852
hsa-miR-6797-5p,hsa_circ_0026668
hsa-miR-6797-5p,hsa_circ_0026669
hsa-miR-6827-5p,hsa_circ_0010691
hsa-miR-6860,hsa_circ_0010641
hsa-miR-6884-5p,hsa_circ_0063474
hsa-miR-6886-3p,hsa_circ_0011308
hsa-miR-6886-3p,hsa_circ_0011309
hsa-miR-744-5p,hsa_circ_0044510
hsa-miR-744-5p,hsa_circ_0044511
hsa-miR-744-5p,hsa_circ_0044512
hsa-miR-744-5p,hsa_circ_0044519
hsa-miR-744-5p,hsa_circ_0044522
hsa-miR-744-5p,hsa_circ_0044524
hsa-miR-181a-5p,hsa_circ_0035158
hsa-miR-181a-5p,hsa_circ_0035159
hsa-miR-181b-5p,hsa_circ_0052115
hsa-miR-3135b,hsa_circ_0077011
hsa-miR-3140-3p,hsa_circ_0049111
hsa-miR-3140-3p,hsa_circ_0049112
hsa-miR-3140-3p,hsa_circ_0049113
hsa-miR-3187-5p,hsa_circ_0038126
hsa-miR-3929,hsa_circ_0046155
hsa-miR-4268,hsa_circ_0063075
hsa-miR-4467,hsa_circ_0051748
hsa-miR-4467,hsa_circ_0051750
hsa-miR-4467,hsa_circ_0051751
hsa-miR-449b-3p,hsa_circ_0020283
hsa-miR-4640-5p,hsa_circ_0068968
hsa-miR-4640-5p,hsa_circ_0068969
hsa-miR-4640-5p,hsa_circ_0068987
hsa-miR-4640-5p,hsa_circ_0068988
hsa-miR-4640-5p,hsa_circ_0068991
hsa-miR-4726-5p,hsa_circ_0065416
hsa-miR-4763-3p,hsa_circ_0049820
hsa-miR-4775,hsa_circ_0017040
hsa-miR-4775,hsa_circ_0054611
hsa-miR-5001-5p,hsa_circ_0010542
hsa-miR-5001-5p,hsa_circ_0010549
hsa-miR-5001-5p,hsa_circ_0010553
hsa-miR-5001-5p,hsa_circ_0010582
hsa-miR-5001-5p,hsa_circ_0010601
hsa-miR-5001-5p,hsa_circ_0010602
hsa-miR-5001-5p,hsa_circ_0010603
hsa-miR-5001-5p,hsa_circ_0010604
hsa-miR-5001-5p,hsa_circ_0010605
hsa-miR-5001-5p,hsa_circ_0010623
hsa-miR-5001-5p,hsa_circ_0010643
hsa-miR-5001-5p,hsa_circ_0010644
hsa-miR-5001-5p,hsa_circ_0010645
hsa-miR-5001-5p,hsa_circ_0010646
hsa-miR-5001-5p,hsa_circ_0010657
hsa-miR-5001-5p,hsa_circ_0010663
hsa-miR-5001-5p,hsa_circ_0010670
hsa-miR-5001-5p,hsa_circ_0010671
hsa-miR-5001-5p,hsa_circ_0010677
hsa-miR-5589-5p,hsa_circ_0041864
hsa-miR-5589-5p,hsa_circ_0041876
hsa-miR-5589-5p,hsa_circ_0041881
hsa-miR-5589-5p,hsa_circ_0041887
hsa-miR-5589-5p,hsa_circ_0041888
hsa-miR-5589-5p,hsa_circ_0041890
hsa-miR-5589-5p,hsa_circ_0041891
hsa-miR-661,hsa_circ_0086904
hsa-miR-661,hsa_circ_0086917
hsa-miR-6756-5p,hsa_circ_0050085
hsa-miR-6756-5p,hsa_circ_0050086
hsa-miR-6756-5p,hsa_circ_0058374
hsa-miR-6756-5p,hsa_circ_0062410
hsa-miR-6762-5p,hsa_circ_0040861
hsa-miR-6762-5p,hsa_circ_0040863
hsa-miR-6783-3p,hsa_circ_0060073
hsa-miR-6783-3p,hsa_circ_0060075
hsa-miR-6804-3p,hsa_circ_0037451
hsa-miR-6804-3p,hsa_circ_0037453
hsa-miR-6804-3p,hsa_circ_0037455
hsa-miR-6830-3p,hsa_circ_0040923
hsa-miR-6860,hsa_circ_0086872
hsa-miR-6860,hsa_circ_0086873
hsa-miR-6860,hsa_circ_0086881
hsa-miR-6860,hsa_circ_0086889
hsa-miR-6860,hsa_circ_0086890
hsa-miR-6860,hsa_circ_0086891
hsa-miR-6884-5p,hsa_circ_0078998
hsa-miR-6884-5p,hsa_circ_0078999
hsa-miR-7111-3p,hsa_circ_0042205
hsa-miR-1303,hsa_circ_0076600
hsa-miR-3064-3p,hsa_circ_0039035
hsa-miR-3065-3p,hsa_circ_0044509
hsa-miR-3065-3p,hsa_circ_0044520
hsa-miR-3065-3p,hsa_circ_0044526
hsa-miR-3065-3p,hsa_circ_0044534
hsa-miR-3187-5p,hsa_circ_0020316
hsa-miR-3187-5p,hsa_circ_0086864
hsa-miR-3187-5p,hsa_circ_0086866
hsa-miR-3187-5p,hsa_circ_0086867
hsa-miR-328-5p,hsa_circ_0065411
hsa-miR-3613-3p,hsa_circ_0038906
hsa-miR-3692-5p,hsa_circ_0058199
hsa-miR-3909,hsa_circ_0016773
hsa-miR-3909,hsa_circ_0016775
hsa-miR-3909,hsa_circ_0016776
hsa-miR-3929,hsa_circ_0068269
hsa-miR-4430,hsa_circ_0044246
hsa-miR-4530,hsa_circ_0044540
hsa-miR-4640-5p,hsa_circ_0019902
hsa-miR-4640-5p,hsa_circ_0019903
hsa-miR-4640-5p,hsa_circ_0019904
hsa-miR-4640-5p,hsa_circ_0019905
hsa-miR-4640-5p,hsa_circ_0019906
hsa-miR-4640-5p,hsa_circ_0019907
hsa-miR-4640-5p,hsa_circ_0019908
hsa-miR-4640-5p,hsa_circ_0019909
hsa-miR-4642,hsa_circ_0049105
hsa-miR-4673,hsa_circ_0082877
hsa-miR-4753-3p,hsa_circ_0043961
hsa-miR-4763-3p,hsa_circ_0010071
hsa-miR-4763-3p,hsa_circ_0010077
hsa-miR-4763-3p,hsa_circ_0010082
hsa-miR-4763-3p,hsa_circ_0010083
hsa-miR-4763-3p,hsa_circ_0010084
hsa-miR-4763-3p,hsa_circ_0010085
hsa-miR-4775,hsa_circ_0055327
hsa-miR-485-5p,hsa_circ_0041143
hsa-miR-513a-3p,hsa_circ_0067105
hsa-miR-513a-3p,hsa_circ_0067106
hsa-miR-513c-3p,hsa_circ_0067105
hsa-miR-513c-3p,hsa_circ_0067106
hsa-miR-661,hsa_circ_0091806
hsa-miR-661,hsa_circ_0091807
hsa-miR-661,hsa_circ_0091808
hsa-miR-665,hsa_circ_0040293
hsa-miR-665,hsa_circ_0040295
hsa-miR-6779-3p,hsa_circ_0089789
hsa-miR-6797-5p,hsa_circ_0022613
hsa-miR-6798-5p,hsa_circ_0044553
hsa-miR-6846-5p,hsa_circ_0089529
hsa-miR-6846-5p,hsa_circ_0089530
hsa-miR-6848-5p,hsa_circ_0049837
hsa-miR-6884-5p,hsa_circ_0063518
hsa-miR-7113-5p,hsa_circ_0044512
hsa-miR-762,hsa_circ_0010574
hsa-miR-762,hsa_circ_0010583
hsa-miR-762,hsa_circ_0010606
hsa-miR-762,hsa_circ_0010607
hsa-miR-762,hsa_circ_0010608
hsa-miR-762,hsa_circ_0010609
hsa-miR-762,hsa_circ_0010610
hsa-miR-762,hsa_circ_0010624
hsa-miR-762,hsa_circ_0010625
hsa-miR-762,hsa_circ_0010626
hsa-miR-762,hsa_circ_0010647
hsa-miR-762,hsa_circ_0010648
hsa-miR-762,hsa_circ_0010649
hsa-miR-762,hsa_circ_0010650
hsa-miR-762,hsa_circ_0010654
hsa-miR-762,hsa_circ_0010658
hsa-miR-762,hsa_circ_0010664
hsa-miR-8073,hsa_circ_0051048
hsa-miR-1184,hsa_circ_0086872
hsa-miR-1184,hsa_circ_0086873
hsa-miR-1184,hsa_circ_0086881
hsa-miR-1184,hsa_circ_0086887
hsa-miR-1184,hsa_circ_0086888
hsa-miR-1184,hsa_circ_0086889
hsa-miR-1184,hsa_circ_0086890
hsa-miR-1184,hsa_circ_0086891
hsa-miR-1184,hsa_circ_0086893
hsa-miR-1184,hsa_circ_0086898
hsa-miR-1184,hsa_circ_0086902
hsa-miR-1184,hsa_circ_0086903
hsa-miR-1184,hsa_circ_0086904
hsa-miR-1184,hsa_circ_0086915
hsa-miR-1184,hsa_circ_0086916
hsa-miR-1184,hsa_circ_0086917
hsa-miR-1184,hsa_circ_0086923
hsa-miR-1273h-5p,hsa_circ_0046155
hsa-miR-1286,hsa_circ_0044515
hsa-miR-1286,hsa_circ_0044516
hsa-miR-1286,hsa_circ_0044517
hsa-miR-1286,hsa_circ_0044518
hsa-miR-1286,hsa_circ_0044520
hsa-miR-3135b,hsa_circ_0091350
hsa-miR-3189-3p,hsa_circ_0065399
hsa-miR-3189-3p,hsa_circ_0065400
hsa-miR-3189-3p,hsa_circ_0065401
hsa-miR-3189-3p,hsa_circ_0065402
hsa-miR-3189-3p,hsa_circ_0065403
hsa-miR-3189-3p,hsa_circ_0065404
hsa-miR-3619-5p,hsa_circ_0040875
hsa-miR-3620-5p,hsa_circ_0039075
hsa-miR-3620-5p,hsa_circ_0039087
hsa-miR-3620-5p,hsa_circ_0039090
hsa-miR-3620-5p,hsa_circ_0039099
hsa-miR-3620-5p,hsa_circ_0039105
hsa-miR-3929,hsa_circ_0044091
hsa-miR-3929,hsa_circ_0044092
hsa-miR-3929,hsa_circ_0044093
hsa-miR-3929,hsa_circ_0044094
hsa-miR-4763-3p,hsa_circ_0033532
hsa-miR-5001-5p,hsa_circ_0048976
hsa-miR-5001-5p,hsa_circ_0048977
hsa-miR-5196-5p,hsa_circ_0058914
hsa-miR-637,hsa_circ_0051279
hsa-miR-661,hsa_circ_0050973
hsa-miR-6738-3p,hsa_circ_0027654
hsa-miR-6756-5p,hsa_circ_0090500
hsa-miR-6780a-5p,hsa_circ_0004995
hsa-miR-6803-5p,hsa_circ_0050087
hsa-miR-6808-5p,hsa_circ_0089547
hsa-miR-6809-3p,hsa_circ_0046926
hsa-miR-6809-3p,hsa_circ_0046928
hsa-miR-6809-3p,hsa_circ_0046931
hsa-miR-6809-3p,hsa_circ_0046932
hsa-miR-6852-5p,hsa_circ_0019920
hsa-miR-6852-5p,hsa_circ_0019921
hsa-miR-6852-5p,hsa_circ_0019922
hsa-miR-6852-5p,hsa_circ_0019923
hsa-miR-6852-5p,hsa_circ_0019924
hsa-miR-6884-5p,hsa_circ_0078202
hsa-miR-7111-3p,hsa_circ_0051585
hsa-miR-744-5p,hsa_circ_0079232
hsa-miR-873-5p,hsa_circ_0075975
hsa-miR-873-5p,hsa_circ_0075977
hsa-miR-873-5p,hsa_circ_0075987
hsa-miR-1587,hsa_circ_0010574
hsa-miR-1587,hsa_circ_0010607
hsa-miR-1587,hsa_circ_0010608
hsa-miR-1587,hsa_circ_0010609
hsa-miR-1587,hsa_circ_0010610
hsa-miR-1587,hsa_circ_0010624
hsa-miR-1587,hsa_circ_0010625
hsa-miR-1587,hsa_circ_0010626
hsa-miR-1587,hsa_circ_0010647
hsa-miR-1587,hsa_circ_0010648
hsa-miR-1587,hsa_circ_0010649
hsa-miR-1587,hsa_circ_0010650
hsa-miR-1587,hsa_circ_0010654
hsa-miR-1587,hsa_circ_0010658
hsa-miR-1587,hsa_circ_0010664
hsa-miR-3158-5p,hsa_circ_0034138
hsa-miR-3196,hsa_circ_0051665
hsa-miR-3662,hsa_circ_0087154
hsa-miR-3662,hsa_circ_0087155
hsa-miR-3662,hsa_circ_0087156
hsa-miR-3662,hsa_circ_0087157
hsa-miR-3929,hsa_circ_0072808
hsa-miR-3929,hsa_circ_0072809
hsa-miR-3929,hsa_circ_0072850
hsa-miR-3929,hsa_circ_0072851
hsa-miR-4659a-3p,hsa_circ_0088325
hsa-miR-4659a-3p,hsa_circ_0088326
hsa-miR-4659a-3p,hsa_circ_0088327
hsa-miR-4677-5p,hsa_circ_0076826
hsa-miR-4677-5p,hsa_circ_0076835
hsa-miR-4763-3p,hsa_circ_0010547
hsa-miR-4763-3p,hsa_circ_0010557
hsa-miR-4763-3p,hsa_circ_0010558
hsa-miR-4763-3p,hsa_circ_0065593
hsa-miR-4778-3p,hsa_circ_0013997
hsa-miR-4778-3p,hsa_circ_0072172
hsa-miR-4778-3p,hsa_circ_0072182
hsa-miR-608,hsa_circ_0059790
hsa-miR-6511a-5p,hsa_circ_0080029
hsa-miR-6514-3p,hsa_circ_0072808
hsa-miR-6514-3p,hsa_circ_0072809
hsa-miR-6514-3p,hsa_circ_0072817
hsa-miR-6514-3p,hsa_circ_0072819
hsa-miR-6514-3p,hsa_circ_0072821
hsa-miR-6514-3p,hsa_circ_0072850
hsa-miR-6514-3p,hsa_circ_0072851
hsa-miR-665,hsa_circ_0052101
hsa-miR-665,hsa_circ_0052103
hsa-miR-6756-5p,hsa_circ_0014736
hsa-miR-6776-5p,hsa_circ_0041864
hsa-miR-6776-5p,hsa_circ_0041876
hsa-miR-6776-5p,hsa_circ_0041881
hsa-miR-6776-5p,hsa_circ_0041887
hsa-miR-6776-5p,hsa_circ_0041888
hsa-miR-6776-5p,hsa_circ_0041890
hsa-miR-6776-5p,hsa_circ_0041891
hsa-miR-6785-5p,hsa_circ_0016730
hsa-miR-6893-5p,hsa_circ_0089552
hsa-miR-762,hsa_circ_0078873
hsa-miR-762,hsa_circ_0082878
hsa-miR-7703,hsa_circ_0081678
hsa-miR-1248,hsa_circ_0091093
hsa-miR-1248,hsa_circ_0091099
hsa-miR-1248,hsa_circ_0091100
hsa-miR-1248,hsa_circ_0091101
hsa-miR-1248,hsa_circ_0091103
hsa-miR-1249-5p,hsa_circ_0022958
hsa-miR-1262,hsa_circ_0049105
hsa-miR-1262,hsa_circ_0049115
hsa-miR-1262,hsa_circ_0049122
hsa-miR-1262,hsa_circ_0049125
hsa-miR-1273h-5p,hsa_circ_0016175
hsa-miR-1286,hsa_circ_0044522
hsa-miR-1286,hsa_circ_0044524
hsa-miR-214-3p,hsa_circ_0040875
hsa-miR-3187-5p,hsa_circ_0037987
hsa-miR-331-3p,hsa_circ_0030855
hsa-miR-331-3p,hsa_circ_0030856
hsa-miR-331-3p,hsa_circ_0030857
hsa-miR-4446-3p,hsa_circ_0013875
hsa-miR-4659a-3p,hsa_circ_0049115
hsa-miR-4659a-3p,hsa_circ_0049116
hsa-miR-4659a-3p,hsa_circ_0049120
hsa-miR-4685-5p,hsa_circ_0062093
hsa-miR-4691-5p,hsa_circ_0062093
hsa-miR-4691-5p,hsa_circ_0062099
hsa-miR-4722-5p,hsa_circ_0009400
hsa-miR-4763-3p,hsa_circ_0010622
hsa-miR-4789-3p,hsa_circ_0068783
hsa-miR-5196-5p,hsa_circ_0035119
hsa-miR-548ah-3p,hsa_circ_0073606
hsa-miR-548am-3p,hsa_circ_0073606
hsa-miR-5684,hsa_circ_0004192
hsa-miR-661,hsa_circ_0086858
hsa-miR-6729-5p,hsa_circ_0054291
hsa-miR-6780a-5p,hsa_circ_0041257
hsa-miR-6791-3p,hsa_circ_0081673
hsa-miR-6798-5p,hsa_circ_0049814
hsa-miR-6798-5p,hsa_circ_0049815
hsa-miR-6808-5p,hsa_circ_0043314
hsa-miR-6860,hsa_circ_0010691
hsa-miR-6860,hsa_circ_0010703
hsa-miR-6860,hsa_circ_0049813
hsa-miR-6860,hsa_circ_0049814
hsa-miR-6860,hsa_circ_0049815
hsa-miR-6893-5p,hsa_circ_0082878
hsa-miR-6893-5p,hsa_circ_0082879
hsa-miR-8073,hsa_circ_0082879
hsa-miR-1273h-5p,hsa_circ_0050480
hsa-miR-1273h-5p,hsa_circ_0050485
hsa-miR-1273h-5p,hsa_circ_0050491
hsa-miR-1273h-5p,hsa_circ_0050493
hsa-miR-1273h-5p,hsa_circ_0050497
hsa-miR-1273h-5p,hsa_circ_0050500
hsa-miR-1273h-5p,hsa_circ_0050501
hsa-miR-1273h-5p,hsa_circ_0050502
hsa-miR-1273h-5p,hsa_circ_0050503
hsa-miR-1303,hsa_circ_0064350
hsa-miR-149-3p,hsa_circ_0069071
hsa-miR-1538,hsa_circ_0037182
hsa-miR-212-5p,hsa_circ_0079254
hsa-miR-3187-5p,hsa_circ_0009399
hsa-miR-3187-5p,hsa_circ_0009400
hsa-miR-3187-5p,hsa_circ_0009401
hsa-miR-3187-5p,hsa_circ_0072817
hsa-miR-3187-5p,hsa_circ_0072819
hsa-miR-3187-5p,hsa_circ_0072821
hsa-miR-3613-3p,hsa_circ_0049494
hsa-miR-3619-5p,hsa_circ_0033295
hsa-miR-3619-5p,hsa_circ_0033296
hsa-miR-3619-5p,hsa_circ_0033301
hsa-miR-3619-5p,hsa_circ_0075999
hsa-miR-3619-5p,hsa_circ_0076000
hsa-miR-3619-5p,hsa_circ_0076001
hsa-miR-3619-5p,hsa_circ_0076002
hsa-miR-3619-5p,hsa_circ_0076007
hsa-miR-3619-5p,hsa_circ_0076008
hsa-miR-3619-5p,hsa_circ_0076009
hsa-miR-3619-5p,hsa_circ_0076010
hsa-miR-3619-5p,hsa_circ_0076014
hsa-miR-3619-5p,hsa_circ_0076015
hsa-miR-3619-5p,hsa_circ_0076016
hsa-miR-3929,hsa_circ_0026211
hsa-miR-4433a-3p,hsa_circ_0082878
hsa-miR-4642,hsa_circ_0049111
hsa-miR-4642,hsa_circ_0049112
hsa-miR-4685-5p,hsa_circ_0061080
hsa-miR-4726-5p,hsa_circ_0081083
hsa-miR-4726-5p,hsa_circ_0081093
hsa-miR-4726-5p,hsa_circ_0081094
hsa-miR-4732-3p,hsa_circ_0020282
hsa-miR-4732-3p,hsa_circ_0020283
hsa-miR-4763-3p,hsa_circ_0085791
hsa-miR-4775,hsa_circ_0037111
hsa-miR-5088-3p,hsa_circ_0089428
hsa-miR-5088-3p,hsa_circ_0089429
hsa-miR-5088-3p,hsa_circ_0089433
hsa-miR-5088-3p,hsa_circ_0089440
hsa-miR-5088-3p,hsa_circ_0089445
hsa-miR-5189-5p,hsa_circ_0049814
hsa-miR-5189-5p,hsa_circ_0049815
hsa-miR-5189-5p,hsa_circ_0049820
hsa-miR-5193,hsa_circ_0031207
hsa-miR-5684,hsa_circ_0014789
hsa-miR-5787,hsa_circ_0029294
hsa-miR-5787,hsa_circ_0029296
hsa-miR-5787,hsa_circ_0029297
hsa-miR-5787,hsa_circ_0029298
hsa-miR-5787,hsa_circ_0039075
hsa-miR-5787,hsa_circ_0039087
hsa-miR-6504-3p,hsa_circ_0062544
hsa-miR-663a,hsa_circ_0037182
hsa-miR-6735-5p,hsa_circ_0080517
hsa-miR-6753-5p,hsa_circ_0044531
hsa-miR-6756-5p,hsa_circ_0026098
hsa-miR-6756-5p,hsa_circ_0026099
hsa-miR-6776-5p,hsa_circ_0050085
hsa-miR-6776-5p,hsa_circ_0050086
hsa-miR-6798-5p,hsa_circ_0044504
hsa-miR-6846-5p,hsa_circ_0009561
hsa-miR-6846-5p,hsa_circ_0009562
hsa-miR-6846-5p,hsa_circ_0009563
hsa-miR-6868-3p,hsa_circ_0040925
hsa-miR-6884-5p,hsa_circ_0026211
hsa-miR-6887-3p,hsa_circ_0020316
hsa-miR-765,hsa_circ_0035116
hsa-miR-874-5p,hsa_circ_0041951
hsa-miR-1199-5p,hsa_circ_0013875
hsa-miR-1249-5p,hsa_circ_0078806
hsa-miR-3159,hsa_circ_0055327
hsa-miR-3620-5p,hsa_circ_0063727
hsa-miR-3929,hsa_circ_0078962
hsa-miR-4673,hsa_circ_0089547
hsa-miR-4763-3p,hsa_circ_0010633
hsa-miR-4767,hsa_circ_0030834
hsa-miR-4775,hsa_circ_0050102
hsa-miR-4778-3p,hsa_circ_0022932
hsa-miR-6743-5p,hsa_circ_0049815
hsa-miR-6756-5p,hsa_circ_0010574
hsa-miR-6756-5p,hsa_circ_0010583
hsa-miR-6797-5p,hsa_circ_0055817
hsa-miR-6809-3p,hsa_circ_0091425
hsa-miR-6862-5p,hsa_circ_0013875
hsa-miR-6875-3p,hsa_circ_0027010
hsa-miR-6884-5p,hsa_circ_0016027
hsa-miR-7111-5p,hsa_circ_0089125
hsa-miR-7111-5p,hsa_circ_0089134
hsa-miR-7111-5p,hsa_circ_0089136
hsa-miR-7111-5p,hsa_circ_0089138
hsa-miR-8072,hsa_circ_0030834
hsa-miR-1184,hsa_circ_0076021
hsa-miR-182-3p,hsa_circ_0048499
hsa-miR-1909-3p,hsa_circ_0037694
hsa-miR-4430,hsa_circ_0055327
hsa-miR-4632-5p,hsa_circ_0010610
hsa-miR-4691-5p,hsa_circ_0042029
hsa-miR-4775,hsa_circ_0079934
hsa-miR-5100,hsa_circ_0010599
hsa-miR-5100,hsa_circ_0010600
hsa-miR-5100,hsa_circ_0010601
hsa-miR-5100,hsa_circ_0010602
hsa-miR-5100,hsa_circ_0010603
hsa-miR-5100,hsa_circ_0010604
hsa-miR-5100,hsa_circ_0010605
hsa-miR-5100,hsa_circ_0010606
hsa-miR-5100,hsa_circ_0010607
hsa-miR-5100,hsa_circ_0010608
hsa-miR-5100,hsa_circ_0010609
hsa-miR-5100,hsa_circ_0010610
hsa-miR-5100,hsa_circ_0010622
hsa-miR-5100,hsa_circ_0010623
hsa-miR-5100,hsa_circ_0010624
hsa-miR-5100,hsa_circ_0010625
hsa-miR-5100,hsa_circ_0010626
hsa-miR-5100,hsa_circ_0010633
hsa-miR-5100,hsa_circ_0010640
hsa-miR-5100,hsa_circ_0010641
hsa-miR-5100,hsa_circ_0010642
hsa-miR-5100,hsa_circ_0010643
hsa-miR-5100,hsa_circ_0010644
hsa-miR-5100,hsa_circ_0010645
hsa-miR-5100,hsa_circ_0010646
hsa-miR-5100,hsa_circ_0010647
hsa-miR-5100,hsa_circ_0010648
hsa-miR-5100,hsa_circ_0010649
hsa-miR-5100,hsa_circ_0010650
hsa-miR-5100,hsa_circ_0010653
hsa-miR-5100,hsa_circ_0010654
hsa-miR-5100,hsa_circ_0010657
hsa-miR-5100,hsa_circ_0010658
hsa-miR-5100,hsa_circ_0010662
hsa-miR-5100,hsa_circ_0010663
hsa-miR-5100,hsa_circ_0010664
hsa-miR-5100,hsa_circ_0010668
hsa-miR-5100,hsa_circ_0010669
hsa-miR-5100,hsa_circ_0010670
hsa-miR-5100,hsa_circ_0010671
hsa-miR-5100,hsa_circ_0010672
hsa-miR-5100,hsa_circ_0010676
hsa-miR-5100,hsa_circ_0010677
hsa-miR-5685,hsa_circ_0020283
hsa-miR-5699-3p,hsa_circ_0034138
hsa-miR-612,hsa_circ_0051048
hsa-miR-619-5p,hsa_circ_0039762
hsa-miR-6721-5p,hsa_circ_0026092
hsa-miR-6721-5p,hsa_circ_0026093
hsa-miR-6721-5p,hsa_circ_0026096
hsa-miR-6721-5p,hsa_circ_0026097
hsa-miR-6756-5p,hsa_circ_0010626
hsa-miR-6756-5p,hsa_circ_0010650
hsa-miR-6756-5p,hsa_circ_0010664
hsa-miR-6756-5p,hsa_circ_0020318
hsa-miR-6783-3p,hsa_circ_0030855
hsa-miR-6783-3p,hsa_circ_0030856
hsa-miR-6783-3p,hsa_circ_0030857
hsa-miR-6783-3p,hsa_circ_0030864
hsa-miR-6783-3p,hsa_circ_0030869
hsa-miR-6783-3p,hsa_circ_0030873
hsa-miR-6783-3p,hsa_circ_0030874
hsa-miR-6860,hsa_circ_0010657
hsa-miR-6860,hsa_circ_0010662
hsa-miR-6860,hsa_circ_0010663
hsa-miR-6860,hsa_circ_0010669
hsa-miR-6860,hsa_circ_0010670
hsa-miR-6860,hsa_circ_0010671
hsa-miR-6860,hsa_circ_0010677
hsa-miR-6884-5p,hsa_circ_0072808
hsa-miR-6884-5p,hsa_circ_0072809
hsa-miR-6884-5p,hsa_circ_0072817
hsa-miR-6884-5p,hsa_circ_0072819
hsa-miR-6884-5p,hsa_circ_0072821
hsa-miR-6884-5p,hsa_circ_0072850
hsa-miR-6884-5p,hsa_circ_0072851
hsa-miR-764,hsa_circ_0033576
hsa-miR-764,hsa_circ_0033577
hsa-miR-1184,hsa_circ_0063072
hsa-miR-1184,hsa_circ_0063073
hsa-miR-1184,hsa_circ_0063074
hsa-miR-1184,hsa_circ_0063075
hsa-miR-1184,hsa_circ_0086871
hsa-miR-1273h-5p,hsa_circ_0006298
hsa-miR-1277-5p,hsa_circ_0042176
hsa-miR-1277-5p,hsa_circ_0042177
hsa-miR-1277-5p,hsa_circ_0042178
hsa-miR-1343-3p,hsa_circ_0065399
hsa-miR-1343-3p,hsa_circ_0065400
hsa-miR-1343-3p,hsa_circ_0065401
hsa-miR-1343-3p,hsa_circ_0065402
hsa-miR-1343-3p,hsa_circ_0065403
hsa-miR-1343-3p,hsa_circ_0065404
hsa-miR-30b-3p,hsa_circ_0000912
hsa-miR-3156-5p,hsa_circ_0001946
hsa-miR-3187-5p,hsa_circ_0010547
hsa-miR-3192-5p,hsa_circ_0063515
hsa-miR-3613-3p,hsa_circ_0052101
hsa-miR-3613-3p,hsa_circ_0052103
hsa-miR-4498,hsa_circ_0010691
hsa-miR-4498,hsa_circ_0010703
hsa-miR-4498,hsa_circ_0010715
hsa-miR-4518,hsa_circ_0022862
hsa-miR-4659a-3p,hsa_circ_0049106
hsa-miR-4739,hsa_circ_0027289
hsa-miR-4739,hsa_circ_0063516
hsa-miR-4739,hsa_circ_0063533
hsa-miR-4763-3p,hsa_circ_0050631
hsa-miR-6727-5p,hsa_circ_0089684
hsa-miR-6780b-5p,hsa_circ_0079070
hsa-miR-6785-5p,hsa_circ_0026923
hsa-miR-6785-5p,hsa_circ_0026924
hsa-miR-6785-5p,hsa_circ_0026925
hsa-miR-6785-5p,hsa_circ_0026926
hsa-miR-6785-5p,hsa_circ_0026927
hsa-miR-6785-5p,hsa_circ_0026928
hsa-miR-6785-5p,hsa_circ_0026929
hsa-miR-6791-3p,hsa_circ_0045757
hsa-miR-6803-5p,hsa_circ_0009565
hsa-miR-6803-5p,hsa_circ_0009566
hsa-miR-6803-5p,hsa_circ_0089445
hsa-miR-6854-5p,hsa_circ_0072824
hsa-miR-6860,hsa_circ_0004454
hsa-miR-6876-5p,hsa_circ_0003960
hsa-miR-6876-5p,hsa_circ_0009085
hsa-miR-6876-5p,hsa_circ_0013827
hsa-miR-6881-3p,hsa_circ_0063082
hsa-miR-6881-3p,hsa_circ_0063083
hsa-miR-6881-3p,hsa_circ_0063084
hsa-miR-6881-3p,hsa_circ_0063085
hsa-miR-6881-3p,hsa_circ_0063087
hsa-miR-762,hsa_circ_0058202
hsa-miR-1233-5p,hsa_circ_0020282
hsa-miR-1249-5p,hsa_circ_0050991
hsa-miR-1286,hsa_circ_0044507
hsa-miR-1286,hsa_circ_0044508
hsa-miR-1343-3p,hsa_circ_0030877
hsa-miR-149-3p,hsa_circ_0003960
hsa-miR-149-3p,hsa_circ_0009085
hsa-miR-149-3p,hsa_circ_0013827
hsa-miR-3180-3p,hsa_circ_0051922
hsa-miR-3187-5p,hsa_circ_0072808
hsa-miR-3187-5p,hsa_circ_0072809
hsa-miR-3187-5p,hsa_circ_0072850
hsa-miR-3187-5p,hsa_circ_0072851
hsa-miR-372-3p,hsa_circ_0062544
hsa-miR-433-3p,hsa_circ_0006000
hsa-miR-433-3p,hsa_circ_0024342
hsa-miR-433-3p,hsa_circ_0024343
hsa-miR-433-3p,hsa_circ_0024344
hsa-miR-4722-5p,hsa_circ_0082878
hsa-miR-4722-5p,hsa_circ_0082879
hsa-miR-4733-3p,hsa_circ_0065397
hsa-miR-4733-3p,hsa_circ_0065398
hsa-miR-4733-3p,hsa_circ_0065399
hsa-miR-4733-3p,hsa_circ_0065400
hsa-miR-4733-3p,hsa_circ_0065401
hsa-miR-4733-3p,hsa_circ_0065402
hsa-miR-4733-3p,hsa_circ_0065403
hsa-miR-4733-3p,hsa_circ_0065404
hsa-miR-4733-3p,hsa_circ_0065405
hsa-miR-4743-3p,hsa_circ_0089792
hsa-miR-4751,hsa_circ_0057365
hsa-miR-4751,hsa_circ_0057366
hsa-miR-4753-3p,hsa_circ_0087788
hsa-miR-4778-3p,hsa_circ_0077309
hsa-miR-4778-3p,hsa_circ_0077310
hsa-miR-4778-3p,hsa_circ_0077312
hsa-miR-4778-3p,hsa_circ_0077314
hsa-miR-4778-3p,hsa_circ_0077315
hsa-miR-4778-3p,hsa_circ_0077316
hsa-miR-485-5p,hsa_circ_0023418
hsa-miR-485-5p,hsa_circ_0023419
hsa-miR-548ap-3p,hsa_circ_0088618
hsa-miR-5787,hsa_circ_0089528
hsa-miR-5787,hsa_circ_0089529
hsa-miR-5787,hsa_circ_0089530
hsa-miR-612,hsa_circ_0020316
hsa-miR-619-5p,hsa_circ_0055407
hsa-miR-619-5p,hsa_circ_0087086
hsa-miR-6514-3p,hsa_circ_0075156
hsa-miR-661,hsa_circ_0010691
hsa-miR-661,hsa_circ_0030837
hsa-miR-665,hsa_circ_0055230
hsa-miR-665,hsa_circ_0055233
hsa-miR-665,hsa_circ_0055235
hsa-miR-665,hsa_circ_0055236
hsa-miR-665,hsa_circ_0055237
hsa-miR-665,hsa_circ_0055239
hsa-miR-6754-5p,hsa_circ_0039097
hsa-miR-6756-5p,hsa_circ_0040247
hsa-miR-6756-5p,hsa_circ_0040250
hsa-miR-6756-5p,hsa_circ_0040261
hsa-miR-6756-5p,hsa_circ_0040277
hsa-miR-6756-5p,hsa_circ_0040281
hsa-miR-6762-5p,hsa_circ_0044505
hsa-miR-6762-5p,hsa_circ_0044506
hsa-miR-6762-5p,hsa_circ_0044514
hsa-miR-6766-5p,hsa_circ_0005620
hsa-miR-6766-5p,hsa_circ_0019874
hsa-miR-6769b-3p,hsa_circ_0042205
hsa-miR-6792-3p,hsa_circ_0063106
hsa-miR-6825-5p,hsa_circ_0091806
hsa-miR-6825-5p,hsa_circ_0091807
hsa-miR-6825-5p,hsa_circ_0091808
hsa-miR-6836-5p,hsa_circ_0044508
hsa-miR-6836-5p,hsa_circ_0044515
hsa-miR-6836-5p,hsa_circ_0044516
hsa-miR-6884-5p,hsa_circ_0020595
hsa-miR-8089,hsa_circ_0037571
hsa-miR-8089,hsa_circ_0037573
hsa-miR-939-3p,hsa_circ_0091809
hsa-miR-939-3p,hsa_circ_0091811
hsa-miR-1207-5p,hsa_circ_0051309
hsa-miR-1291,hsa_circ_0082878
hsa-miR-1291,hsa_circ_0082879
hsa-miR-1303,hsa_circ_0060123
hsa-miR-136-5p,hsa_circ_0015836
hsa-miR-136-5p,hsa_circ_0015847
hsa-miR-136-5p,hsa_circ_0015848
hsa-miR-136-5p,hsa_circ_0015849
hsa-miR-136-5p,hsa_circ_0015850
hsa-miR-185-3p,hsa_circ_0039075
hsa-miR-2355-3p,hsa_circ_0034998
hsa-miR-3157-5p,hsa_circ_0011814
hsa-miR-3187-5p,hsa_circ_0049813
hsa-miR-3187-5p,hsa_circ_0049814
hsa-miR-3187-5p,hsa_circ_0049815
hsa-miR-3187-5p,hsa_circ_0061235
hsa-miR-3187-5p,hsa_circ_0061244
hsa-miR-3187-5p,hsa_circ_0072824
hsa-miR-3192-5p,hsa_circ_0006648
hsa-miR-328-5p,hsa_circ_0063366
hsa-miR-328-5p,hsa_circ_0063367
hsa-miR-328-5p,hsa_circ_0063368
hsa-miR-3613-3p,hsa_circ_0061244
hsa-miR-3619-5p,hsa_circ_0033260
hsa-miR-3620-5p,hsa_circ_0020555
hsa-miR-3664-3p,hsa_circ_0068783
hsa-miR-4632-5p,hsa_circ_0068940
hsa-miR-4691-5p,hsa_circ_0066013
hsa-miR-4722-5p,hsa_circ_0004333
hsa-miR-4722-5p,hsa_circ_0049439
hsa-miR-4728-5p,hsa_circ_0022342
hsa-miR-4728-5p,hsa_circ_0022343
hsa-miR-4763-3p,hsa_circ_0091672
hsa-miR-4775,hsa_circ_0050271
hsa-miR-4778-3p,hsa_circ_0030465
hsa-miR-485-5p,hsa_circ_0018825
hsa-miR-5787,hsa_circ_0051285
hsa-miR-6133,hsa_circ_0024264
hsa-miR-6133,hsa_circ_0024265
hsa-miR-665,hsa_circ_0057365
hsa-miR-665,hsa_circ_0057366
hsa-miR-665,hsa_circ_0057425
hsa-miR-665,hsa_circ_0057438
hsa-miR-665,hsa_circ_0057439
hsa-miR-6791-3p,hsa_circ_0077687
hsa-miR-6804-3p,hsa_circ_0037438
hsa-miR-6804-3p,hsa_circ_0037439
hsa-miR-6804-3p,hsa_circ_0037440
hsa-miR-6804-3p,hsa_circ_0037444
hsa-miR-6804-3p,hsa_circ_0037445
hsa-miR-6804-3p,hsa_circ_0037449
hsa-miR-6813-5p,hsa_circ_0051285
hsa-miR-7113-3p,hsa_circ_0089792
hsa-miR-762,hsa_circ_0050112
hsa-miR-765,hsa_circ_0050631
hsa-miR-1199-5p,hsa_circ_0020283
hsa-miR-181b-5p,hsa_circ_0050766
hsa-miR-181d-5p,hsa_circ_0013785
hsa-miR-181d-5p,hsa_circ_0073777
hsa-miR-1827,hsa_circ_0008352
hsa-miR-190a-3p,hsa_circ_0003812
hsa-miR-3619-5p,hsa_circ_0044062
hsa-miR-3619-5p,hsa_circ_0044063
hsa-miR-3692-3p,hsa_circ_0018228
hsa-miR-3929,hsa_circ_0006177
hsa-miR-4430,hsa_circ_0050085
hsa-miR-4430,hsa_circ_0050086
hsa-miR-4691-5p,hsa_circ_0075974
hsa-miR-4691-5p,hsa_circ_0075975
hsa-miR-4691-5p,hsa_circ_0075977
hsa-miR-4691-5p,hsa_circ_0075985
hsa-miR-4691-5p,hsa_circ_0075986
hsa-miR-4691-5p,hsa_circ_0075987
hsa-miR-4726-5p,hsa_circ_0049171
hsa-miR-4751,hsa_circ_0057424
hsa-miR-4763-3p,hsa_circ_0010703
hsa-miR-4763-3p,hsa_circ_0069071
hsa-miR-548ab,hsa_circ_0009180
hsa-miR-608,hsa_circ_0039071
hsa-miR-608,hsa_circ_0073943
hsa-miR-608,hsa_circ_0073944
hsa-miR-608,hsa_circ_0073949
hsa-miR-608,hsa_circ_0073950
hsa-miR-608,hsa_circ_0073951
hsa-miR-608,hsa_circ_0073952
hsa-miR-608,hsa_circ_0073953
hsa-miR-608,hsa_circ_0073954
hsa-miR-6132,hsa_circ_0044532
hsa-miR-6132,hsa_circ_0044546
hsa-miR-665,hsa_circ_0046240
hsa-miR-6756-5p,hsa_circ_0005620
hsa-miR-6756-5p,hsa_circ_0019874
hsa-miR-6756-5p,hsa_circ_0019875
hsa-miR-6756-5p,hsa_circ_0082878
hsa-miR-6762-5p,hsa_circ_0081091
hsa-miR-6762-5p,hsa_circ_0081111
hsa-miR-6762-5p,hsa_circ_0081116
hsa-miR-6780a-5p,hsa_circ_0070741
hsa-miR-6792-3p,hsa_circ_0063072
hsa-miR-6798-5p,hsa_circ_0026092
hsa-miR-6798-5p,hsa_circ_0026093
hsa-miR-6798-5p,hsa_circ_0026096
hsa-miR-6798-5p,hsa_circ_0026097
hsa-miR-6816-5p,hsa_circ_0051279
hsa-miR-6816-5p,hsa_circ_0051285
hsa-miR-6849-3p,hsa_circ_0036746
hsa-miR-6849-3p,hsa_circ_0036747
hsa-miR-6849-3p,hsa_circ_0036748
hsa-miR-6881-3p,hsa_circ_0014789
hsa-miR-6881-3p,hsa_circ_0075371
hsa-miR-765,hsa_circ_0007740
hsa-miR-939-5p,hsa_circ_0010542
hsa-miR-939-5p,hsa_circ_0010549
hsa-miR-939-5p,hsa_circ_0010553
hsa-miR-939-5p,hsa_circ_0010559
hsa-miR-939-5p,hsa_circ_0010560
hsa-miR-939-5p,hsa_circ_0010573
hsa-miR-939-5p,hsa_circ_0010581
hsa-miR-939-5p,hsa_circ_0010582
hsa-miR-939-5p,hsa_circ_0010599
hsa-miR-939-5p,hsa_circ_0010600
hsa-miR-939-5p,hsa_circ_0010601
hsa-miR-939-5p,hsa_circ_0010602
hsa-miR-939-5p,hsa_circ_0010603
hsa-miR-939-5p,hsa_circ_0010633
hsa-miR-939-5p,hsa_circ_0010641
hsa-miR-939-5p,hsa_circ_0010642
hsa-miR-939-5p,hsa_circ_0010643
hsa-miR-939-5p,hsa_circ_0010644
hsa-miR-1205,hsa_circ_0045757
hsa-miR-214-3p,hsa_circ_0044547
hsa-miR-3142,hsa_circ_0052290
hsa-miR-3187-5p,hsa_circ_0010594
hsa-miR-3187-5p,hsa_circ_0010595
hsa-miR-3187-5p,hsa_circ_0010618
hsa-miR-3613-3p,hsa_circ_0005858
hsa-miR-3613-3p,hsa_circ_0008959
hsa-miR-3929,hsa_circ_0029218
hsa-miR-4254,hsa_circ_0030863
hsa-miR-4632-5p,hsa_circ_0046335
hsa-miR-4632-5p,hsa_circ_0046336
hsa-miR-4632-5p,hsa_circ_0046337
hsa-miR-4632-5p,hsa_circ_0046338
hsa-miR-4659a-3p,hsa_circ_0057222
hsa-miR-5047,hsa_circ_0062089
hsa-miR-5189-5p,hsa_circ_0089792
hsa-miR-6752-5p,hsa_circ_0029883
hsa-miR-6762-5p,hsa_circ_0044521
hsa-miR-6762-5p,hsa_circ_0044523
hsa-miR-6780a-5p,hsa_circ_0072808
hsa-miR-6780a-5p,hsa_circ_0072809
hsa-miR-6780a-5p,hsa_circ_0072817
hsa-miR-6780a-5p,hsa_circ_0072819
hsa-miR-6780a-5p,hsa_circ_0072821
hsa-miR-6780a-5p,hsa_circ_0072850
hsa-miR-6780a-5p,hsa_circ_0072851
hsa-miR-6782-5p,hsa_circ_0039109
hsa-miR-6797-5p,hsa_circ_0057955
hsa-miR-6840-3p,hsa_circ_0020283
hsa-miR-6848-5p,hsa_circ_0051281
hsa-miR-6851-5p,hsa_circ_0074307
hsa-miR-6851-5p,hsa_circ_0074308
hsa-miR-6860,hsa_circ_0020316
hsa-miR-6879-5p,hsa_circ_0042204
hsa-miR-6884-5p,hsa_circ_0008323
hsa-miR-1184,hsa_circ_0009959
hsa-miR-1224-3p,hsa_circ_0081673
hsa-miR-1233-5p,hsa_circ_0020280
hsa-miR-1286,hsa_circ_0081152
hsa-miR-143-5p,hsa_circ_0082878
hsa-miR-143-5p,hsa_circ_0082879
hsa-miR-181b-5p,hsa_circ_0013782
hsa-miR-181b-5p,hsa_circ_0013783
hsa-miR-1827,hsa_circ_0050102
hsa-miR-29a-5p,hsa_circ_0066962
hsa-miR-29a-5p,hsa_circ_0066963
hsa-miR-3619-5p,hsa_circ_0033265
hsa-miR-3619-5p,hsa_circ_0033266
hsa-miR-3619-5p,hsa_circ_0033271
hsa-miR-3619-5p,hsa_circ_0033272
hsa-miR-3619-5p,hsa_circ_0033274
hsa-miR-3619-5p,hsa_circ_0033276
hsa-miR-3619-5p,hsa_circ_0033277
hsa-miR-3619-5p,hsa_circ_0033279
hsa-miR-3619-5p,hsa_circ_0033280
hsa-miR-3619-5p,hsa_circ_0033281
hsa-miR-3692-5p,hsa_circ_0055230
hsa-miR-3692-5p,hsa_circ_0055233
hsa-miR-3692-5p,hsa_circ_0055235
hsa-miR-3692-5p,hsa_circ_0055236
hsa-miR-3692-5p,hsa_circ_0055237
hsa-miR-3692-5p,hsa_circ_0055239
hsa-miR-372-3p,hsa_circ_0079934
hsa-miR-374a-5p,hsa_circ_0000215
hsa-miR-4524a-3p,hsa_circ_0038605
hsa-miR-4640-5p,hsa_circ_0044553
hsa-miR-4640-5p,hsa_circ_0044555
hsa-miR-4640-5p,hsa_circ_0044558
hsa-miR-4640-5p,hsa_circ_0044559
hsa-miR-4640-5p,hsa_circ_0044560
hsa-miR-4656,hsa_circ_0015199
hsa-miR-4656,hsa_circ_0015204
hsa-miR-4656,hsa_circ_0015213
hsa-miR-4656,hsa_circ_0015214
hsa-miR-4656,hsa_circ_0015218
hsa-miR-4656,hsa_circ_0015223
hsa-miR-4656,hsa_circ_0015226
hsa-miR-4656,hsa_circ_0015227
hsa-miR-4726-3p,hsa_circ_0065402
hsa-miR-4726-3p,hsa_circ_0065407
hsa-miR-4726-5p,hsa_circ_0091310
hsa-miR-4733-3p,hsa_circ_0081089
hsa-miR-4739,hsa_circ_0016670
hsa-miR-4739,hsa_circ_0016671
hsa-miR-4768-5p,hsa_circ_0065399
hsa-miR-4768-5p,hsa_circ_0065400
hsa-miR-4768-5p,hsa_circ_0065401
hsa-miR-4768-5p,hsa_circ_0065402
hsa-miR-4768-5p,hsa_circ_0065403
hsa-miR-4768-5p,hsa_circ_0065404
hsa-miR-4775,hsa_circ_0055407
hsa-miR-5009-5p,hsa_circ_0029351
hsa-miR-5009-5p,hsa_circ_0029353
hsa-miR-608,hsa_circ_0041954
hsa-miR-608,hsa_circ_0048698
hsa-miR-647,hsa_circ_0049116
hsa-miR-647,hsa_circ_0049120
hsa-miR-651-3p,hsa_circ_0087132
hsa-miR-665,hsa_circ_0065400
hsa-miR-665,hsa_circ_0065401
hsa-miR-665,hsa_circ_0065402
hsa-miR-665,hsa_circ_0065403
hsa-miR-665,hsa_circ_0065407
hsa-miR-6721-5p,hsa_circ_0039128
hsa-miR-6749-3p,hsa_circ_0014772
hsa-miR-6756-5p,hsa_circ_0020309
hsa-miR-6756-5p,hsa_circ_0020314
hsa-miR-6756-5p,hsa_circ_0020315
hsa-miR-6756-5p,hsa_circ_0020317
hsa-miR-6756-5p,hsa_circ_0033532
hsa-miR-6782-5p,hsa_circ_0014736
hsa-miR-6803-5p,hsa_circ_0026096
hsa-miR-6848-5p,hsa_circ_0029292
hsa-miR-6855-5p,hsa_circ_0080666
hsa-miR-6884-5p,hsa_circ_0044091
hsa-miR-6884-5p,hsa_circ_0044092
hsa-miR-6884-5p,hsa_circ_0044093
hsa-miR-6884-5p,hsa_circ_0044094
hsa-miR-6888-3p,hsa_circ_0049485
hsa-miR-765,hsa_circ_0011069
hsa-miR-765,hsa_circ_0011070
hsa-miR-765,hsa_circ_0011071
hsa-miR-1233-5p,hsa_circ_0041257
hsa-miR-1233-5p,hsa_circ_0070741
hsa-miR-1249-5p,hsa_circ_0039097
hsa-miR-1538,hsa_circ_0030855
hsa-miR-1538,hsa_circ_0030856
hsa-miR-214-3p,hsa_circ_0037432
hsa-miR-214-3p,hsa_circ_0044062
hsa-miR-214-3p,hsa_circ_0044063
hsa-miR-30b-3p,hsa_circ_0004192
hsa-miR-3159,hsa_circ_0026973
hsa-miR-3187-5p,hsa_circ_0038898
hsa-miR-3192-5p,hsa_circ_0017040
hsa-miR-3692-3p,hsa_circ_0079395
hsa-miR-376c-3p,hsa_circ_0049109
hsa-miR-376c-3p,hsa_circ_0049110
hsa-miR-376c-3p,hsa_circ_0049113
hsa-miR-378c,hsa_circ_0048499
hsa-miR-3929,hsa_circ_0075156
hsa-miR-4514,hsa_circ_0089547
hsa-miR-4659b-3p,hsa_circ_0049109
hsa-miR-4659b-3p,hsa_circ_0049110
hsa-miR-4659b-3p,hsa_circ_0049111
hsa-miR-4659b-3p,hsa_circ_0049112
hsa-miR-4659b-3p,hsa_circ_0049113
hsa-miR-4659b-3p,hsa_circ_0049115
hsa-miR-4659b-3p,hsa_circ_0049116
hsa-miR-4659b-3p,hsa_circ_0049120
hsa-miR-4659b-3p,hsa_circ_0057222
hsa-miR-4685-5p,hsa_circ_0018316
hsa-miR-4753-3p,hsa_circ_0020136
hsa-miR-4763-3p,hsa_circ_0010647
hsa-miR-4763-3p,hsa_circ_0010648
hsa-miR-4763-3p,hsa_circ_0010654
hsa-miR-4763-3p,hsa_circ_0010658
hsa-miR-4763-3p,hsa_circ_0026670
hsa-miR-4763-3p,hsa_circ_0026671
hsa-miR-4763-3p,hsa_circ_0026672
hsa-miR-4763-3p,hsa_circ_0036260
hsa-miR-4775,hsa_circ_0050766
hsa-miR-4778-3p,hsa_circ_0034284
hsa-miR-485-5p,hsa_circ_0006648
hsa-miR-5047,hsa_circ_0060070
hsa-miR-5685,hsa_circ_0051309
hsa-miR-6722-3p,hsa_circ_0022862
hsa-miR-6743-5p,hsa_circ_0020316
hsa-miR-6756-5p,hsa_circ_0033435
hsa-miR-6756-5p,hsa_circ_0033436
hsa-miR-6756-5p,hsa_circ_0033437
hsa-miR-6756-5p,hsa_circ_0033438
hsa-miR-6775-5p,hsa_circ_0082879
hsa-miR-6779-5p,hsa_circ_0063516
hsa-miR-6782-5p,hsa_circ_0039071
hsa-miR-6791-5p,hsa_circ_0036260
hsa-miR-6848-5p,hsa_circ_0051285
hsa-miR-6860,hsa_circ_0010541
hsa-miR-6860,hsa_circ_0010544
hsa-miR-6860,hsa_circ_0010548
hsa-miR-6860,hsa_circ_0010552
hsa-miR-6860,hsa_circ_0010555
hsa-miR-6860,hsa_circ_0010558
hsa-miR-6860,hsa_circ_0010565
hsa-miR-6860,hsa_circ_0010572
hsa-miR-6860,hsa_circ_0010580
hsa-miR-6860,hsa_circ_0010585
hsa-miR-6860,hsa_circ_0010589
hsa-miR-6860,hsa_circ_0010596
hsa-miR-6860,hsa_circ_0010597
hsa-miR-6860,hsa_circ_0010598
hsa-miR-6860,hsa_circ_0010614
hsa-miR-6860,hsa_circ_0010619
hsa-miR-6860,hsa_circ_0010620
hsa-miR-6860,hsa_circ_0010621
hsa-miR-6860,hsa_circ_0010622
hsa-miR-6860,hsa_circ_0010631
hsa-miR-6884-5p,hsa_circ_0004939
hsa-miR-6884-5p,hsa_circ_0018230
hsa-miR-762,hsa_circ_0050077
hsa-miR-762,hsa_circ_0052201
hsa-miR-762,hsa_circ_0052202
hsa-miR-762,hsa_circ_0052203
hsa-miR-762,hsa_circ_0052204
hsa-miR-762,hsa_circ_0052205
hsa-miR-939-3p,hsa_circ_0010598
hsa-miR-939-3p,hsa_circ_0010621
hsa-miR-939-3p,hsa_circ_0091813
hsa-miR-939-5p,hsa_circ_0081678
hsa-miR-1184,hsa_circ_0013835
hsa-miR-1184,hsa_circ_0013837
hsa-miR-1207-5p,hsa_circ_0020309
hsa-miR-1207-5p,hsa_circ_0020314
hsa-miR-1207-5p,hsa_circ_0020315
hsa-miR-1207-5p,hsa_circ_0020317
hsa-miR-3194-3p,hsa_circ_0023414
hsa-miR-328-5p,hsa_circ_0044524
hsa-miR-328-5p,hsa_circ_0044529
hsa-miR-3664-5p,hsa_circ_0002379
hsa-miR-4467,hsa_circ_0051929
hsa-miR-4651,hsa_circ_0033538
hsa-miR-4656,hsa_circ_0063516
hsa-miR-4656,hsa_circ_0063533
hsa-miR-4763-3p,hsa_circ_0086647
hsa-miR-485-5p,hsa_circ_0050233
hsa-miR-5088-3p,hsa_circ_0065397
hsa-miR-5088-3p,hsa_circ_0065398
hsa-miR-5088-3p,hsa_circ_0065405
hsa-miR-612,hsa_circ_0004454
hsa-miR-6132,hsa_circ_0089547
hsa-miR-6752-5p,hsa_circ_0014736
hsa-miR-6754-3p,hsa_circ_0085900
hsa-miR-6756-5p,hsa_circ_0082879
hsa-miR-6766-5p,hsa_circ_0090558
hsa-miR-6766-5p,hsa_circ_0090559
hsa-miR-6766-5p,hsa_circ_0090560
hsa-miR-6766-5p,hsa_circ_0090561
hsa-miR-6798-5p,hsa_circ_0044531
hsa-miR-6798-5p,hsa_circ_0044532
hsa-miR-6798-5p,hsa_circ_0044538
hsa-miR-6845-3p,hsa_circ_0040923
hsa-miR-6845-3p,hsa_circ_0040925
hsa-miR-6862-3p,hsa_circ_0002172
hsa-miR-6862-3p,hsa_circ_0089776
hsa-miR-6879-5p,hsa_circ_0026144
hsa-miR-6883-5p,hsa_circ_0091806
hsa-miR-6883-5p,hsa_circ_0091807
hsa-miR-6883-5p,hsa_circ_0091808
hsa-miR-6884-5p,hsa_circ_0055407
hsa-miR-766-3p,hsa_circ_0032955
hsa-miR-939-3p,hsa_circ_0010691
hsa-miR-939-3p,hsa_circ_0010703
hsa-miR-1236-3p,hsa_circ_0014789
hsa-miR-1827,hsa_circ_0081378
hsa-miR-2467-3p,hsa_circ_0082877
hsa-miR-2467-3p,hsa_circ_0082878
hsa-miR-29b-3p,hsa_circ_0081081
hsa-miR-29b-3p,hsa_circ_0081085
hsa-miR-29b-3p,hsa_circ_0081095
hsa-miR-29b-3p,hsa_circ_0081102
hsa-miR-29b-3p,hsa_circ_0081107
hsa-miR-29b-3p,hsa_circ_0081110
hsa-miR-29b-3p,hsa_circ_0081114
hsa-miR-29b-3p,hsa_circ_0081115
hsa-miR-29b-3p,hsa_circ_0081123
hsa-miR-29b-3p,hsa_circ_0081134
hsa-miR-3145-3p,hsa_circ_0024748
hsa-miR-3148,hsa_circ_0003960
hsa-miR-3187-5p,hsa_circ_0023414
hsa-miR-3187-5p,hsa_circ_0050102
hsa-miR-3619-5p,hsa_circ_0021025
hsa-miR-3619-5p,hsa_circ_0021030
hsa-miR-3619-5p,hsa_circ_0021031
hsa-miR-3620-5p,hsa_circ_0012069
hsa-miR-3620-5p,hsa_circ_0012071
hsa-miR-3620-5p,hsa_circ_0012076
hsa-miR-3620-5p,hsa_circ_0012080
hsa-miR-3667-3p,hsa_circ_0078982
hsa-miR-3929,hsa_circ_0049494
hsa-miR-433-5p,hsa_circ_0016773
hsa-miR-433-5p,hsa_circ_0016776
hsa-miR-4530,hsa_circ_0057396
hsa-miR-4530,hsa_circ_0057400
hsa-miR-4656,hsa_circ_0006648
hsa-miR-4684-5p,hsa_circ_0002379
hsa-miR-4739,hsa_circ_0011902
hsa-miR-4739,hsa_circ_0051929
hsa-miR-5001-5p,hsa_circ_0061080
hsa-miR-5001-5p,hsa_circ_0061088
hsa-miR-5006-5p,hsa_circ_0088170
hsa-miR-612,hsa_circ_0072824
hsa-miR-6511a-5p,hsa_circ_0041843
hsa-miR-665,hsa_circ_0091306
hsa-miR-665,hsa_circ_0091309
hsa-miR-665,hsa_circ_0091311
hsa-miR-6754-3p,hsa_circ_0091855
hsa-miR-6754-3p,hsa_circ_0091856
hsa-miR-6754-3p,hsa_circ_0091857
hsa-miR-6754-3p,hsa_circ_0091858
hsa-miR-6791-3p,hsa_circ_0029292
hsa-miR-6791-3p,hsa_circ_0029294
hsa-miR-6830-3p,hsa_circ_0000965
hsa-miR-6836-5p,hsa_circ_0044533
hsa-miR-6836-5p,hsa_circ_0085911
hsa-miR-6840-3p,hsa_circ_0020279
hsa-miR-6851-5p,hsa_circ_0074317
hsa-miR-6851-5p,hsa_circ_0074318
hsa-miR-6852-5p,hsa_circ_0089428
hsa-miR-6852-5p,hsa_circ_0089433
hsa-miR-6860,hsa_circ_0072824
hsa-miR-6887-5p,hsa_circ_0010420
hsa-miR-1207-5p,hsa_circ_0041951
hsa-miR-1207-5p,hsa_circ_0041952
hsa-miR-1273h-5p,hsa_circ_0007379
hsa-miR-1286,hsa_circ_0081151
hsa-miR-1976,hsa_circ_0060070
hsa-miR-1976,hsa_circ_0060071
hsa-miR-1976,hsa_circ_0060073
hsa-miR-3192-5p,hsa_circ_0089771
hsa-miR-328-5p,hsa_circ_0089429
hsa-miR-330-5p,hsa_circ_0002769
hsa-miR-3609,hsa_circ_0052976
hsa-miR-3609,hsa_circ_0052977
hsa-miR-3619-5p,hsa_circ_0022874
hsa-miR-3929,hsa_circ_0004995
hsa-miR-4632-5p,hsa_circ_0020760
hsa-miR-4726-5p,hsa_circ_0063516
hsa-miR-4731-5p,hsa_circ_0039105
hsa-miR-4763-3p,hsa_circ_0001201
hsa-miR-4775,hsa_circ_0002013
hsa-miR-4775,hsa_circ_0081678
hsa-miR-615-5p,hsa_circ_0088167
hsa-miR-647,hsa_circ_0049106
hsa-miR-661,hsa_circ_0010682
hsa-miR-661,hsa_circ_0010683
hsa-miR-6722-3p,hsa_circ_0010691
hsa-miR-6722-3p,hsa_circ_0010744
hsa-miR-6722-3p,hsa_circ_0010745
hsa-miR-6722-3p,hsa_circ_0010750
hsa-miR-6722-3p,hsa_circ_0010753
hsa-miR-6722-3p,hsa_circ_0010755
hsa-miR-6762-5p,hsa_circ_0044529
hsa-miR-6762-5p,hsa_circ_0044536
hsa-miR-6784-5p,hsa_circ_0030834
hsa-miR-7974,hsa_circ_0016773
hsa-miR-7974,hsa_circ_0016775
hsa-miR-7974,hsa_circ_0016776
hsa-miR-7974,hsa_circ_0016777
hsa-miR-7974,hsa_circ_0016778
hsa-miR-1184,hsa_circ_0010114
hsa-miR-1205,hsa_circ_0034771
hsa-miR-136-5p,hsa_circ_0072883
hsa-miR-136-5p,hsa_circ_0072884
hsa-miR-136-5p,hsa_circ_0072886
hsa-miR-1827,hsa_circ_0017198
hsa-miR-2861,hsa_circ_0010691
hsa-miR-297,hsa_circ_0049442
hsa-miR-30b-3p,hsa_circ_0060123
hsa-miR-3154,hsa_circ_0080298
hsa-miR-3187-5p,hsa_circ_0010638
hsa-miR-3187-5p,hsa_circ_0010639
hsa-miR-3198,hsa_circ_0049115
hsa-miR-3198,hsa_circ_0049116
hsa-miR-3198,hsa_circ_0049120
hsa-miR-328-5p,hsa_circ_0031403
hsa-miR-3613-3p,hsa_circ_0078472
hsa-miR-3613-3p,hsa_circ_0078473
hsa-miR-3613-3p,hsa_circ_0078475
hsa-miR-3613-3p,hsa_circ_0078476
hsa-miR-3613-3p,hsa_circ_0078479
hsa-miR-4651,hsa_circ_0049837
hsa-miR-4651,hsa_circ_0050085
hsa-miR-4651,hsa_circ_0050086
hsa-miR-4685-5p,hsa_circ_0042204
hsa-miR-4692,hsa_circ_0082881
hsa-miR-4716-3p,hsa_circ_0026927
hsa-miR-4716-3p,hsa_circ_0026928
hsa-miR-4716-3p,hsa_circ_0026929
hsa-miR-4778-3p,hsa_circ_0034998
hsa-miR-4786-5p,hsa_circ_0072824
hsa-miR-5001-3p,hsa_circ_0043298
hsa-miR-504-5p,hsa_circ_0049110
hsa-miR-504-5p,hsa_circ_0049113
hsa-miR-6132,hsa_circ_0010574
hsa-miR-634,hsa_circ_0044511
hsa-miR-634,hsa_circ_0044512
hsa-miR-634,hsa_circ_0044519
hsa-miR-665,hsa_circ_0057377
hsa-miR-6771-3p,hsa_circ_0004192
hsa-miR-6780b-5p,hsa_circ_0061080
hsa-miR-6851-3p,hsa_circ_0030855
hsa-miR-6851-3p,hsa_circ_0030856
hsa-miR-6851-3p,hsa_circ_0030857
hsa-miR-6861-3p,hsa_circ_0020283
hsa-miR-6868-3p,hsa_circ_0049109
hsa-miR-6868-3p,hsa_circ_0049111
hsa-miR-6868-3p,hsa_circ_0049112
hsa-miR-6879-5p,hsa_circ_0090598
hsa-miR-6891-5p,hsa_circ_0079254
hsa-miR-766-3p,hsa_circ_0085911
hsa-miR-8089,hsa_circ_0020760
hsa-miR-8089,hsa_circ_0020761
hsa-miR-8089,hsa_circ_0020762
hsa-miR-1207-5p,hsa_circ_0020556
hsa-miR-1207-5p,hsa_circ_0051047
hsa-miR-1304-5p,hsa_circ_0015220
hsa-miR-1304-5p,hsa_circ_0015224
hsa-miR-181d-5p,hsa_circ_0013776
hsa-miR-1827,hsa_circ_0000388
hsa-miR-1827,hsa_circ_0063516
hsa-miR-1827,hsa_circ_0063533
hsa-miR-1827,hsa_circ_0081678
hsa-miR-30b-3p,hsa_circ_0075156
hsa-miR-3662,hsa_circ_0004353
hsa-miR-3662,hsa_circ_0076198
hsa-miR-3662,hsa_circ_0076199
hsa-miR-378j,hsa_circ_0048499
hsa-miR-4530,hsa_circ_0081159
hsa-miR-4726-5p,hsa_circ_0089443
hsa-miR-4726-5p,hsa_circ_0089444
hsa-miR-4778-3p,hsa_circ_0035684
hsa-miR-4778-3p,hsa_circ_0035685
hsa-miR-4778-3p,hsa_circ_0035691
hsa-miR-5193,hsa_circ_0026923
hsa-miR-5193,hsa_circ_0026924
hsa-miR-5193,hsa_circ_0026925
hsa-miR-608,hsa_circ_0051279
hsa-miR-608,hsa_circ_0051285
hsa-miR-663a,hsa_circ_0051748
hsa-miR-6736-3p,hsa_circ_0079138
hsa-miR-6736-3p,hsa_circ_0079141
hsa-miR-6736-3p,hsa_circ_0079142
hsa-miR-6762-5p,hsa_circ_0044526
hsa-miR-6775-3p,hsa_circ_0065399
hsa-miR-6775-3p,hsa_circ_0065400
hsa-miR-6775-3p,hsa_circ_0065401
hsa-miR-6775-3p,hsa_circ_0065402
hsa-miR-6775-3p,hsa_circ_0065403
hsa-miR-6775-3p,hsa_circ_0065404
hsa-miR-6780b-5p,hsa_circ_0078794
hsa-miR-6780b-5p,hsa_circ_0078812
hsa-miR-6780b-5p,hsa_circ_0078968
hsa-miR-6791-5p,hsa_circ_0065400
hsa-miR-6791-5p,hsa_circ_0065401
hsa-miR-6791-5p,hsa_circ_0065402
hsa-miR-6791-5p,hsa_circ_0065403
hsa-miR-6848-5p,hsa_circ_0083091
hsa-miR-6848-5p,hsa_circ_0083095
hsa-miR-6848-5p,hsa_circ_0083104
hsa-miR-6884-5p,hsa_circ_0002147
hsa-miR-6884-5p,hsa_circ_0004779
hsa-miR-939-3p,hsa_circ_0010640
hsa-miR-1291,hsa_circ_0051048
hsa-miR-138-5p,hsa_circ_0049125
hsa-miR-185-3p,hsa_circ_0020280
hsa-miR-1908-5p,hsa_circ_0051748
hsa-miR-1909-3p,hsa_circ_0082881
hsa-miR-214-3p,hsa_circ_0081151
hsa-miR-30b-3p,hsa_circ_0081378
hsa-miR-3194-5p,hsa_circ_0020279
hsa-miR-3194-5p,hsa_circ_0020282
hsa-miR-3194-5p,hsa_circ_0020283
hsa-miR-3677-5p,hsa_circ_0010574
hsa-miR-3677-5p,hsa_circ_0010608
hsa-miR-3677-5p,hsa_circ_0010609
hsa-miR-3677-5p,hsa_circ_0010610
hsa-miR-3677-5p,hsa_circ_0010624
hsa-miR-3677-5p,hsa_circ_0010625
hsa-miR-3677-5p,hsa_circ_0010626
hsa-miR-3677-5p,hsa_circ_0010649
hsa-miR-3677-5p,hsa_circ_0010650
hsa-miR-370-3p,hsa_circ_0013875
hsa-miR-378a-3p,hsa_circ_0048499
hsa-miR-3918,hsa_circ_0020279
hsa-miR-3929,hsa_circ_0080029
hsa-miR-433-5p,hsa_circ_0051048
hsa-miR-4510,hsa_circ_0032902
hsa-miR-4640-5p,hsa_circ_0089426
hsa-miR-4685-3p,hsa_circ_0065416
hsa-miR-4726-5p,hsa_circ_0081119
hsa-miR-4726-5p,hsa_circ_0081121
hsa-miR-4739,hsa_circ_0081633
hsa-miR-4749-3p,hsa_circ_0057955
hsa-miR-4755-3p,hsa_circ_0080942
hsa-miR-4755-3p,hsa_circ_0080943
hsa-miR-4775,hsa_circ_0007033
hsa-miR-485-5p,hsa_circ_0046155
hsa-miR-5189-5p,hsa_circ_0050102
hsa-miR-5193,hsa_circ_0079954
hsa-miR-5692c,hsa_circ_0000215
hsa-miR-661,hsa_circ_0033532
hsa-miR-661,hsa_circ_0033533
hsa-miR-6752-5p,hsa_circ_0010542
hsa-miR-6756-5p,hsa_circ_0044360
hsa-miR-6760-5p,hsa_circ_0074784
hsa-miR-6769b-5p,hsa_circ_0049105
hsa-miR-6769b-5p,hsa_circ_0049106
hsa-miR-6787-5p,hsa_circ_0082878
hsa-miR-6815-5p,hsa_circ_0037448
hsa-miR-6829-5p,hsa_circ_0091846
hsa-miR-6829-5p,hsa_circ_0091847
hsa-miR-6829-5p,hsa_circ_0091848
hsa-miR-6829-5p,hsa_circ_0091849
hsa-miR-6829-5p,hsa_circ_0091850
hsa-miR-6829-5p,hsa_circ_0091851
hsa-miR-6829-5p,hsa_circ_0091852
hsa-miR-6829-5p,hsa_circ_0091853
hsa-miR-6836-5p,hsa_circ_0079112
hsa-miR-6852-5p,hsa_circ_0019896
hsa-miR-6884-5p,hsa_circ_0050085
hsa-miR-6884-5p,hsa_circ_0050086
hsa-miR-6893-5p,hsa_circ_0043314
hsa-miR-7113-3p,hsa_circ_0016773
hsa-miR-7847-3p,hsa_circ_0049109
hsa-miR-7847-3p,hsa_circ_0049110
hsa-miR-7847-3p,hsa_circ_0049112
hsa-miR-7847-3p,hsa_circ_0049113
hsa-miR-939-3p,hsa_circ_0091822
hsa-miR-1207-5p,hsa_circ_0055714
hsa-miR-1273h-3p,hsa_circ_0089792
hsa-miR-1301-3p,hsa_circ_0062093
hsa-miR-1301-3p,hsa_circ_0062099
hsa-miR-1827,hsa_circ_0006648
hsa-miR-1976,hsa_circ_0037182
hsa-miR-1976,hsa_circ_0037185
hsa-miR-1976,hsa_circ_0037186
hsa-miR-1976,hsa_circ_0037194
hsa-miR-221-5p,hsa_circ_0051048
hsa-miR-29a-3p,hsa_circ_0081102
hsa-miR-29a-3p,hsa_circ_0081110
hsa-miR-29a-3p,hsa_circ_0081115
hsa-miR-29a-3p,hsa_circ_0081123
hsa-miR-29a-3p,hsa_circ_0081134
hsa-miR-3929,hsa_circ_0018825
hsa-miR-412-3p,hsa_circ_0063085
hsa-miR-4510,hsa_circ_0024264
hsa-miR-4510,hsa_circ_0024265
hsa-miR-4651,hsa_circ_0049667
hsa-miR-4656,hsa_circ_0007379
hsa-miR-4685-5p,hsa_circ_0039087
hsa-miR-4685-5p,hsa_circ_0039090
hsa-miR-4685-5p,hsa_circ_0051293
hsa-miR-4685-5p,hsa_circ_0051297
hsa-miR-4685-5p,hsa_circ_0051299
hsa-miR-4692,hsa_circ_0004333
hsa-miR-4739,hsa_circ_0041578
hsa-miR-4778-3p,hsa_circ_0031156
hsa-miR-619-5p,hsa_circ_0018308
hsa-miR-661,hsa_circ_0010676
hsa-miR-6721-5p,hsa_circ_0051047
hsa-miR-6747-3p,hsa_circ_0089191
hsa-miR-6756-5p,hsa_circ_0000527
hsa-miR-6782-5p,hsa_circ_0039075
hsa-miR-6782-5p,hsa_circ_0039087
hsa-miR-6782-5p,hsa_circ_0039090
hsa-miR-6798-5p,hsa_circ_0016130
hsa-miR-6852-5p,hsa_circ_0075082
hsa-miR-6852-5p,hsa_circ_0075083
hsa-miR-6879-5p,hsa_circ_0090652
hsa-miR-6883-5p,hsa_circ_0005180
hsa-miR-6883-5p,hsa_circ_0017180
hsa-miR-6883-5p,hsa_circ_0017181
hsa-miR-6883-5p,hsa_circ_0017182
hsa-miR-6883-5p,hsa_circ_0017183
hsa-miR-6883-5p,hsa_circ_0017184
hsa-miR-7111-5p,hsa_circ_0026923
hsa-miR-7111-5p,hsa_circ_0026924
hsa-miR-7111-5p,hsa_circ_0026925
hsa-miR-7111-5p,hsa_circ_0026926
hsa-miR-7111-5p,hsa_circ_0026927
hsa-miR-7111-5p,hsa_circ_0026928
hsa-miR-7111-5p,hsa_circ_0026929
hsa-miR-762,hsa_circ_0089528
hsa-miR-762,hsa_circ_0089529
hsa-miR-762,hsa_circ_0089530
hsa-miR-762,hsa_circ_0089531
hsa-miR-766-3p,hsa_circ_0034771
hsa-miR-7851-3p,hsa_circ_0059143
hsa-miR-1184,hsa_circ_0063109
hsa-miR-1184,hsa_circ_0063110
hsa-miR-139-3p,hsa_circ_0001946
hsa-miR-188-3p,hsa_circ_0050775
hsa-miR-1909-3p,hsa_circ_0051279
hsa-miR-1909-3p,hsa_circ_0051285
hsa-miR-214-3p,hsa_circ_0044538
hsa-miR-24-3p,hsa_circ_0049115
hsa-miR-24-3p,hsa_circ_0049116
hsa-miR-24-3p,hsa_circ_0049120
hsa-miR-4488,hsa_circ_0052245
hsa-miR-4524b-3p,hsa_circ_0075959
hsa-miR-5572,hsa_circ_0041864
hsa-miR-6085,hsa_circ_0082192
hsa-miR-6085,hsa_circ_0082195
hsa-miR-6085,hsa_circ_0082199
hsa-miR-6085,hsa_circ_0082201
hsa-miR-615-5p,hsa_circ_0044529
hsa-miR-6779-5p,hsa_circ_0009640
hsa-miR-6779-5p,hsa_circ_0009641
hsa-miR-6779-5p,hsa_circ_0009642
hsa-miR-6783-3p,hsa_circ_0042204
hsa-miR-6797-5p,hsa_circ_0088723
hsa-miR-6825-5p,hsa_circ_0058234
hsa-miR-6837-5p,hsa_circ_0021034
hsa-miR-6837-5p,hsa_circ_0021035
hsa-miR-6838-5p,hsa_circ_0079112
hsa-miR-6859-3p,hsa_circ_0004790
hsa-miR-6859-3p,hsa_circ_0007514
hsa-miR-6859-3p,hsa_circ_0008447
hsa-miR-6859-3p,hsa_circ_0031059
hsa-miR-6859-3p,hsa_circ_0031066
hsa-miR-6859-3p,hsa_circ_0031067
hsa-miR-6875-3p,hsa_circ_0072884
hsa-miR-6875-3p,hsa_circ_0072886
hsa-miR-6875-3p,hsa_circ_0072888
hsa-miR-6875-3p,hsa_circ_0072890
hsa-miR-6881-3p,hsa_circ_0069223
hsa-miR-6886-3p,hsa_circ_0065401
hsa-miR-6886-3p,hsa_circ_0065404
hsa-miR-6886-3p,hsa_circ_0065408
hsa-miR-711,hsa_circ_0009372
hsa-miR-1184,hsa_circ_0063111
hsa-miR-1286,hsa_circ_0081089
hsa-miR-1827,hsa_circ_0042176
hsa-miR-1827,hsa_circ_0042177
hsa-miR-1827,hsa_circ_0042178
hsa-miR-185-3p,hsa_circ_0067139
hsa-miR-3127-5p,hsa_circ_0020279
hsa-miR-3173-3p,hsa_circ_0075953
hsa-miR-3194-3p,hsa_circ_0062093
hsa-miR-3194-3p,hsa_circ_0062099
hsa-miR-371a-5p,hsa_circ_0089789
hsa-miR-4640-5p,hsa_circ_0065132
hsa-miR-4685-5p,hsa_circ_0063387
hsa-miR-4691-5p,hsa_circ_0010649
hsa-miR-4691-5p,hsa_circ_0010650
hsa-miR-4691-5p,hsa_circ_0010664
hsa-miR-4726-5p,hsa_circ_0081143
hsa-miR-4763-3p,hsa_circ_0009640
hsa-miR-4763-3p,hsa_circ_0009641
hsa-miR-4763-3p,hsa_circ_0009642
hsa-miR-4763-3p,hsa_circ_0026141
hsa-miR-5787,hsa_circ_0037987
hsa-miR-608,hsa_circ_0050085
hsa-miR-608,hsa_circ_0050086
hsa-miR-615-5p,hsa_circ_0044509
hsa-miR-615-5p,hsa_circ_0044510
hsa-miR-615-5p,hsa_circ_0044511
hsa-miR-615-5p,hsa_circ_0044512
hsa-miR-615-5p,hsa_circ_0044517
hsa-miR-615-5p,hsa_circ_0044518
hsa-miR-615-5p,hsa_circ_0044519
hsa-miR-615-5p,hsa_circ_0044520
hsa-miR-619-5p,hsa_circ_0007063
hsa-miR-665,hsa_circ_0057391
hsa-miR-6752-3p,hsa_circ_0020316
hsa-miR-6808-5p,hsa_circ_0048698
hsa-miR-6808-5p,hsa_circ_0048709
hsa-miR-6825-5p,hsa_circ_0014736
hsa-miR-6840-3p,hsa_circ_0049106
hsa-miR-6840-3p,hsa_circ_0049111
hsa-miR-6840-3p,hsa_circ_0049112
hsa-miR-6840-3p,hsa_circ_0049113
hsa-miR-6868-3p,hsa_circ_0060074
hsa-miR-6875-3p,hsa_circ_0040925
hsa-miR-1205,hsa_circ_0034769
hsa-miR-1827,hsa_circ_0016162
hsa-miR-1827,hsa_circ_0016165
hsa-miR-29b-3p,hsa_circ_0044517
hsa-miR-30b-3p,hsa_circ_0008323
hsa-miR-30b-3p,hsa_circ_0052102
hsa-miR-3158-3p,hsa_circ_0088827
hsa-miR-3198,hsa_circ_0049106
hsa-miR-328-5p,hsa_circ_0044505
hsa-miR-328-5p,hsa_circ_0044506
hsa-miR-328-5p,hsa_circ_0044507
hsa-miR-328-5p,hsa_circ_0044508
hsa-miR-3651,hsa_circ_0007805
hsa-miR-3692-5p,hsa_circ_0089547
hsa-miR-4286,hsa_circ_0001668
hsa-miR-4656,hsa_circ_0029218
hsa-miR-4713-5p,hsa_circ_0081673
hsa-miR-4733-3p,hsa_circ_0029351
hsa-miR-4733-3p,hsa_circ_0029353
hsa-miR-4775,hsa_circ_0076600
hsa-miR-4796-5p,hsa_circ_0005554
hsa-miR-485-5p,hsa_circ_0015199
hsa-miR-485-5p,hsa_circ_0015204
hsa-miR-485-5p,hsa_circ_0015212
hsa-miR-485-5p,hsa_circ_0015213
hsa-miR-485-5p,hsa_circ_0015214
hsa-miR-485-5p,hsa_circ_0015216
hsa-miR-485-5p,hsa_circ_0015217
hsa-miR-485-5p,hsa_circ_0015218
hsa-miR-485-5p,hsa_circ_0015221
hsa-miR-485-5p,hsa_circ_0015222
hsa-miR-485-5p,hsa_circ_0015223
hsa-miR-485-5p,hsa_circ_0015226
hsa-miR-485-5p,hsa_circ_0015227
hsa-miR-485-5p,hsa_circ_0038126
hsa-miR-485-5p,hsa_circ_0039972
hsa-miR-5001-5p,hsa_circ_0063365
hsa-miR-550a-3p,hsa_circ_0029351
hsa-miR-550a-3p,hsa_circ_0029353
hsa-miR-588,hsa_circ_0020279
hsa-miR-588,hsa_circ_0020282
hsa-miR-6085,hsa_circ_0091907
hsa-miR-6085,hsa_circ_0091908
hsa-miR-6085,hsa_circ_0091909
hsa-miR-6085,hsa_circ_0091910
hsa-miR-6085,hsa_circ_0091911
hsa-miR-6085,hsa_circ_0091916
hsa-miR-6085,hsa_circ_0091919
hsa-miR-6085,hsa_circ_0091928
hsa-miR-6085,hsa_circ_0091931
hsa-miR-6085,hsa_circ_0091933
hsa-miR-6085,hsa_circ_0091936
hsa-miR-665,hsa_circ_0044509
hsa-miR-665,hsa_circ_0044510
hsa-miR-665,hsa_circ_0044511
hsa-miR-665,hsa_circ_0044518
hsa-miR-6769a-5p,hsa_circ_0049105
hsa-miR-6772-5p,hsa_circ_0049105
hsa-miR-6798-5p,hsa_circ_0041952
hsa-miR-6849-3p,hsa_circ_0009652
hsa-miR-6855-5p,hsa_circ_0037570
hsa-miR-6855-5p,hsa_circ_0037571
hsa-miR-6855-5p,hsa_circ_0037573
hsa-miR-6855-5p,hsa_circ_0037574
hsa-miR-6873-3p,hsa_circ_0065407
hsa-miR-6873-3p,hsa_circ_0065408
hsa-miR-6873-3p,hsa_circ_0065411
hsa-miR-766-3p,hsa_circ_0049920
hsa-miR-8065,hsa_circ_0055230
hsa-miR-8065,hsa_circ_0055233
hsa-miR-8065,hsa_circ_0055235
hsa-miR-8065,hsa_circ_0055236
hsa-miR-8065,hsa_circ_0055237
hsa-miR-8065,hsa_circ_0055239
hsa-miR-1184,hsa_circ_0009969
hsa-miR-1286,hsa_circ_0081143
hsa-miR-1303,hsa_circ_0006648
hsa-miR-1343-3p,hsa_circ_0004790
hsa-miR-1343-3p,hsa_circ_0007514
hsa-miR-1343-3p,hsa_circ_0008447
hsa-miR-1343-3p,hsa_circ_0031066
hsa-miR-1343-3p,hsa_circ_0031067
hsa-miR-1827,hsa_circ_0059143
hsa-miR-20b-3p,hsa_circ_0018230
hsa-miR-214-3p,hsa_circ_0081081
hsa-miR-214-3p,hsa_circ_0081102
hsa-miR-214-3p,hsa_circ_0081110
hsa-miR-214-3p,hsa_circ_0081114
hsa-miR-214-3p,hsa_circ_0081129
hsa-miR-214-3p,hsa_circ_0081135
hsa-miR-214-3p,hsa_circ_0081143
hsa-miR-24-3p,hsa_circ_0049099
hsa-miR-24-3p,hsa_circ_0049103
hsa-miR-29a-3p,hsa_circ_0081142
hsa-miR-29a-3p,hsa_circ_0081143
hsa-miR-29a-3p,hsa_circ_0081146
hsa-miR-3202,hsa_circ_0083240
hsa-miR-3663-3p,hsa_circ_0029351
hsa-miR-3663-3p,hsa_circ_0029353
hsa-miR-3664-5p,hsa_circ_0087637
hsa-miR-3664-5p,hsa_circ_0087638
hsa-miR-3664-5p,hsa_circ_0087639
hsa-miR-3664-5p,hsa_circ_0087640
hsa-miR-3665,hsa_circ_0049815
hsa-miR-4254,hsa_circ_0030869
hsa-miR-4478,hsa_circ_0050480
hsa-miR-4478,hsa_circ_0050485
hsa-miR-4478,hsa_circ_0050491
hsa-miR-4478,hsa_circ_0050493
hsa-miR-4478,hsa_circ_0050497
hsa-miR-4478,hsa_circ_0050500
hsa-miR-4478,hsa_circ_0050501
hsa-miR-4478,hsa_circ_0050502
hsa-miR-4478,hsa_circ_0050503
hsa-miR-4640-5p,hsa_circ_0057344
hsa-miR-4640-5p,hsa_circ_0057356
hsa-miR-4692,hsa_circ_0037448
hsa-miR-4700-5p,hsa_circ_0078886
hsa-miR-4700-5p,hsa_circ_0078946
hsa-miR-4763-3p,hsa_circ_0058374
hsa-miR-484,hsa_circ_0065399
hsa-miR-484,hsa_circ_0065400
hsa-miR-484,hsa_circ_0065402
hsa-miR-486-3p,hsa_circ_0051308
hsa-miR-486-3p,hsa_circ_0051309
hsa-miR-615-5p,hsa_circ_0051648
hsa-miR-6721-5p,hsa_circ_0027147
hsa-miR-6736-5p,hsa_circ_0049104
hsa-miR-6752-5p,hsa_circ_0050631
hsa-miR-6769a-3p,hsa_circ_0057955
hsa-miR-6774-5p,hsa_circ_0063518
hsa-miR-6829-5p,hsa_circ_0026092
hsa-miR-6829-5p,hsa_circ_0026093
hsa-miR-6829-5p,hsa_circ_0026097
hsa-miR-6829-5p,hsa_circ_0026098
hsa-miR-6829-5p,hsa_circ_0026099
hsa-miR-6829-5p,hsa_circ_0026100
hsa-miR-6844,hsa_circ_0016627
hsa-miR-6844,hsa_circ_0016631
hsa-miR-6844,hsa_circ_0016632
hsa-miR-762,hsa_circ_0012080
hsa-miR-769-3p,hsa_circ_0048844
hsa-miR-8073,hsa_circ_0030855
hsa-miR-8073,hsa_circ_0030856
hsa-miR-8073,hsa_circ_0030857
hsa-miR-8073,hsa_circ_0030864
hsa-miR-8073,hsa_circ_0030869
hsa-miR-1233-5p,hsa_circ_0072808
hsa-miR-1233-5p,hsa_circ_0072809
hsa-miR-1233-5p,hsa_circ_0072817
hsa-miR-1233-5p,hsa_circ_0072819
hsa-miR-1233-5p,hsa_circ_0072821
hsa-miR-1233-5p,hsa_circ_0072850
hsa-miR-1233-5p,hsa_circ_0072851
hsa-miR-1236-3p,hsa_circ_0028536
hsa-miR-1236-3p,hsa_circ_0028537
hsa-miR-1343-3p,hsa_circ_0089429
hsa-miR-1343-3p,hsa_circ_0089440
hsa-miR-1915-3p,hsa_circ_0062060
hsa-miR-1972,hsa_circ_0065411
hsa-miR-24-3p,hsa_circ_0049108
hsa-miR-2861,hsa_circ_0019930
hsa-miR-2861,hsa_circ_0019931
hsa-miR-30b-3p,hsa_circ_0014789
hsa-miR-30b-3p,hsa_circ_0020595
hsa-miR-30b-3p,hsa_circ_0078962
hsa-miR-3934-3p,hsa_circ_0051048
hsa-miR-4498,hsa_circ_0049815
hsa-miR-4739,hsa_circ_0058374
hsa-miR-612,hsa_circ_0038898
hsa-miR-6736-3p,hsa_circ_0063076
hsa-miR-6736-3p,hsa_circ_0063077
hsa-miR-6736-3p,hsa_circ_0063078
hsa-miR-6736-3p,hsa_circ_0063079
hsa-miR-6736-3p,hsa_circ_0063080
hsa-miR-6736-3p,hsa_circ_0063081
hsa-miR-6736-3p,hsa_circ_0063082
hsa-miR-6736-3p,hsa_circ_0063083
hsa-miR-6736-3p,hsa_circ_0063084
hsa-miR-6736-3p,hsa_circ_0063085
hsa-miR-6736-3p,hsa_circ_0063086
hsa-miR-6736-3p,hsa_circ_0063087
hsa-miR-6736-3p,hsa_circ_0063089
hsa-miR-6736-3p,hsa_circ_0063094
hsa-miR-6736-3p,hsa_circ_0063095
hsa-miR-6736-3p,hsa_circ_0063096
hsa-miR-6736-3p,hsa_circ_0063097
hsa-miR-6736-3p,hsa_circ_0063098
hsa-miR-6753-5p,hsa_circ_0057344
hsa-miR-6753-5p,hsa_circ_0057348
hsa-miR-6753-5p,hsa_circ_0057354
hsa-miR-6753-5p,hsa_circ_0057355
hsa-miR-6753-5p,hsa_circ_0057356
hsa-miR-6753-5p,hsa_circ_0057363
hsa-miR-6772-5p,hsa_circ_0049115
hsa-miR-6780a-5p,hsa_circ_0081596
hsa-miR-6798-5p,hsa_circ_0065399
hsa-miR-6798-5p,hsa_circ_0065400
hsa-miR-6798-5p,hsa_circ_0065401
hsa-miR-6829-3p,hsa_circ_0048681
hsa-miR-6829-3p,hsa_circ_0048686
hsa-miR-6829-3p,hsa_circ_0048700
hsa-miR-6829-3p,hsa_circ_0048701
hsa-miR-6829-3p,hsa_circ_0048702
hsa-miR-6829-3p,hsa_circ_0048703
hsa-miR-6829-3p,hsa_circ_0048706
hsa-miR-6829-3p,hsa_circ_0048707
hsa-miR-6829-3p,hsa_circ_0048710
hsa-miR-6829-3p,hsa_circ_0048711
hsa-miR-6849-3p,hsa_circ_0038915
hsa-miR-6887-3p,hsa_circ_0079155
hsa-miR-939-3p,hsa_circ_0010676
hsa-miR-1237-3p,hsa_circ_0085899
hsa-miR-1237-3p,hsa_circ_0085900
hsa-miR-1303,hsa_circ_0034591
hsa-miR-153-5p,hsa_circ_0025374
hsa-miR-1976,hsa_circ_0034771
hsa-miR-30b-3p,hsa_circ_0050480
hsa-miR-30b-3p,hsa_circ_0050485
hsa-miR-30b-3p,hsa_circ_0050491
hsa-miR-30b-3p,hsa_circ_0050493
hsa-miR-30b-3p,hsa_circ_0050497
hsa-miR-30b-3p,hsa_circ_0050500
hsa-miR-30b-3p,hsa_circ_0050501
hsa-miR-30b-3p,hsa_circ_0050502
hsa-miR-30b-3p,hsa_circ_0050503
hsa-miR-3187-5p,hsa_circ_0010676
hsa-miR-3187-5p,hsa_circ_0082881
hsa-miR-328-5p,hsa_circ_0044517
hsa-miR-328-5p,hsa_circ_0044518
hsa-miR-328-5p,hsa_circ_0044519
hsa-miR-3972,hsa_circ_0091855
hsa-miR-3972,hsa_circ_0091856
hsa-miR-3972,hsa_circ_0091857
hsa-miR-3972,hsa_circ_0091858
hsa-miR-3972,hsa_circ_0091866
hsa-miR-3972,hsa_circ_0091867
hsa-miR-3972,hsa_circ_0091870
hsa-miR-3972,hsa_circ_0091908
hsa-miR-3972,hsa_circ_0091909
hsa-miR-3972,hsa_circ_0091910
hsa-miR-3972,hsa_circ_0091911
hsa-miR-3972,hsa_circ_0091916
hsa-miR-3972,hsa_circ_0091919
hsa-miR-3972,hsa_circ_0091928
hsa-miR-3972,hsa_circ_0091931
hsa-miR-3972,hsa_circ_0091933
hsa-miR-3972,hsa_circ_0091936
hsa-miR-4529-3p,hsa_circ_0079070
hsa-miR-4651,hsa_circ_0014736
hsa-miR-4656,hsa_circ_0048844
hsa-miR-4656,hsa_circ_0050271
hsa-miR-4691-5p,hsa_circ_0010542
hsa-miR-4691-5p,hsa_circ_0010560
hsa-miR-4691-5p,hsa_circ_0010582
hsa-miR-4691-5p,hsa_circ_0010583
hsa-miR-4691-5p,hsa_circ_0010602
hsa-miR-4691-5p,hsa_circ_0010603
hsa-miR-4691-5p,hsa_circ_0010604
hsa-miR-4691-5p,hsa_circ_0010605
hsa-miR-4691-5p,hsa_circ_0010606
hsa-miR-4691-5p,hsa_circ_0010607
hsa-miR-4691-5p,hsa_circ_0010623
hsa-miR-4691-5p,hsa_circ_0010624
hsa-miR-4755-3p,hsa_circ_0089429
hsa-miR-4755-3p,hsa_circ_0089445
hsa-miR-4763-3p,hsa_circ_0053011
hsa-miR-4763-5p,hsa_circ_0081678
hsa-miR-505-5p,hsa_circ_0049106
hsa-miR-508-5p,hsa_circ_0029218
hsa-miR-5698,hsa_circ_0020282
hsa-miR-5698,hsa_circ_0020283
hsa-miR-607,hsa_circ_0072883
hsa-miR-607,hsa_circ_0072884
hsa-miR-607,hsa_circ_0072886
hsa-miR-607,hsa_circ_0072887
hsa-miR-607,hsa_circ_0072888
hsa-miR-607,hsa_circ_0072890
hsa-miR-607,hsa_circ_0072891
hsa-miR-607,hsa_circ_0072892
hsa-miR-607,hsa_circ_0072894
hsa-miR-607,hsa_circ_0072895
hsa-miR-607,hsa_circ_0072896
hsa-miR-607,hsa_circ_0072897
hsa-miR-6756-5p,hsa_circ_0051748
hsa-miR-6756-5p,hsa_circ_0051750
hsa-miR-6756-5p,hsa_circ_0051751
hsa-miR-6785-5p,hsa_circ_0014742
hsa-miR-6849-3p,hsa_circ_0000939
hsa-miR-7155-5p,hsa_circ_0061128
hsa-miR-761,hsa_circ_0040873
hsa-miR-761,hsa_circ_0040874
hsa-miR-942-5p,hsa_circ_0065399
hsa-miR-942-5p,hsa_circ_0065400
hsa-miR-942-5p,hsa_circ_0065401
hsa-miR-942-5p,hsa_circ_0065402
hsa-miR-942-5p,hsa_circ_0065403
hsa-miR-942-5p,hsa_circ_0065404
hsa-miR-1184,hsa_circ_0029559
hsa-miR-1207-5p,hsa_circ_0089552
hsa-miR-153-5p,hsa_circ_0061675
hsa-miR-1827,hsa_circ_0086740
hsa-miR-30b-3p,hsa_circ_0016162
hsa-miR-30b-3p,hsa_circ_0016165
hsa-miR-30c-2-3p,hsa_circ_0041864
hsa-miR-3187-5p,hsa_circ_0010689
hsa-miR-4452,hsa_circ_0052064
hsa-miR-4659b-3p,hsa_circ_0056828
hsa-miR-4722-5p,hsa_circ_0004454
hsa-miR-4733-3p,hsa_circ_0044505
hsa-miR-4733-3p,hsa_circ_0044506
hsa-miR-4733-3p,hsa_circ_0044514
hsa-miR-4763-3p,hsa_circ_0051047
hsa-miR-4778-3p,hsa_circ_0021566
hsa-miR-4778-3p,hsa_circ_0035699
hsa-miR-4778-3p,hsa_circ_0035704
hsa-miR-4778-3p,hsa_circ_0035705
hsa-miR-4778-3p,hsa_circ_0035713
hsa-miR-4778-3p,hsa_circ_0035714
hsa-miR-4778-3p,hsa_circ_0035716
hsa-miR-4778-3p,hsa_circ_0035717
hsa-miR-4778-3p,hsa_circ_0035718
hsa-miR-4778-3p,hsa_circ_0035721
hsa-miR-4778-3p,hsa_circ_0035726
hsa-miR-4778-3p,hsa_circ_0035732
hsa-miR-4793-3p,hsa_circ_0005558
hsa-miR-485-5p,hsa_circ_0017198
hsa-miR-5572,hsa_circ_0049109
hsa-miR-5572,hsa_circ_0049110
hsa-miR-5692b,hsa_circ_0007286
hsa-miR-6085,hsa_circ_0066288
hsa-miR-6085,hsa_circ_0066316
hsa-miR-6085,hsa_circ_0066325
hsa-miR-6085,hsa_circ_0091892
hsa-miR-6753-5p,hsa_circ_0044504
hsa-miR-6756-5p,hsa_circ_0082192
hsa-miR-6756-5p,hsa_circ_0082199
hsa-miR-6756-5p,hsa_circ_0082201
hsa-miR-6756-5p,hsa_circ_0082202
hsa-miR-6772-5p,hsa_circ_0049122
hsa-miR-6772-5p,hsa_circ_0049125
hsa-miR-6780a-5p,hsa_circ_0006983
hsa-miR-6808-5p,hsa_circ_0020318
hsa-miR-6836-5p,hsa_circ_0069157
hsa-miR-6836-5p,hsa_circ_0069158
hsa-miR-6836-5p,hsa_circ_0069159
hsa-miR-6836-5p,hsa_circ_0069161
hsa-miR-6836-5p,hsa_circ_0069162
hsa-miR-6868-3p,hsa_circ_0080702
hsa-miR-6868-3p,hsa_circ_0080703
hsa-miR-7110-5p,hsa_circ_0009565
hsa-miR-7110-5p,hsa_circ_0009566
hsa-miR-188-3p,hsa_circ_0006984
hsa-miR-1915-5p,hsa_circ_0004886
hsa-miR-1972,hsa_circ_0065403
hsa-miR-2861,hsa_circ_0089429
hsa-miR-2861,hsa_circ_0089440
hsa-miR-2861,hsa_circ_0089445
hsa-miR-4254,hsa_circ_0049106
hsa-miR-4498,hsa_circ_0042657
hsa-miR-4498,hsa_circ_0042658
hsa-miR-4498,hsa_circ_0042662
hsa-miR-4498,hsa_circ_0042663
hsa-miR-4498,hsa_circ_0042674
hsa-miR-4498,hsa_circ_0042680
hsa-miR-4498,hsa_circ_0065481
hsa-miR-4651,hsa_circ_0051279
hsa-miR-4651,hsa_circ_0051285
hsa-miR-4763-3p,hsa_circ_0051308
hsa-miR-4778-3p,hsa_circ_0042029
hsa-miR-5001-5p,hsa_circ_0046155
hsa-miR-505-5p,hsa_circ_0049111
hsa-miR-6722-3p,hsa_circ_0075556
hsa-miR-6722-3p,hsa_circ_0075557
hsa-miR-6722-3p,hsa_circ_0075558
hsa-miR-6751-5p,hsa_circ_0050806
hsa-miR-6805-3p,hsa_circ_0014209
hsa-miR-6805-3p,hsa_circ_0014210
hsa-miR-6860,hsa_circ_0051048
hsa-miR-6867-3p,hsa_circ_0089792
hsa-miR-6880-5p,hsa_circ_0026104
hsa-miR-6880-5p,hsa_circ_0026106
hsa-miR-6880-5p,hsa_circ_0026107
hsa-miR-6880-5p,hsa_circ_0026108
hsa-miR-6887-5p,hsa_circ_0069071
hsa-miR-7515,hsa_circ_0083240
hsa-miR-1184,hsa_circ_0085909
hsa-miR-1184,hsa_circ_0085910
hsa-miR-1184,hsa_circ_0085911
hsa-miR-1267,hsa_circ_0080943
hsa-miR-145-5p,hsa_circ_0072883
hsa-miR-145-5p,hsa_circ_0072884
hsa-miR-145-5p,hsa_circ_0072886
hsa-miR-145-5p,hsa_circ_0072887
hsa-miR-145-5p,hsa_circ_0072888
hsa-miR-145-5p,hsa_circ_0072890
hsa-miR-145-5p,hsa_circ_0072891
hsa-miR-145-5p,hsa_circ_0072892
hsa-miR-145-5p,hsa_circ_0072894
hsa-miR-145-5p,hsa_circ_0072895
hsa-miR-145-5p,hsa_circ_0072896
hsa-miR-145-5p,hsa_circ_0072897
hsa-miR-181c-5p,hsa_circ_0073782
hsa-miR-181c-5p,hsa_circ_0073785
hsa-miR-181c-5p,hsa_circ_0073786
hsa-miR-29a-3p,hsa_circ_0044526
hsa-miR-29a-3p,hsa_circ_0044534
hsa-miR-3194-3p,hsa_circ_0051094
hsa-miR-3692-5p,hsa_circ_0045755
hsa-miR-3692-5p,hsa_circ_0045756
hsa-miR-3926,hsa_circ_0020279
hsa-miR-4733-3p,hsa_circ_0044531
hsa-miR-4733-3p,hsa_circ_0044538
hsa-miR-4739,hsa_circ_0028919
hsa-miR-4739,hsa_circ_0028920
hsa-miR-4739,hsa_circ_0028921
hsa-miR-4739,hsa_circ_0028922
hsa-miR-4778-3p,hsa_circ_0031184
hsa-miR-6085,hsa_circ_0091850
hsa-miR-615-5p,hsa_circ_0051293
hsa-miR-619-5p,hsa_circ_0038032
hsa-miR-619-5p,hsa_circ_0038209
hsa-miR-619-5p,hsa_circ_0050270
hsa-miR-661,hsa_circ_0065414
hsa-miR-661,hsa_circ_0076614
hsa-miR-6764-5p,hsa_circ_0065401
hsa-miR-6764-5p,hsa_circ_0065403
hsa-miR-6780a-5p,hsa_circ_0075921
hsa-miR-6780a-5p,hsa_circ_0078806
hsa-miR-6780a-5p,hsa_circ_0078807
hsa-miR-6791-5p,hsa_circ_0051048
hsa-miR-6843-3p,hsa_circ_0027022
hsa-miR-6849-3p,hsa_circ_0003384
hsa-miR-6870-5p,hsa_circ_0041089
hsa-miR-6870-5p,hsa_circ_0041099
hsa-miR-6870-5p,hsa_circ_0041116
hsa-miR-1233-5p,hsa_circ_0072824
hsa-miR-20b-3p,hsa_circ_0077566
hsa-miR-30b-3p,hsa_circ_0070741
hsa-miR-370-3p,hsa_circ_0060070
hsa-miR-370-3p,hsa_circ_0060071
hsa-miR-370-3p,hsa_circ_0060073
hsa-miR-370-3p,hsa_circ_0060075
hsa-miR-4314,hsa_circ_0057955
hsa-miR-4726-3p,hsa_circ_0065408
hsa-miR-4726-3p,hsa_circ_0065411
hsa-miR-4726-3p,hsa_circ_0065414
hsa-miR-4768-5p,hsa_circ_0052059
hsa-miR-4768-5p,hsa_circ_0052060
hsa-miR-6747-3p,hsa_circ_0016775
hsa-miR-6764-5p,hsa_circ_0065411
hsa-miR-6799-5p,hsa_circ_0007600
hsa-miR-6837-5p,hsa_circ_0062015
hsa-miR-6886-3p,hsa_circ_0079155
hsa-miR-7108-3p,hsa_circ_0031813
hsa-miR-762,hsa_circ_0080684
hsa-miR-1343-3p,hsa_circ_0020283
hsa-miR-3135b,hsa_circ_0033532
hsa-miR-4267,hsa_circ_0023019
hsa-miR-4498,hsa_circ_0039097
hsa-miR-4659a-3p,hsa_circ_0056828
hsa-miR-485-5p,hsa_circ_0078202
hsa-miR-520g-3p,hsa_circ_0055327
hsa-miR-5580-3p,hsa_circ_0057112
hsa-miR-6722-3p,hsa_circ_0091805
hsa-miR-6722-3p,hsa_circ_0091806
hsa-miR-6722-3p,hsa_circ_0091807
hsa-miR-6722-3p,hsa_circ_0091808
hsa-miR-6754-5p,hsa_circ_0056162
hsa-miR-6785-5p,hsa_circ_0002172
hsa-miR-6785-5p,hsa_circ_0089776
hsa-miR-6849-3p,hsa_circ_0038486
hsa-miR-6849-3p,hsa_circ_0038500
hsa-miR-873-3p,hsa_circ_0049111
hsa-miR-873-3p,hsa_circ_0049112
hsa-miR-873-3p,hsa_circ_0049116
hsa-miR-873-3p,hsa_circ_0049120
hsa-miR-1286,hsa_circ_0081119
hsa-miR-1286,hsa_circ_0081121
hsa-miR-181a-5p,hsa_circ_0052290
hsa-miR-2861,hsa_circ_0019919
hsa-miR-4254,hsa_circ_0049113
hsa-miR-4254,hsa_circ_0049120
hsa-miR-4254,hsa_circ_0049122
hsa-miR-4691-5p,hsa_circ_0056162
hsa-miR-5001-5p,hsa_circ_0081678
hsa-miR-6500-3p,hsa_circ_0052123
hsa-miR-6721-5p,hsa_circ_0039097
hsa-miR-6790-5p,hsa_circ_0029597
hsa-miR-6791-5p,hsa_circ_0030860
hsa-miR-6791-5p,hsa_circ_0030862
hsa-miR-6791-5p,hsa_circ_0030867
hsa-miR-6791-5p,hsa_circ_0030868
hsa-miR-6791-5p,hsa_circ_0030870
hsa-miR-6803-5p,hsa_circ_0063446
hsa-miR-6877-3p,hsa_circ_0055230
hsa-miR-6877-3p,hsa_circ_0055233
hsa-miR-6877-3p,hsa_circ_0055235
hsa-miR-6877-3p,hsa_circ_0055236
hsa-miR-6877-3p,hsa_circ_0055237
hsa-miR-6877-3p,hsa_circ_0055239
hsa-miR-6882-3p,hsa_circ_0060073
hsa-miR-6882-3p,hsa_circ_0060075
hsa-miR-6887-5p,hsa_circ_0032902
hsa-miR-762,hsa_circ_0065363
hsa-miR-1266-5p,hsa_circ_0020279
hsa-miR-1909-3p,hsa_circ_0020554
hsa-miR-2114-3p,hsa_circ_0020279
hsa-miR-214-3p,hsa_circ_0044530
hsa-miR-328-5p,hsa_circ_0051283
hsa-miR-4447,hsa_circ_0020279
hsa-miR-4447,hsa_circ_0020283
hsa-miR-4691-3p,hsa_circ_0020283
hsa-miR-4733-3p,hsa_circ_0044530
hsa-miR-4778-3p,hsa_circ_0015703
hsa-miR-4778-3p,hsa_circ_0015704
hsa-miR-4778-3p,hsa_circ_0015708
hsa-miR-4778-3p,hsa_circ_0015709
hsa-miR-505-5p,hsa_circ_0049113
hsa-miR-505-5p,hsa_circ_0049120
hsa-miR-505-5p,hsa_circ_0049122
hsa-miR-608,hsa_circ_0091809
hsa-miR-619-5p,hsa_circ_0079994
hsa-miR-6720-5p,hsa_circ_0000388
hsa-miR-6730-3p,hsa_circ_0020279
hsa-miR-6730-3p,hsa_circ_0020280
hsa-miR-676-3p,hsa_circ_0055735
hsa-miR-676-3p,hsa_circ_0055736
hsa-miR-676-3p,hsa_circ_0055738
hsa-miR-6809-3p,hsa_circ_0072883
hsa-miR-6809-3p,hsa_circ_0072884
hsa-miR-6809-3p,hsa_circ_0072886
hsa-miR-7111-5p,hsa_circ_0032902
hsa-miR-7112-5p,hsa_circ_0082885
hsa-miR-93-3p,hsa_circ_0013875
hsa-miR-149-3p,hsa_circ_0022834
hsa-miR-149-3p,hsa_circ_0022836
hsa-miR-188-3p,hsa_circ_0079395
hsa-miR-2054,hsa_circ_0000215
hsa-miR-23a-3p,hsa_circ_0052115
hsa-miR-29a-3p,hsa_circ_0044539
hsa-miR-29c-3p,hsa_circ_0081063
hsa-miR-29c-3p,hsa_circ_0081065
hsa-miR-29c-3p,hsa_circ_0081066
hsa-miR-29c-3p,hsa_circ_0081081
hsa-miR-29c-3p,hsa_circ_0081085
hsa-miR-29c-3p,hsa_circ_0081090
hsa-miR-29c-3p,hsa_circ_0081091
hsa-miR-29c-3p,hsa_circ_0081095
hsa-miR-29c-3p,hsa_circ_0081096
hsa-miR-29c-3p,hsa_circ_0081102
hsa-miR-29c-3p,hsa_circ_0081107
hsa-miR-29c-3p,hsa_circ_0081108
hsa-miR-29c-3p,hsa_circ_0081110
hsa-miR-29c-3p,hsa_circ_0081111
hsa-miR-29c-3p,hsa_circ_0081114
hsa-miR-29c-3p,hsa_circ_0081115
hsa-miR-29c-3p,hsa_circ_0081116
hsa-miR-29c-3p,hsa_circ_0081120
hsa-miR-29c-3p,hsa_circ_0081122
hsa-miR-29c-3p,hsa_circ_0081123
hsa-miR-29c-3p,hsa_circ_0081125
hsa-miR-29c-3p,hsa_circ_0081129
hsa-miR-29c-3p,hsa_circ_0081130
hsa-miR-29c-3p,hsa_circ_0081131
hsa-miR-29c-3p,hsa_circ_0081133
hsa-miR-29c-3p,hsa_circ_0081134
hsa-miR-29c-3p,hsa_circ_0081135
hsa-miR-29c-3p,hsa_circ_0081136
hsa-miR-29c-3p,hsa_circ_0081137
hsa-miR-29c-3p,hsa_circ_0081138
hsa-miR-3120-5p,hsa_circ_0055230
hsa-miR-3120-5p,hsa_circ_0055233
hsa-miR-3120-5p,hsa_circ_0055235
hsa-miR-3120-5p,hsa_circ_0055236
hsa-miR-3120-5p,hsa_circ_0055237
hsa-miR-3120-5p,hsa_circ_0055239
hsa-miR-3137,hsa_circ_0049104
hsa-miR-3137,hsa_circ_0049105
hsa-miR-3171,hsa_circ_0000215
hsa-miR-4437,hsa_circ_0034154
hsa-miR-4478,hsa_circ_0038898
hsa-miR-4722-5p,hsa_circ_0081678
hsa-miR-4733-3p,hsa_circ_0044546
hsa-miR-619-5p,hsa_circ_0001731
hsa-miR-6868-5p,hsa_circ_0082878
hsa-miR-6868-5p,hsa_circ_0082879
hsa-miR-877-3p,hsa_circ_0016773
hsa-miR-877-3p,hsa_circ_0016775
hsa-miR-877-3p,hsa_circ_0016776
hsa-miR-185-3p,hsa_circ_0020316
hsa-miR-188-3p,hsa_circ_0052290
hsa-miR-29b-3p,hsa_circ_0044548
hsa-miR-29b-3p,hsa_circ_0044549
hsa-miR-3064-5p,hsa_circ_0027147
hsa-miR-3064-5p,hsa_circ_0027148
hsa-miR-3187-5p,hsa_circ_0010694
hsa-miR-3187-5p,hsa_circ_0010695
hsa-miR-3187-5p,hsa_circ_0010702
hsa-miR-378f,hsa_circ_0048499
hsa-miR-4506,hsa_circ_0020283
hsa-miR-4747-5p,hsa_circ_0014323
hsa-miR-4747-5p,hsa_circ_0014324
hsa-miR-4747-5p,hsa_circ_0014326
hsa-miR-4747-5p,hsa_circ_0014327
hsa-miR-4747-5p,hsa_circ_0079070
hsa-miR-4778-3p,hsa_circ_0072887
hsa-miR-655-3p,hsa_circ_0000215
hsa-miR-6791-3p,hsa_circ_0052003
hsa-miR-6845-5p,hsa_circ_0044522
hsa-miR-6845-5p,hsa_circ_0044524
hsa-miR-6845-5p,hsa_circ_0044529
hsa-miR-6845-5p,hsa_circ_0044536
hsa-miR-6849-3p,hsa_circ_0087637
hsa-miR-6849-3p,hsa_circ_0087638
hsa-miR-6849-3p,hsa_circ_0087639
hsa-miR-6849-3p,hsa_circ_0087640
hsa-miR-153-5p,hsa_circ_0061672
hsa-miR-214-3p,hsa_circ_0044504
hsa-miR-30b-3p,hsa_circ_0004454
hsa-miR-3619-5p,hsa_circ_0044550
hsa-miR-4505,hsa_circ_0048499
hsa-miR-4679,hsa_circ_0071662
hsa-miR-508-5p,hsa_circ_0072808
hsa-miR-508-5p,hsa_circ_0072809
hsa-miR-508-5p,hsa_circ_0072817
hsa-miR-508-5p,hsa_circ_0072819
hsa-miR-508-5p,hsa_circ_0072821
hsa-miR-508-5p,hsa_circ_0072850
hsa-miR-508-5p,hsa_circ_0072851
hsa-miR-637,hsa_circ_0046339
hsa-miR-6720-5p,hsa_circ_0038898
hsa-miR-6791-5p,hsa_circ_0082881
hsa-miR-6849-3p,hsa_circ_0004454
hsa-miR-6882-3p,hsa_circ_0010549
hsa-miR-6882-3p,hsa_circ_0010553
hsa-miR-6882-3p,hsa_circ_0068882
hsa-miR-6893-3p,hsa_circ_0062093
hsa-miR-6893-3p,hsa_circ_0062099
hsa-miR-93-3p,hsa_circ_0078314
hsa-miR-93-3p,hsa_circ_0078315
hsa-miR-939-5p,hsa_circ_0002172
hsa-miR-939-5p,hsa_circ_0089776
hsa-miR-1908-3p,hsa_circ_0089771
hsa-miR-3619-5p,hsa_circ_0044507
hsa-miR-3619-5p,hsa_circ_0044541
hsa-miR-3619-5p,hsa_circ_0044545
hsa-miR-4659b-3p,hsa_circ_0080940
hsa-miR-4739,hsa_circ_0044398
hsa-miR-4739,hsa_circ_0044401
hsa-miR-4739,hsa_circ_0044403
hsa-miR-4739,hsa_circ_0044404
hsa-miR-6731-5p,hsa_circ_0041864
hsa-miR-6731-5p,hsa_circ_0041876
hsa-miR-6731-5p,hsa_circ_0041881
hsa-miR-6731-5p,hsa_circ_0041887
hsa-miR-6731-5p,hsa_circ_0041888
hsa-miR-6731-5p,hsa_circ_0041890
hsa-miR-6731-5p,hsa_circ_0041891
hsa-miR-6736-3p,hsa_circ_0060079
hsa-miR-6760-3p,hsa_circ_0055727
hsa-miR-6760-3p,hsa_circ_0055728
hsa-miR-6760-3p,hsa_circ_0055735
hsa-miR-6760-3p,hsa_circ_0055736
hsa-miR-6760-3p,hsa_circ_0055738
hsa-miR-6769a-5p,hsa_circ_0049113
hsa-miR-6843-3p,hsa_circ_0048499
hsa-miR-6845-5p,hsa_circ_0044512
hsa-miR-6882-3p,hsa_circ_0010541
hsa-miR-8073,hsa_circ_0061535
hsa-miR-8073,hsa_circ_0061536
hsa-miR-181d-5p,hsa_circ_0050767
hsa-miR-181d-5p,hsa_circ_0051055
hsa-miR-2861,hsa_circ_0010541
hsa-miR-3137,hsa_circ_0049115
hsa-miR-3137,hsa_circ_0049116
hsa-miR-3137,hsa_circ_0049120
hsa-miR-3137,hsa_circ_0049122
hsa-miR-3137,hsa_circ_0049125
hsa-miR-3196,hsa_circ_0016307
hsa-miR-3196,hsa_circ_0016308
hsa-miR-3619-5p,hsa_circ_0081130
hsa-miR-3652,hsa_circ_0015199
hsa-miR-3652,hsa_circ_0015204
hsa-miR-3652,hsa_circ_0015212
hsa-miR-3652,hsa_circ_0015213
hsa-miR-3652,hsa_circ_0015214
hsa-miR-3652,hsa_circ_0015216
hsa-miR-3652,hsa_circ_0015217
hsa-miR-3652,hsa_circ_0015218
hsa-miR-3652,hsa_circ_0015221
hsa-miR-3652,hsa_circ_0015222
hsa-miR-3652,hsa_circ_0015223
hsa-miR-3652,hsa_circ_0015226
hsa-miR-3652,hsa_circ_0015227
hsa-miR-4722-5p,hsa_circ_0060490
hsa-miR-520h,hsa_circ_0055327
hsa-miR-608,hsa_circ_0010089
hsa-miR-6732-5p,hsa_circ_0009565
hsa-miR-6744-3p,hsa_circ_0016777
hsa-miR-6779-5p,hsa_circ_0000939
hsa-miR-6895-5p,hsa_circ_0044553
hsa-miR-6895-5p,hsa_circ_0044559
hsa-miR-6895-5p,hsa_circ_0044560
hsa-miR-93-3p,hsa_circ_0078312
hsa-miR-93-3p,hsa_circ_0078313
hsa-miR-2861,hsa_circ_0010572
hsa-miR-3619-5p,hsa_circ_0081136
hsa-miR-3619-5p,hsa_circ_0081146
hsa-miR-4494,hsa_circ_0049106
hsa-miR-4494,hsa_circ_0049109
hsa-miR-4494,hsa_circ_0049111
hsa-miR-4494,hsa_circ_0049112
hsa-miR-4778-3p,hsa_circ_0015699
hsa-miR-6852-3p,hsa_circ_0016773
hsa-miR-6852-3p,hsa_circ_0016775
hsa-miR-6852-3p,hsa_circ_0016776
hsa-miR-6852-3p,hsa_circ_0016777
hsa-miR-6852-3p,hsa_circ_0016778
hsa-miR-6883-5p,hsa_circ_0007740
hsa-miR-181a-5p,hsa_circ_0055601
hsa-miR-2861,hsa_circ_0041143
hsa-miR-3614-5p,hsa_circ_0020279
hsa-miR-3614-5p,hsa_circ_0020280
hsa-miR-3974,hsa_circ_0049109
hsa-miR-3974,hsa_circ_0049110
hsa-miR-3974,hsa_circ_0049112
hsa-miR-3974,hsa_circ_0049113
hsa-miR-4722-5p,hsa_circ_0002769
hsa-miR-5100,hsa_circ_0020282
hsa-miR-608,hsa_circ_0029875
hsa-miR-608,hsa_circ_0029876
hsa-miR-608,hsa_circ_0029877
hsa-miR-608,hsa_circ_0029878
hsa-miR-608,hsa_circ_0029879
hsa-miR-608,hsa_circ_0029880
hsa-miR-608,hsa_circ_0029881
hsa-miR-608,hsa_circ_0029882
hsa-miR-608,hsa_circ_0029883
hsa-miR-6720-5p,hsa_circ_0014789
hsa-miR-6769a-3p,hsa_circ_0014209
hsa-miR-6769a-3p,hsa_circ_0014210
hsa-miR-6802-3p,hsa_circ_0071667
hsa-miR-8063,hsa_circ_0046560
hsa-miR-23c,hsa_circ_0050314
hsa-miR-3144-5p,hsa_circ_0079070
hsa-miR-3620-3p,hsa_circ_0002172
hsa-miR-3620-3p,hsa_circ_0089776
hsa-miR-4420,hsa_circ_0062086
hsa-miR-4420,hsa_circ_0062087
hsa-miR-4420,hsa_circ_0062088
hsa-miR-4420,hsa_circ_0062089
hsa-miR-4420,hsa_circ_0062091
hsa-miR-4420,hsa_circ_0062092
hsa-miR-4420,hsa_circ_0062093
hsa-miR-6072,hsa_circ_0058667
hsa-miR-6072,hsa_circ_0058672
hsa-miR-6072,hsa_circ_0058673
hsa-miR-20b-3p,hsa_circ_0059143
hsa-miR-23b-3p,hsa_circ_0052115
hsa-miR-23c,hsa_circ_0050307
hsa-miR-23c,hsa_circ_0050308
hsa-miR-30b-3p,hsa_circ_0041257
hsa-miR-30b-3p,hsa_circ_0042176
hsa-miR-30b-3p,hsa_circ_0042177
hsa-miR-30b-3p,hsa_circ_0042178
hsa-miR-3651,hsa_circ_0020283
hsa-miR-4722-5p,hsa_circ_0043314
hsa-miR-619-5p,hsa_circ_0007710
hsa-miR-619-5p,hsa_circ_0015531
hsa-miR-6849-3p,hsa_circ_0009514
hsa-miR-6849-3p,hsa_circ_0009515
hsa-miR-6849-3p,hsa_circ_0009516
hsa-miR-6849-3p,hsa_circ_0009517
hsa-miR-6849-3p,hsa_circ_0009518
hsa-miR-6849-3p,hsa_circ_0009519
hsa-miR-3135b,hsa_circ_0051048
hsa-miR-4254,hsa_circ_0049111
hsa-miR-619-5p,hsa_circ_0012557
hsa-miR-619-5p,hsa_circ_0012561
hsa-miR-619-5p,hsa_circ_0012562
hsa-miR-8485,hsa_circ_0089048
hsa-miR-1470,hsa_circ_0048087
hsa-miR-559,hsa_circ_0009180
hsa-miR-6849-3p,hsa_circ_0004192
hsa-miR-1537-5p,hsa_circ_0079394
hsa-miR-20b-3p,hsa_circ_0050102
hsa-miR-3127-3p,hsa_circ_0014209
hsa-miR-3127-3p,hsa_circ_0014210
hsa-miR-619-5p,hsa_circ_0075898
hsa-miR-6784-3p,hsa_circ_0048085
hsa-miR-6784-3p,hsa_circ_0048086
hsa-miR-6784-3p,hsa_circ_0048088
hsa-miR-6784-3p,hsa_circ_0048089
hsa-miR-1202,hsa_circ_0020279
hsa-miR-1202,hsa_circ_0020282
hsa-miR-1202,hsa_circ_0020283
hsa-miR-30c-1-3p,hsa_circ_0020282
hsa-miR-30c-1-3p,hsa_circ_0020283
hsa-miR-340-3p,hsa_circ_0005266
hsa-miR-431-5p,hsa_circ_0013875
hsa-miR-4515,hsa_circ_0020280
hsa-miR-665,hsa_circ_0049113
hsa-miR-6815-3p,hsa_circ_0059689
hsa-miR-6895-5p,hsa_circ_0049104
hsa-miR-6895-5p,hsa_circ_0049105
hsa-miR-6895-5p,hsa_circ_0049106
hsa-miR-7114-5p,hsa_circ_0049109
hsa-miR-1321,hsa_circ_0057955
hsa-miR-3127-5p,hsa_circ_0001666
hsa-miR-3127-5p,hsa_circ_0078767
hsa-miR-3127-5p,hsa_circ_0078768
hsa-miR-3127-5p,hsa_circ_0078769
hsa-miR-3127-5p,hsa_circ_0078770
hsa-miR-3127-5p,hsa_circ_0078771
hsa-miR-3654,hsa_circ_0079070
hsa-miR-619-5p,hsa_circ_0000062
hsa-miR-619-5p,hsa_circ_0000245
hsa-miR-6895-5p,hsa_circ_0049111
hsa-miR-6895-5p,hsa_circ_0049113
hsa-miR-6895-5p,hsa_circ_0044508
hsa-miR-6895-5p,hsa_circ_0044515
hsa-miR-6895-5p,hsa_circ_0044516
hsa-miR-6895-5p,hsa_circ_0044532
hsa-miR-20b-3p,hsa_circ_0060490
hsa-miR-619-5p,hsa_circ_0006177
hsa-miR-23c,hsa_circ_0050272
hsa-miR-1277-5p,hsa_circ_0038403
hsa-miR-1285-3p,hsa_circ_0004192
hsa-miR-4728-5p,hsa_circ_0057955
hsa-miR-619-5p,hsa_circ_0078873
hsa-miR-205-5p,hsa_circ_0020279
hsa-miR-205-5p,hsa_circ_0020282
hsa-miR-374b-5p,hsa_circ_0000215
hsa-miR-382-3p,hsa_circ_0020280
hsa-miR-4745-3p,hsa_circ_0020283
hsa-miR-605-3p,hsa_circ_0055728
hsa-miR-619-5p,hsa_circ_0080701
hsa-miR-619-5p,hsa_circ_0080702
hsa-miR-622,hsa_circ_0049106
hsa-miR-622,hsa_circ_0049113
hsa-miR-622,hsa_circ_0049115
hsa-miR-622,hsa_circ_0049116
hsa-miR-6844,hsa_circ_0029351
hsa-miR-6844,hsa_circ_0029353
hsa-miR-6858-5p,hsa_circ_0061989
hsa-miR-7113-3p,hsa_circ_0013875
hsa-miR-619-5p,hsa_circ_0024503
hsa-miR-619-5p,hsa_circ_0009878
hsa-miR-1285-3p,hsa_circ_0070741
hsa-miR-619-5p,hsa_circ_0001244
hsa-miR-765,hsa_circ_0079254
hsa-miR-1285-3p,hsa_circ_0089048
hsa-miR-619-5p,hsa_circ_0075959
hsa-miR-1285-3p,hsa_circ_0016162
hsa-miR-1285-3p,hsa_circ_0016165
hsa-miR-619-5p,hsa_circ_0018230
hsa-miR-3925-3p,hsa_circ_0086175
hsa-miR-619-5p,hsa_circ_0052094
hsa-miR-619-5p,hsa_circ_0028093
hsa-miR-619-5p,hsa_circ_0073739
hsa-miR-619-5p,hsa_circ_0073742
hsa-miR-619-5p,hsa_circ_0078806
hsa-miR-619-5p,hsa_circ_0078807
hsa-miR-619-5p,hsa_circ_0018355
hsa-miR-619-5p,hsa_circ_0025834
hsa-miR-1285-3p,hsa_circ_0037987
hsa-miR-619-5p,hsa_circ_0089792
hsa-miR-619-5p,hsa_circ_0035119
hsa-miR-619-5p,hsa_circ_0000388
hsa-miR-1285-3p,hsa_circ_0006648
hsa-miR-619-5p,hsa_circ_0075921
hsa-miR-1285-3p,hsa_circ_0063518
hsa-miR-574-5p,hsa_circ_0034112
hsa-miR-619-5p,hsa_circ_0047831
hsa-miR-619-5p,hsa_circ_0000965
hsa-miR-619-5p,hsa_circ_0054632
hsa-miR-619-5p,hsa_circ_0054633
hsa-miR-6756-5p,hsa_circ_0033537
hsa-miR-6756-5p,hsa_circ_0033539
hsa-miR-4493,hsa_circ_0006984
hsa-miR-1285-3p,hsa_circ_0010055
hsa-miR-619-5p,hsa_circ_0075784
hsa-miR-1273h-5p,hsa_circ_0010055
hsa-miR-1285-3p,hsa_circ_0063516
hsa-miR-1285-3p,hsa_circ_0063533
hsa-miR-1277-5p,hsa_circ_0025469
hsa-miR-1277-5p,hsa_circ_0025470
hsa-miR-1277-5p,hsa_circ_0025471
hsa-miR-619-5p,hsa_circ_0002171
hsa-miR-574-5p,hsa_circ_0004933
hsa-miR-7851-3p,hsa_circ_0050233
hsa-miR-8089,hsa_circ_0049110
hsa-miR-8089,hsa_circ_0049113
hsa-miR-1304-3p,hsa_circ_0070741
hsa-miR-181b-5p,hsa_circ_0035149
hsa-miR-181b-5p,hsa_circ_0035152
hsa-miR-4712-5p,hsa_circ_0027196
hsa-miR-4712-5p,hsa_circ_0027202
hsa-miR-619-5p,hsa_circ_0010148
hsa-miR-619-5p,hsa_circ_0026319
hsa-miR-6089,hsa_circ_0081596
hsa-miR-181d-5p,hsa_circ_0035149
hsa-miR-181d-5p,hsa_circ_0035152
hsa-miR-6089,hsa_circ_0044246
hsa-miR-646,hsa_circ_0013872
hsa-miR-877-3p,hsa_circ_0003702
hsa-miR-877-3p,hsa_circ_0007963
hsa-miR-877-3p,hsa_circ_0040428
hsa-miR-877-3p,hsa_circ_0040430
hsa-miR-877-3p,hsa_circ_0040432
hsa-miR-20a-5p,hsa_circ_0017040
hsa-miR-877-3p,hsa_circ_0066046
hsa-miR-877-3p,hsa_circ_0066050
hsa-miR-877-3p,hsa_circ_0066051
hsa-miR-877-3p,hsa_circ_0066052
hsa-miR-106b-5p,hsa_circ_0009652
hsa-miR-1285-3p,hsa_circ_0019789
hsa-miR-1285-3p,hsa_circ_0019793
hsa-miR-1285-3p,hsa_circ_0019795
hsa-miR-1285-3p,hsa_circ_0019796
hsa-miR-1285-3p,hsa_circ_0026211
hsa-miR-1304-3p,hsa_circ_0080666
hsa-miR-3960,hsa_circ_0028936
hsa-miR-4685-5p,hsa_circ_0020662
hsa-miR-6089,hsa_circ_0068940
hsa-miR-3614-3p,hsa_circ_0055724
hsa-miR-6886-3p,hsa_circ_0089428
hsa-miR-6886-3p,hsa_circ_0089429
hsa-miR-6886-3p,hsa_circ_0089433
hsa-miR-6886-3p,hsa_circ_0089440
hsa-miR-1183,hsa_circ_0049109
hsa-miR-1183,hsa_circ_0049112
hsa-miR-1183,hsa_circ_0049120
hsa-miR-1183,hsa_circ_0049122
hsa-miR-106a-5p,hsa_circ_0017040
hsa-miR-17-5p,hsa_circ_0017040
hsa-miR-1304-3p,hsa_circ_0006177
hsa-miR-1304-3p,hsa_circ_0043298
hsa-miR-3613-3p,hsa_circ_0081678
hsa-miR-4712-5p,hsa_circ_0027147
hsa-miR-4712-5p,hsa_circ_0027148
hsa-miR-6089,hsa_circ_0009519
hsa-miR-877-3p,hsa_circ_0063509
hsa-miR-877-3p,hsa_circ_0063510
hsa-miR-877-3p,hsa_circ_0063511
hsa-miR-877-3p,hsa_circ_0063512
hsa-miR-877-3p,hsa_circ_0063513
hsa-miR-877-3p,hsa_circ_0063514
hsa-miR-877-3p,hsa_circ_0063515
hsa-miR-877-3p,hsa_circ_0063516
hsa-miR-877-3p,hsa_circ_0063517
hsa-miR-877-3p,hsa_circ_0063519
hsa-miR-877-3p,hsa_circ_0063522
hsa-miR-877-3p,hsa_circ_0063523
hsa-miR-877-3p,hsa_circ_0063524
hsa-miR-877-3p,hsa_circ_0063525
hsa-miR-877-3p,hsa_circ_0063526
hsa-miR-1273h-5p,hsa_circ_0078483
hsa-miR-20b-5p,hsa_circ_0017040
hsa-miR-877-3p,hsa_circ_0013997
hsa-miR-1304-3p,hsa_circ_0004454
hsa-miR-1304-3p,hsa_circ_0038605
hsa-miR-181d-5p,hsa_circ_0035161
hsa-miR-3614-3p,hsa_circ_0055733
hsa-miR-3620-5p,hsa_circ_0010574
hsa-miR-3620-5p,hsa_circ_0010583
hsa-miR-3620-5p,hsa_circ_0010606
hsa-miR-3620-5p,hsa_circ_0010607
hsa-miR-3620-5p,hsa_circ_0010608
hsa-miR-3620-5p,hsa_circ_0010609
hsa-miR-3620-5p,hsa_circ_0010610
hsa-miR-3620-5p,hsa_circ_0010624
hsa-miR-3620-5p,hsa_circ_0010625
hsa-miR-3620-5p,hsa_circ_0010626
hsa-miR-3620-5p,hsa_circ_0010647
hsa-miR-3620-5p,hsa_circ_0010648
hsa-miR-3620-5p,hsa_circ_0010649
hsa-miR-3620-5p,hsa_circ_0010650
hsa-miR-3620-5p,hsa_circ_0010654
hsa-miR-3620-5p,hsa_circ_0010658
hsa-miR-3620-5p,hsa_circ_0010664
hsa-miR-541-3p,hsa_circ_0049113
hsa-miR-665,hsa_circ_0080692
hsa-miR-6780b-3p,hsa_circ_0065398
hsa-miR-6780b-3p,hsa_circ_0065405
hsa-miR-5189-5p,hsa_circ_0034157
hsa-miR-6756-5p,hsa_circ_0048813
hsa-miR-106a-5p,hsa_circ_0075924
hsa-miR-1304-5p,hsa_circ_0009180
hsa-miR-135b-5p,hsa_circ_0051372
hsa-miR-17-5p,hsa_circ_0075924
hsa-miR-20a-5p,hsa_circ_0027022
hsa-miR-619-5p,hsa_circ_0018742
hsa-miR-877-3p,hsa_circ_0014789
hsa-miR-106a-5p,hsa_circ_0009652
hsa-miR-106b-5p,hsa_circ_0004454
hsa-miR-1303,hsa_circ_0013310
hsa-miR-17-5p,hsa_circ_0009652
hsa-miR-20a-5p,hsa_circ_0009652
hsa-miR-20b-5p,hsa_circ_0009652
hsa-miR-4644,hsa_circ_0050973
hsa-miR-5193,hsa_circ_0044768
hsa-miR-1285-3p,hsa_circ_0039972
hsa-miR-4685-5p,hsa_circ_0050044
hsa-miR-1273h-5p,hsa_circ_0002171
hsa-miR-3620-5p,hsa_circ_0020279
hsa-miR-4685-5p,hsa_circ_0079109
hsa-miR-4685-5p,hsa_circ_0079111
hsa-miR-4685-5p,hsa_circ_0079112
hsa-miR-4685-5p,hsa_circ_0079113
hsa-miR-4685-5p,hsa_circ_0079114
hsa-miR-4712-5p,hsa_circ_0049113
hsa-miR-5193,hsa_circ_0063518
hsa-miR-6796-5p,hsa_circ_0049115
hsa-miR-6796-5p,hsa_circ_0049116
hsa-miR-6796-5p,hsa_circ_0049120
hsa-miR-3960,hsa_circ_0041373
hsa-miR-762,hsa_circ_0064191
hsa-miR-1277-5p,hsa_circ_0029203
hsa-miR-3620-5p,hsa_circ_0062583
hsa-miR-3620-5p,hsa_circ_0062585
hsa-miR-637,hsa_circ_0058199
hsa-miR-6780a-3p,hsa_circ_0082480
hsa-miR-7851-3p,hsa_circ_0081378
hsa-miR-885-3p,hsa_circ_0026929
hsa-miR-93-5p,hsa_circ_0004454
hsa-miR-93-5p,hsa_circ_0009652
hsa-miR-1273h-5p,hsa_circ_0089785
hsa-miR-3187-5p,hsa_circ_0026093
hsa-miR-3187-5p,hsa_circ_0026096
hsa-miR-6827-5p,hsa_circ_0010667
hsa-miR-6894-5p,hsa_circ_0049109
hsa-miR-6894-5p,hsa_circ_0049112
hsa-miR-6894-5p,hsa_circ_0049122
hsa-miR-1273h-5p,hsa_circ_0040947
hsa-miR-1285-3p,hsa_circ_0039142
hsa-miR-106a-5p,hsa_circ_0027022
hsa-miR-17-5p,hsa_circ_0027022
hsa-miR-20b-5p,hsa_circ_0027022
hsa-miR-6807-3p,hsa_circ_0029218
hsa-miR-6860,hsa_circ_0026093
hsa-miR-6860,hsa_circ_0026096
hsa-miR-6860,hsa_circ_0026097
hsa-miR-93-5p,hsa_circ_0017040
hsa-miR-93-5p,hsa_circ_0055327
hsa-miR-1304-5p,hsa_circ_0081590
hsa-miR-4685-5p,hsa_circ_0034156
hsa-miR-6734-3p,hsa_circ_0051055
hsa-miR-6735-5p,hsa_circ_0022960
hsa-miR-6827-5p,hsa_circ_0010639
hsa-miR-6827-5p,hsa_circ_0010655
hsa-miR-6827-5p,hsa_circ_0010661
hsa-miR-6827-5p,hsa_circ_0010666
hsa-miR-6891-3p,hsa_circ_0042653
hsa-miR-762,hsa_circ_0043767
hsa-miR-1273h-5p,hsa_circ_0019519
hsa-miR-1273h-5p,hsa_circ_0080692
hsa-miR-1304-3p,hsa_circ_0005983
hsa-miR-328-3p,hsa_circ_0034154
hsa-miR-373-3p,hsa_circ_0062544
hsa-miR-4259,hsa_circ_0017198
hsa-miR-4644,hsa_circ_0008578
hsa-miR-612,hsa_circ_0010632
hsa-miR-106b-5p,hsa_circ_0077011
hsa-miR-181b-5p,hsa_circ_0053896
hsa-miR-181b-5p,hsa_circ_0053906
hsa-miR-181d-5p,hsa_circ_0053896
hsa-miR-181d-5p,hsa_circ_0053906
hsa-miR-4763-3p,hsa_circ_0081230
hsa-miR-4763-3p,hsa_circ_0081232
hsa-miR-4763-3p,hsa_circ_0081236
hsa-miR-4763-3p,hsa_circ_0081237
hsa-miR-4763-3p,hsa_circ_0081239
hsa-miR-4763-3p,hsa_circ_0081249
hsa-miR-4763-3p,hsa_circ_0081255
hsa-miR-5193,hsa_circ_0025553
hsa-miR-6779-5p,hsa_circ_0082817
hsa-miR-1249-5p,hsa_circ_0003960
hsa-miR-1249-5p,hsa_circ_0009085
hsa-miR-1249-5p,hsa_circ_0013827
hsa-miR-1273h-5p,hsa_circ_0006922
hsa-miR-1277-5p,hsa_circ_0027690
hsa-miR-1277-5p,hsa_circ_0027697
hsa-miR-1277-5p,hsa_circ_0027698
hsa-miR-1285-3p,hsa_circ_0085812
hsa-miR-3960,hsa_circ_0023167
hsa-miR-466,hsa_circ_0079533
hsa-miR-4728-5p,hsa_circ_0038209
hsa-miR-4763-3p,hsa_circ_0009236
hsa-miR-6775-5p,hsa_circ_0038203
hsa-miR-6807-3p,hsa_circ_0004192
hsa-miR-6827-5p,hsa_circ_0010596
hsa-miR-6827-5p,hsa_circ_0010619
hsa-miR-6878-3p,hsa_circ_0063085
hsa-miR-877-3p,hsa_circ_0044769
hsa-miR-939-3p,hsa_circ_0026579
hsa-miR-1285-3p,hsa_circ_0048844
hsa-miR-1303,hsa_circ_0062544
hsa-miR-181b-5p,hsa_circ_0073787
hsa-miR-5196-5p,hsa_circ_0037999
hsa-miR-6085,hsa_circ_0089547
hsa-miR-619-5p,hsa_circ_0003360
hsa-miR-6756-5p,hsa_circ_0048033
hsa-miR-6756-5p,hsa_circ_0048034
hsa-miR-6756-5p,hsa_circ_0048035
hsa-miR-6756-5p,hsa_circ_0048036
hsa-miR-6756-5p,hsa_circ_0048037
hsa-miR-6756-5p,hsa_circ_0048038
hsa-miR-6756-5p,hsa_circ_0048039
hsa-miR-6796-5p,hsa_circ_0049099
hsa-miR-6796-5p,hsa_circ_0049103
hsa-miR-6803-5p,hsa_circ_0080684
hsa-miR-6803-5p,hsa_circ_0080685
hsa-miR-6807-3p,hsa_circ_0014789
hsa-miR-939-5p,hsa_circ_0081505
hsa-miR-939-5p,hsa_circ_0081506
hsa-miR-939-5p,hsa_circ_0081507
hsa-miR-939-5p,hsa_circ_0081508
hsa-miR-939-5p,hsa_circ_0081509
hsa-miR-939-5p,hsa_circ_0081510
hsa-miR-106b-5p,hsa_circ_0062544
hsa-miR-143-5p,hsa_circ_0077011
hsa-miR-3929,hsa_circ_0009046
hsa-miR-4502,hsa_circ_0052316
hsa-miR-4640-5p,hsa_circ_0040867
hsa-miR-4685-5p,hsa_circ_0058665
hsa-miR-3613-3p,hsa_circ_0042176
hsa-miR-3613-3p,hsa_circ_0042177
hsa-miR-3613-3p,hsa_circ_0042178
hsa-miR-4259,hsa_circ_0009180
hsa-miR-466,hsa_circ_0005885
hsa-miR-4685-5p,hsa_circ_0042061
hsa-miR-4728-5p,hsa_circ_0012551
hsa-miR-4728-5p,hsa_circ_0020316
hsa-miR-4739,hsa_circ_0022825
hsa-miR-4739,hsa_circ_0022827
hsa-miR-4751,hsa_circ_0091300
hsa-miR-4751,hsa_circ_0091302
hsa-miR-4763-3p,hsa_circ_0014031
hsa-miR-6803-5p,hsa_circ_0033537
hsa-miR-6803-5p,hsa_circ_0033538
hsa-miR-6803-5p,hsa_circ_0033539
hsa-miR-6894-5p,hsa_circ_0049129
hsa-miR-762,hsa_circ_0052235
hsa-miR-877-3p,hsa_circ_0031275
hsa-miR-877-3p,hsa_circ_0046914
hsa-miR-877-3p,hsa_circ_0046917
hsa-miR-877-3p,hsa_circ_0046918
hsa-miR-877-3p,hsa_circ_0046919
hsa-miR-877-3p,hsa_circ_0046920
hsa-miR-877-3p,hsa_circ_0046922
hsa-miR-3925-3p,hsa_circ_0029593
hsa-miR-3925-3p,hsa_circ_0029594
hsa-miR-4726-5p,hsa_circ_0019926
hsa-miR-4739,hsa_circ_0084793
hsa-miR-4739,hsa_circ_0084794
hsa-miR-5580-5p,hsa_circ_0049099
hsa-miR-5580-5p,hsa_circ_0049103
hsa-miR-6089,hsa_circ_0030834
hsa-miR-612,hsa_circ_0086916
hsa-miR-668-3p,hsa_circ_0029351
hsa-miR-668-3p,hsa_circ_0029353
hsa-miR-106a-5p,hsa_circ_0004454
hsa-miR-1268b,hsa_circ_0063516
hsa-miR-1268b,hsa_circ_0063533
hsa-miR-1273h-5p,hsa_circ_0035876
hsa-miR-1277-5p,hsa_circ_0007600
hsa-miR-1303,hsa_circ_0091456
hsa-miR-17-5p,hsa_circ_0004454
hsa-miR-181d-5p,hsa_circ_0073787
hsa-miR-20a-5p,hsa_circ_0004454
hsa-miR-20b-5p,hsa_circ_0004454
hsa-miR-4677-5p,hsa_circ_0015199
hsa-miR-4677-5p,hsa_circ_0015204
hsa-miR-4677-5p,hsa_circ_0015212
hsa-miR-4677-5p,hsa_circ_0015213
hsa-miR-4677-5p,hsa_circ_0015214
hsa-miR-4677-5p,hsa_circ_0015216
hsa-miR-4677-5p,hsa_circ_0015217
hsa-miR-4677-5p,hsa_circ_0015218
hsa-miR-4685-5p,hsa_circ_0048391
hsa-miR-4728-5p,hsa_circ_0058914
hsa-miR-4779,hsa_circ_0068917
hsa-miR-6756-5p,hsa_circ_0051282
hsa-miR-6780b-3p,hsa_circ_0065407
hsa-miR-762,hsa_circ_0049122
hsa-miR-762,hsa_circ_0066036
hsa-miR-762,hsa_circ_0066046
hsa-miR-762,hsa_circ_0066050
hsa-miR-1249-5p,hsa_circ_0082561
hsa-miR-1249-5p,hsa_circ_0082562
hsa-miR-1273h-5p,hsa_circ_0078852
hsa-miR-1273h-5p,hsa_circ_0078853
hsa-miR-1303,hsa_circ_0039778
hsa-miR-1303,hsa_circ_0039779
hsa-miR-1303,hsa_circ_0039780
hsa-miR-1909-3p,hsa_circ_0091806
hsa-miR-1909-3p,hsa_circ_0091807
hsa-miR-1909-3p,hsa_circ_0091808
hsa-miR-3159,hsa_circ_0076600
hsa-miR-4722-5p,hsa_circ_0058284
hsa-miR-4763-3p,hsa_circ_0015996
hsa-miR-5580-5p,hsa_circ_0049111
hsa-miR-5580-5p,hsa_circ_0049112
hsa-miR-5580-5p,hsa_circ_0049113
hsa-miR-612,hsa_circ_0086901
hsa-miR-612,hsa_circ_0086902
hsa-miR-612,hsa_circ_0086903
hsa-miR-612,hsa_circ_0086907
hsa-miR-6734-3p,hsa_circ_0032950
hsa-miR-6734-3p,hsa_circ_0032951
hsa-miR-6752-5p,hsa_circ_0050815
hsa-miR-6807-3p,hsa_circ_0016162
hsa-miR-6807-3p,hsa_circ_0016165
hsa-miR-6836-5p,hsa_circ_0040225
hsa-miR-6878-3p,hsa_circ_0091262
hsa-miR-106a-5p,hsa_circ_0077011
hsa-miR-106b-5p,hsa_circ_0050102
hsa-miR-143-5p,hsa_circ_0019789
hsa-miR-143-5p,hsa_circ_0019793
hsa-miR-143-5p,hsa_circ_0019795
hsa-miR-143-5p,hsa_circ_0019796
hsa-miR-17-5p,hsa_circ_0077011
hsa-miR-20a-5p,hsa_circ_0077011
hsa-miR-20b-5p,hsa_circ_0077011
hsa-miR-4524a-3p,hsa_circ_0001978
hsa-miR-4739,hsa_circ_0016309
hsa-miR-4763-3p,hsa_circ_0033537
hsa-miR-5684,hsa_circ_0000388
hsa-miR-6089,hsa_circ_0077566
hsa-miR-612,hsa_circ_0009399
hsa-miR-612,hsa_circ_0009400
hsa-miR-6756-5p,hsa_circ_0051648
hsa-miR-6763-3p,hsa_circ_0016776
hsa-miR-6780a-5p,hsa_circ_0063516
hsa-miR-6780a-5p,hsa_circ_0063533
hsa-miR-6808-5p,hsa_circ_0045264
hsa-miR-6812-5p,hsa_circ_0041876
hsa-miR-6812-5p,hsa_circ_0041881
hsa-miR-6812-5p,hsa_circ_0041887
hsa-miR-6812-5p,hsa_circ_0041888
hsa-miR-765,hsa_circ_0089081
hsa-miR-93-5p,hsa_circ_0077011
hsa-miR-1200,hsa_circ_0020280
hsa-miR-1273h-5p,hsa_circ_0005461
hsa-miR-504-3p,hsa_circ_0008352
hsa-miR-5580-5p,hsa_circ_0049108
hsa-miR-5589-5p,hsa_circ_0010549
hsa-miR-5589-5p,hsa_circ_0010553
hsa-miR-5589-5p,hsa_circ_0010574
hsa-miR-5589-5p,hsa_circ_0010583
hsa-miR-5589-5p,hsa_circ_0010603
hsa-miR-5589-5p,hsa_circ_0010604
hsa-miR-5589-5p,hsa_circ_0010605
hsa-miR-5589-5p,hsa_circ_0010606
hsa-miR-5589-5p,hsa_circ_0010607
hsa-miR-5589-5p,hsa_circ_0010608
hsa-miR-5589-5p,hsa_circ_0010609
hsa-miR-5589-5p,hsa_circ_0010610
hsa-miR-5589-5p,hsa_circ_0010623
hsa-miR-5589-5p,hsa_circ_0010624
hsa-miR-5589-5p,hsa_circ_0010625
hsa-miR-5589-5p,hsa_circ_0010626
hsa-miR-665,hsa_circ_0050102
hsa-miR-6756-5p,hsa_circ_0026089
hsa-miR-6792-3p,hsa_circ_0043577
hsa-miR-6797-5p,hsa_circ_0013827
hsa-miR-7106-5p,hsa_circ_0009372
hsa-miR-877-3p,hsa_circ_0090706
hsa-miR-877-3p,hsa_circ_0090715
hsa-miR-877-3p,hsa_circ_0090716
hsa-miR-877-3p,hsa_circ_0090717
hsa-miR-877-3p,hsa_circ_0090719
hsa-miR-877-3p,hsa_circ_0090724
hsa-miR-877-3p,hsa_circ_0090725
hsa-miR-877-3p,hsa_circ_0090736
hsa-miR-877-3p,hsa_circ_0090737
hsa-miR-1207-5p,hsa_circ_0058199
hsa-miR-1273h-5p,hsa_circ_0038915
hsa-miR-1273h-5p,hsa_circ_0089191
hsa-miR-4726-5p,hsa_circ_0030837
hsa-miR-4763-3p,hsa_circ_0089655
hsa-miR-4767,hsa_circ_0051048
hsa-miR-5193,hsa_circ_0041570
hsa-miR-5193,hsa_circ_0041571
hsa-miR-5193,hsa_circ_0041572
hsa-miR-5193,hsa_circ_0041573
hsa-miR-5193,hsa_circ_0041574
hsa-miR-5193,hsa_circ_0041575
hsa-miR-5193,hsa_circ_0041576
hsa-miR-5193,hsa_circ_0041577
hsa-miR-5193,hsa_circ_0041578
hsa-miR-5193,hsa_circ_0041579
hsa-miR-519d-5p,hsa_circ_0073311
hsa-miR-5684,hsa_circ_0072808
hsa-miR-5684,hsa_circ_0072809
hsa-miR-5684,hsa_circ_0072817
hsa-miR-5684,hsa_circ_0072819
hsa-miR-5684,hsa_circ_0072821
hsa-miR-5684,hsa_circ_0072850
hsa-miR-5684,hsa_circ_0072851
hsa-miR-612,hsa_circ_0010618
hsa-miR-661,hsa_circ_0089429
hsa-miR-661,hsa_circ_0089440
hsa-miR-661,hsa_circ_0089445
hsa-miR-6722-3p,hsa_circ_0020314
hsa-miR-6722-3p,hsa_circ_0020315
hsa-miR-6722-3p,hsa_circ_0020317
hsa-miR-6756-5p,hsa_circ_0063365
hsa-miR-6756-5p,hsa_circ_0090569
hsa-miR-6827-5p,hsa_circ_0010571
hsa-miR-6836-5p,hsa_circ_0021033
hsa-miR-7107-3p,hsa_circ_0083091
hsa-miR-7107-3p,hsa_circ_0083095
hsa-miR-7703,hsa_circ_0006648
hsa-miR-877-3p,hsa_circ_0027010
hsa-miR-106b-5p,hsa_circ_0055327
hsa-miR-1233-5p,hsa_circ_0009313
hsa-miR-1273h-5p,hsa_circ_0000388
hsa-miR-181b-5p,hsa_circ_0053919
hsa-miR-181d-5p,hsa_circ_0053919
hsa-miR-3613-3p,hsa_circ_0009173
hsa-miR-3620-5p,hsa_circ_0020554
hsa-miR-3692-3p,hsa_circ_0052289
hsa-miR-3960,hsa_circ_0059778
hsa-miR-4726-5p,hsa_circ_0044554
hsa-miR-4726-5p,hsa_circ_0044557
hsa-miR-4763-3p,hsa_circ_0030834
hsa-miR-484,hsa_circ_0005461
hsa-miR-608,hsa_circ_0010114
hsa-miR-608,hsa_circ_0042657
hsa-miR-608,hsa_circ_0042658
hsa-miR-608,hsa_circ_0042662
hsa-miR-608,hsa_circ_0042663
hsa-miR-608,hsa_circ_0042674
hsa-miR-608,hsa_circ_0042680
hsa-miR-106a-5p,hsa_circ_0050270
hsa-miR-106a-5p,hsa_circ_0050271
hsa-miR-17-5p,hsa_circ_0050270
hsa-miR-17-5p,hsa_circ_0050271
hsa-miR-20a-5p,hsa_circ_0050270
hsa-miR-20a-5p,hsa_circ_0050271
hsa-miR-3925-3p,hsa_circ_0086166
hsa-miR-3925-3p,hsa_circ_0086169
hsa-miR-3929,hsa_circ_0087088
hsa-miR-4433a-3p,hsa_circ_0049105
hsa-miR-4433a-3p,hsa_circ_0049122
hsa-miR-4524a-3p,hsa_circ_0002139
hsa-miR-4524a-3p,hsa_circ_0081678
hsa-miR-4646-5p,hsa_circ_0007600
hsa-miR-4685-5p,hsa_circ_0035116
hsa-miR-4726-5p,hsa_circ_0057427
hsa-miR-4728-5p,hsa_circ_0024264
hsa-miR-4728-5p,hsa_circ_0024265
hsa-miR-5088-3p,hsa_circ_0030837
hsa-miR-6089,hsa_circ_0002379
hsa-miR-637,hsa_circ_0089424
hsa-miR-637,hsa_circ_0089425
hsa-miR-637,hsa_circ_0089438
hsa-miR-637,hsa_circ_0089439
hsa-miR-637,hsa_circ_0089444
hsa-miR-665,hsa_circ_0072026
hsa-miR-6873-3p,hsa_circ_0091437
hsa-miR-762,hsa_circ_0009744
hsa-miR-766-5p,hsa_circ_0089788
hsa-miR-766-5p,hsa_circ_0089789
hsa-miR-8485,hsa_circ_0065388
hsa-miR-939-5p,hsa_circ_0037739
hsa-miR-1273h-5p,hsa_circ_0050318
hsa-miR-1273h-5p,hsa_circ_0065388
hsa-miR-1285-3p,hsa_circ_0092179
hsa-miR-20a-5p,hsa_circ_0055327
hsa-miR-20b-5p,hsa_circ_0055327
hsa-miR-328-5p,hsa_circ_0037201
hsa-miR-373-3p,hsa_circ_0009652
hsa-miR-378a-5p,hsa_circ_0027022
hsa-miR-4685-5p,hsa_circ_0062701
hsa-miR-4728-5p,hsa_circ_0055207
hsa-miR-4739,hsa_circ_0052003
hsa-miR-5193,hsa_circ_0050831
hsa-miR-6089,hsa_circ_0038898
hsa-miR-608,hsa_circ_0039075
hsa-miR-608,hsa_circ_0039087
hsa-miR-608,hsa_circ_0039090
hsa-miR-608,hsa_circ_0041570
hsa-miR-608,hsa_circ_0041571
hsa-miR-608,hsa_circ_0041572
hsa-miR-608,hsa_circ_0041573
hsa-miR-608,hsa_circ_0041574
hsa-miR-608,hsa_circ_0041575
hsa-miR-608,hsa_circ_0041576
hsa-miR-608,hsa_circ_0041577
hsa-miR-608,hsa_circ_0041578
hsa-miR-608,hsa_circ_0041579
hsa-miR-608,hsa_circ_0044498
hsa-miR-608,hsa_circ_0044499
hsa-miR-6734-3p,hsa_circ_0000527
hsa-miR-6803-5p,hsa_circ_0078794
hsa-miR-6803-5p,hsa_circ_0078812
hsa-miR-6803-5p,hsa_circ_0078968
hsa-miR-6807-3p,hsa_circ_0078998
hsa-miR-6807-3p,hsa_circ_0078999
hsa-miR-6812-5p,hsa_circ_0021716
hsa-miR-6882-3p,hsa_circ_0034773
hsa-miR-762,hsa_circ_0049105
hsa-miR-762,hsa_circ_0049106
hsa-miR-1207-5p,hsa_circ_0010676
hsa-miR-1207-5p,hsa_circ_0010677
hsa-miR-1273h-5p,hsa_circ_0091353
hsa-miR-1303,hsa_circ_0004192
hsa-miR-181a-5p,hsa_circ_0035150
hsa-miR-3159,hsa_circ_0006293
hsa-miR-3613-3p,hsa_circ_0000388
hsa-miR-373-3p,hsa_circ_0075924
hsa-miR-3960,hsa_circ_0073520
hsa-miR-4739,hsa_circ_0014666
hsa-miR-4739,hsa_circ_0051695
hsa-miR-4763-3p,hsa_circ_0074522
hsa-miR-5193,hsa_circ_0050841
hsa-miR-5193,hsa_circ_0050842
hsa-miR-5196-5p,hsa_circ_0069071
hsa-miR-6089,hsa_circ_0038318
hsa-miR-612,hsa_circ_0090561
hsa-miR-665,hsa_circ_0064723
hsa-miR-6752-5p,hsa_circ_0051577
hsa-miR-6794-5p,hsa_circ_0060169
hsa-miR-6807-3p,hsa_circ_0087424
hsa-miR-6807-3p,hsa_circ_0087425
hsa-miR-6827-5p,hsa_circ_0010676
hsa-miR-6827-5p,hsa_circ_0010685
hsa-miR-762,hsa_circ_0037565
hsa-miR-762,hsa_circ_0037571
hsa-miR-762,hsa_circ_0037573
hsa-miR-1273h-5p,hsa_circ_0049157
hsa-miR-181b-5p,hsa_circ_0047394
hsa-miR-181b-5p,hsa_circ_0052054
hsa-miR-181b-5p,hsa_circ_0086175
hsa-miR-181b-5p,hsa_circ_0086176
hsa-miR-3192-5p,hsa_circ_0000912
hsa-miR-3192-5p,hsa_circ_0063923
hsa-miR-3192-5p,hsa_circ_0063927
hsa-miR-3192-5p,hsa_circ_0075482
hsa-miR-3192-5p,hsa_circ_0075483
hsa-miR-328-5p,hsa_circ_0051922
hsa-miR-329-5p,hsa_circ_0080943
hsa-miR-3925-3p,hsa_circ_0052306
hsa-miR-4430,hsa_circ_0006648
hsa-miR-4651,hsa_circ_0020309
hsa-miR-4651,hsa_circ_0020314
hsa-miR-4651,hsa_circ_0020315
hsa-miR-4651,hsa_circ_0020316
hsa-miR-4651,hsa_circ_0020317
hsa-miR-4739,hsa_circ_0049812
hsa-miR-4739,hsa_circ_0049813
hsa-miR-4776-5p,hsa_circ_0081081
hsa-miR-6089,hsa_circ_0054291
hsa-miR-671-5p,hsa_circ_0091306
hsa-miR-671-5p,hsa_circ_0091307
hsa-miR-6734-3p,hsa_circ_0010089
hsa-miR-6882-3p,hsa_circ_0023414
hsa-miR-877-3p,hsa_circ_0058672
hsa-miR-877-3p,hsa_circ_0058673
hsa-miR-1182,hsa_circ_0029351
hsa-miR-1182,hsa_circ_0029353
hsa-miR-1199-5p,hsa_circ_0074447
hsa-miR-1199-5p,hsa_circ_0074448
hsa-miR-1199-5p,hsa_circ_0074449
hsa-miR-1199-5p,hsa_circ_0074450
hsa-miR-1199-5p,hsa_circ_0074451
hsa-miR-1199-5p,hsa_circ_0074452
hsa-miR-1199-5p,hsa_circ_0074453
hsa-miR-1273h-5p,hsa_circ_0003360
hsa-miR-1273h-5p,hsa_circ_0050270
hsa-miR-1273h-5p,hsa_circ_0050271
hsa-miR-1303,hsa_circ_0080701
hsa-miR-1303,hsa_circ_0080702
hsa-miR-1303,hsa_circ_0080703
hsa-miR-1304-3p,hsa_circ_0055327
hsa-miR-1343-3p,hsa_circ_0069071
hsa-miR-20b-5p,hsa_circ_0050270
hsa-miR-20b-5p,hsa_circ_0050271
hsa-miR-3613-3p,hsa_circ_0086300
hsa-miR-3929,hsa_circ_0038912
hsa-miR-4452,hsa_circ_0052059
hsa-miR-4452,hsa_circ_0052060
hsa-miR-4530,hsa_circ_0081139
hsa-miR-4530,hsa_circ_0081140
hsa-miR-4793-3p,hsa_circ_0020490
hsa-miR-637,hsa_circ_0041658
hsa-miR-637,hsa_circ_0041660
hsa-miR-637,hsa_circ_0041662
hsa-miR-637,hsa_circ_0041663
hsa-miR-6726-5p,hsa_circ_0081505
hsa-miR-6726-5p,hsa_circ_0081506
hsa-miR-6726-5p,hsa_circ_0081507
hsa-miR-6726-5p,hsa_circ_0081508
hsa-miR-6726-5p,hsa_circ_0081509
hsa-miR-6726-5p,hsa_circ_0081510
hsa-miR-6787-3p,hsa_circ_0023414
hsa-miR-6829-3p,hsa_circ_0029292
hsa-miR-6829-3p,hsa_circ_0029294
hsa-miR-106b-5p,hsa_circ_0050270
hsa-miR-106b-5p,hsa_circ_0050271
hsa-miR-1236-3p,hsa_circ_0092066
hsa-miR-1236-3p,hsa_circ_0092067
hsa-miR-1249-5p,hsa_circ_0080166
hsa-miR-1249-5p,hsa_circ_0080167
hsa-miR-1273h-5p,hsa_circ_0079399
hsa-miR-1277-5p,hsa_circ_0067657
hsa-miR-143-5p,hsa_circ_0062544
hsa-miR-181b-5p,hsa_circ_0073793
hsa-miR-30b-3p,hsa_circ_0050270
hsa-miR-30b-3p,hsa_circ_0050271
hsa-miR-370-5p,hsa_circ_0016777
hsa-miR-370-5p,hsa_circ_0016778
hsa-miR-373-3p,hsa_circ_0075790
hsa-miR-4270,hsa_circ_0010542
hsa-miR-4270,hsa_circ_0010549
hsa-miR-4270,hsa_circ_0010553
hsa-miR-4270,hsa_circ_0010560
hsa-miR-4524a-3p,hsa_circ_0080666
hsa-miR-4640-5p,hsa_circ_0081058
hsa-miR-4640-5p,hsa_circ_0081064
hsa-miR-4640-5p,hsa_circ_0081073
hsa-miR-4685-5p,hsa_circ_0012046
hsa-miR-4685-5p,hsa_circ_0068940
hsa-miR-5047,hsa_circ_0079394
hsa-miR-637,hsa_circ_0028231
hsa-miR-6721-5p,hsa_circ_0020316
hsa-miR-6756-5p,hsa_circ_0063446
hsa-miR-1273h-5p,hsa_circ_0041457
hsa-miR-1273h-5p,hsa_circ_0041458
hsa-miR-1273h-5p,hsa_circ_0065511
hsa-miR-1277-5p,hsa_circ_0002235
hsa-miR-1303,hsa_circ_0089789
hsa-miR-135b-5p,hsa_circ_0020490
hsa-miR-3613-3p,hsa_circ_0088567
hsa-miR-3960,hsa_circ_0029484
hsa-miR-3960,hsa_circ_0029485
hsa-miR-4524a-3p,hsa_circ_0008493
hsa-miR-4524a-3p,hsa_circ_0070741
hsa-miR-4651,hsa_circ_0051929
hsa-miR-4726-5p,hsa_circ_0057438
hsa-miR-4778-3p,hsa_circ_0018235
hsa-miR-5193,hsa_circ_0019325
hsa-miR-5193,hsa_circ_0019326
hsa-miR-5787,hsa_circ_0046240
hsa-miR-661,hsa_circ_0060079
hsa-miR-6721-5p,hsa_circ_0089548
hsa-miR-6722-3p,hsa_circ_0037694
hsa-miR-6756-5p,hsa_circ_0016308
hsa-miR-6756-5p,hsa_circ_0045680
hsa-miR-6764-5p,hsa_circ_0036483
hsa-miR-6764-5p,hsa_circ_0036484
hsa-miR-6764-5p,hsa_circ_0036485
hsa-miR-6776-5p,hsa_circ_0046155
hsa-miR-6794-5p,hsa_circ_0044504
hsa-miR-6794-5p,hsa_circ_0044505
hsa-miR-6794-5p,hsa_circ_0044506
hsa-miR-6794-5p,hsa_circ_0044507
hsa-miR-6794-5p,hsa_circ_0044508
hsa-miR-6794-5p,hsa_circ_0044509
hsa-miR-6794-5p,hsa_circ_0044510
hsa-miR-6794-5p,hsa_circ_0044511
hsa-miR-6794-5p,hsa_circ_0044514
hsa-miR-6794-5p,hsa_circ_0044515
hsa-miR-6794-5p,hsa_circ_0044516
hsa-miR-6794-5p,hsa_circ_0044517
hsa-miR-6794-5p,hsa_circ_0044518
hsa-miR-6794-5p,hsa_circ_0044522
hsa-miR-6796-5p,hsa_circ_0049108
hsa-miR-6803-5p,hsa_circ_0078873
hsa-miR-6812-5p,hsa_circ_0022342
hsa-miR-6812-5p,hsa_circ_0022343
hsa-miR-6830-3p,hsa_circ_0041734
hsa-miR-6873-3p,hsa_circ_0087787
hsa-miR-762,hsa_circ_0063366
hsa-miR-762,hsa_circ_0063367
hsa-miR-762,hsa_circ_0063368
hsa-miR-7703,hsa_circ_0023418
hsa-miR-7703,hsa_circ_0023419
hsa-miR-7703,hsa_circ_0063516
hsa-miR-7703,hsa_circ_0063533
hsa-miR-7703,hsa_circ_0089191
hsa-miR-939-5p,hsa_circ_0062410
hsa-miR-1277-5p,hsa_circ_0085641
hsa-miR-1913,hsa_circ_0010544
hsa-miR-1913,hsa_circ_0010548
hsa-miR-1913,hsa_circ_0010552
hsa-miR-1913,hsa_circ_0010555
hsa-miR-1913,hsa_circ_0010558
hsa-miR-1913,hsa_circ_0010565
hsa-miR-1913,hsa_circ_0010580
hsa-miR-1913,hsa_circ_0010585
hsa-miR-1913,hsa_circ_0010589
hsa-miR-1913,hsa_circ_0010596
hsa-miR-1913,hsa_circ_0010597
hsa-miR-1913,hsa_circ_0010614
hsa-miR-1913,hsa_circ_0010619
hsa-miR-1913,hsa_circ_0010620
hsa-miR-1913,hsa_circ_0010631
hsa-miR-1913,hsa_circ_0010632
hsa-miR-1913,hsa_circ_0010638
hsa-miR-1913,hsa_circ_0010639
hsa-miR-1913,hsa_circ_0010655
hsa-miR-1913,hsa_circ_0010661
hsa-miR-1913,hsa_circ_0010666
hsa-miR-1913,hsa_circ_0010675
hsa-miR-329-5p,hsa_circ_0072502
hsa-miR-3619-5p,hsa_circ_0076516
hsa-miR-3619-5p,hsa_circ_0076517
hsa-miR-3619-5p,hsa_circ_0076519
hsa-miR-3619-5p,hsa_circ_0076520
hsa-miR-3929,hsa_circ_0005798
hsa-miR-4430,hsa_circ_0075924
hsa-miR-4640-5p,hsa_circ_0061433
hsa-miR-4685-5p,hsa_circ_0037694
hsa-miR-4691-5p,hsa_circ_0063070
hsa-miR-4691-5p,hsa_circ_0063071
hsa-miR-4725-5p,hsa_circ_0049120
hsa-miR-4725-5p,hsa_circ_0049122
hsa-miR-4739,hsa_circ_0060474
hsa-miR-4763-3p,hsa_circ_0073951
hsa-miR-4763-3p,hsa_circ_0073952
hsa-miR-4763-3p,hsa_circ_0073953
hsa-miR-4763-3p,hsa_circ_0073954
hsa-miR-4775,hsa_circ_0073877
hsa-miR-5001-5p,hsa_circ_0046240
hsa-miR-5001-5p,hsa_circ_0073943
hsa-miR-5189-5p,hsa_circ_0010547
hsa-miR-6089,hsa_circ_0039075
hsa-miR-6089,hsa_circ_0039087
hsa-miR-6089,hsa_circ_0039090
hsa-miR-6089,hsa_circ_0039097
hsa-miR-6089,hsa_circ_0039099
hsa-miR-6089,hsa_circ_0039105
hsa-miR-608,hsa_circ_0089776
hsa-miR-660-3p,hsa_circ_0034591
hsa-miR-661,hsa_circ_0091772
hsa-miR-6721-5p,hsa_circ_0069071
hsa-miR-6752-5p,hsa_circ_0009565
hsa-miR-6752-5p,hsa_circ_0009566
hsa-miR-6754-5p,hsa_circ_0010622
hsa-miR-6803-5p,hsa_circ_0080448
hsa-miR-6803-5p,hsa_circ_0080450
hsa-miR-7161-3p,hsa_circ_0043946
hsa-miR-93-5p,hsa_circ_0062544
hsa-miR-1304-3p,hsa_circ_0009652
hsa-miR-149-3p,hsa_circ_0089125
hsa-miR-149-3p,hsa_circ_0089134
hsa-miR-149-3p,hsa_circ_0089136
hsa-miR-149-3p,hsa_circ_0089138
hsa-miR-3064-5p,hsa_circ_0029292
hsa-miR-3692-5p,hsa_circ_0076338
hsa-miR-3692-5p,hsa_circ_0076343
hsa-miR-3960,hsa_circ_0011531
hsa-miR-3960,hsa_circ_0011533
hsa-miR-4430,hsa_circ_0027022
hsa-miR-4430,hsa_circ_0081678
hsa-miR-4684-5p,hsa_circ_0065511
hsa-miR-4685-5p,hsa_circ_0086982
hsa-miR-4763-3p,hsa_circ_0046398
hsa-miR-4763-3p,hsa_circ_0051279
hsa-miR-4763-3p,hsa_circ_0051285
hsa-miR-501-5p,hsa_circ_0055724
hsa-miR-501-5p,hsa_circ_0055733
hsa-miR-548aq-3p,hsa_circ_0005147
hsa-miR-612,hsa_circ_0010593
hsa-miR-660-3p,hsa_circ_0041843
hsa-miR-6735-5p,hsa_circ_0020316
hsa-miR-6754-5p,hsa_circ_0010641
hsa-miR-6754-5p,hsa_circ_0010642
hsa-miR-6754-5p,hsa_circ_0010643
hsa-miR-6754-5p,hsa_circ_0010644
hsa-miR-6754-5p,hsa_circ_0010645
hsa-miR-6754-5p,hsa_circ_0010646
hsa-miR-6754-5p,hsa_circ_0010647
hsa-miR-6754-5p,hsa_circ_0010648
hsa-miR-6754-5p,hsa_circ_0010654
hsa-miR-6754-5p,hsa_circ_0010657
hsa-miR-6754-5p,hsa_circ_0010658
hsa-miR-6754-5p,hsa_circ_0010662
hsa-miR-6754-5p,hsa_circ_0010663
hsa-miR-6754-5p,hsa_circ_0010668
hsa-miR-6754-5p,hsa_circ_0010669
hsa-miR-6754-5p,hsa_circ_0010670
hsa-miR-6754-5p,hsa_circ_0010671
hsa-miR-6754-5p,hsa_circ_0010672
hsa-miR-6754-5p,hsa_circ_0010677
hsa-miR-6754-5p,hsa_circ_0010682
hsa-miR-6754-5p,hsa_circ_0010683
hsa-miR-6754-5p,hsa_circ_0010689
hsa-miR-6754-5p,hsa_circ_0010694
hsa-miR-6754-5p,hsa_circ_0010695
hsa-miR-6754-5p,hsa_circ_0010698
hsa-miR-6754-5p,hsa_circ_0010699
hsa-miR-6754-5p,hsa_circ_0010700
hsa-miR-6808-5p,hsa_circ_0058199
hsa-miR-6860,hsa_circ_0022834
hsa-miR-6884-5p,hsa_circ_0050779
hsa-miR-6884-5p,hsa_circ_0084515
hsa-miR-6893-5p,hsa_circ_0049439
hsa-miR-762,hsa_circ_0049115
hsa-miR-762,hsa_circ_0049116
hsa-miR-762,hsa_circ_0050248
hsa-miR-762,hsa_circ_0058322
hsa-miR-874-5p,hsa_circ_0082877
hsa-miR-1273h-5p,hsa_circ_0005558
hsa-miR-1273h-5p,hsa_circ_0080029
hsa-miR-1277-5p,hsa_circ_0084788
hsa-miR-181b-5p,hsa_circ_0052098
hsa-miR-181b-5p,hsa_circ_0052100
hsa-miR-181b-5p,hsa_circ_0052306
hsa-miR-328-5p,hsa_circ_0009192
hsa-miR-328-5p,hsa_circ_0009193
hsa-miR-3613-3p,hsa_circ_0008323
hsa-miR-3620-5p,hsa_circ_0037854
hsa-miR-3929,hsa_circ_0010055
hsa-miR-3929,hsa_circ_0020595
hsa-miR-4268,hsa_circ_0020841
hsa-miR-4452,hsa_circ_0077011
hsa-miR-4632-5p,hsa_circ_0037694
hsa-miR-4640-5p,hsa_circ_0024591
hsa-miR-4739,hsa_circ_0086740
hsa-miR-5088-3p,hsa_circ_0065411
hsa-miR-5088-3p,hsa_circ_0065414
hsa-miR-612,hsa_circ_0026099
hsa-miR-612,hsa_circ_0086880
hsa-miR-615-5p,hsa_circ_0062028
hsa-miR-615-5p,hsa_circ_0062031
hsa-miR-615-5p,hsa_circ_0062032
hsa-miR-615-5p,hsa_circ_0062033
hsa-miR-615-5p,hsa_circ_0062034
hsa-miR-615-5p,hsa_circ_0062035
hsa-miR-615-5p,hsa_circ_0062036
hsa-miR-637,hsa_circ_0033562
hsa-miR-6511a-5p,hsa_circ_0071546
hsa-miR-6511a-5p,hsa_circ_0071547
hsa-miR-6752-5p,hsa_circ_0058374
hsa-miR-6774-5p,hsa_circ_0091853
hsa-miR-6774-5p,hsa_circ_0091854
hsa-miR-6774-5p,hsa_circ_0091855
hsa-miR-6803-5p,hsa_circ_0026098
hsa-miR-6803-5p,hsa_circ_0026099
hsa-miR-6803-5p,hsa_circ_0052253
hsa-miR-6860,hsa_circ_0011484
hsa-miR-6860,hsa_circ_0011485
hsa-miR-6881-3p,hsa_circ_0028536
hsa-miR-6884-5p,hsa_circ_0050271
hsa-miR-7110-3p,hsa_circ_0049485
hsa-miR-762,hsa_circ_0052245
hsa-miR-762,hsa_circ_0075121
hsa-miR-766-3p,hsa_circ_0061535
hsa-miR-766-3p,hsa_circ_0061536
hsa-miR-766-3p,hsa_circ_0061537
hsa-miR-7703,hsa_circ_0052306
hsa-miR-1205,hsa_circ_0049109
hsa-miR-1205,hsa_circ_0049110
hsa-miR-1205,hsa_circ_0049112
hsa-miR-1205,hsa_circ_0049113
hsa-miR-1205,hsa_circ_0049120
hsa-miR-1205,hsa_circ_0049122
hsa-miR-1205,hsa_circ_0049125
hsa-miR-1207-5p,hsa_circ_0010667
hsa-miR-1236-3p,hsa_circ_0044768
hsa-miR-1236-3p,hsa_circ_0044769
hsa-miR-1273h-5p,hsa_circ_0092331
hsa-miR-128-3p,hsa_circ_0082192
hsa-miR-128-3p,hsa_circ_0082195
hsa-miR-128-3p,hsa_circ_0082199
hsa-miR-128-3p,hsa_circ_0082201
hsa-miR-128-3p,hsa_circ_0082202
hsa-miR-128-3p,hsa_circ_0082203
hsa-miR-128-3p,hsa_circ_0082208
hsa-miR-128-3p,hsa_circ_0082215
hsa-miR-181b-5p,hsa_circ_0053927
hsa-miR-181b-5p,hsa_circ_0053929
hsa-miR-181d-5p,hsa_circ_0053927
hsa-miR-181d-5p,hsa_circ_0053929
hsa-miR-1972,hsa_circ_0031403
hsa-miR-3159,hsa_circ_0062544
hsa-miR-3192-5p,hsa_circ_0000939
hsa-miR-3613-3p,hsa_circ_0010055
hsa-miR-3613-3p,hsa_circ_0048844
hsa-miR-3613-3p,hsa_circ_0073606
hsa-miR-3619-5p,hsa_circ_0048281
hsa-miR-3661,hsa_circ_0010544
hsa-miR-3661,hsa_circ_0010548
hsa-miR-3661,hsa_circ_0010552
hsa-miR-3661,hsa_circ_0010555
hsa-miR-3661,hsa_circ_0010558
hsa-miR-3661,hsa_circ_0010565
hsa-miR-3661,hsa_circ_0010580
hsa-miR-3661,hsa_circ_0010585
hsa-miR-3661,hsa_circ_0010589
hsa-miR-3661,hsa_circ_0010596
hsa-miR-3661,hsa_circ_0010597
hsa-miR-3661,hsa_circ_0010614
hsa-miR-3661,hsa_circ_0010619
hsa-miR-3661,hsa_circ_0010620
hsa-miR-3661,hsa_circ_0010631
hsa-miR-3661,hsa_circ_0010632
hsa-miR-3661,hsa_circ_0010638
hsa-miR-3661,hsa_circ_0010639
hsa-miR-3661,hsa_circ_0010655
hsa-miR-3661,hsa_circ_0010661
hsa-miR-3661,hsa_circ_0010666
hsa-miR-3661,hsa_circ_0010675
hsa-miR-3925-3p,hsa_circ_0028684
hsa-miR-3925-3p,hsa_circ_0028685
hsa-miR-3925-3p,hsa_circ_0028691
hsa-miR-3925-3p,hsa_circ_0028692
hsa-miR-3925-3p,hsa_circ_0028694
hsa-miR-3925-3p,hsa_circ_0028695
hsa-miR-3925-3p,hsa_circ_0028696
hsa-miR-432-5p,hsa_circ_0025234
hsa-miR-432-5p,hsa_circ_0025236
hsa-miR-432-5p,hsa_circ_0025237
hsa-miR-4420,hsa_circ_0070125
hsa-miR-4420,hsa_circ_0070143
hsa-miR-4420,hsa_circ_0070159
hsa-miR-4421,hsa_circ_0009180
hsa-miR-4640-5p,hsa_circ_0039106
hsa-miR-4651,hsa_circ_0015853
hsa-miR-4651,hsa_circ_0015856
hsa-miR-4682,hsa_circ_0078326
hsa-miR-4685-5p,hsa_circ_0026579
hsa-miR-4685-5p,hsa_circ_0026583
hsa-miR-4685-5p,hsa_circ_0051648
hsa-miR-4685-5p,hsa_circ_0051649
hsa-miR-4778-3p,hsa_circ_0084247
hsa-miR-4778-3p,hsa_circ_0084253
hsa-miR-4778-3p,hsa_circ_0084258
hsa-miR-4778-3p,hsa_circ_0084264
hsa-miR-4778-3p,hsa_circ_0084268
hsa-miR-4778-3p,hsa_circ_0084274
hsa-miR-4778-3p,hsa_circ_0084285
hsa-miR-4778-3p,hsa_circ_0084301
hsa-miR-5787,hsa_circ_0063778
hsa-miR-593-5p,hsa_circ_0044535
hsa-miR-593-5p,hsa_circ_0044536
hsa-miR-593-5p,hsa_circ_0044543
hsa-miR-593-5p,hsa_circ_0044548
hsa-miR-593-5p,hsa_circ_0044549
hsa-miR-6089,hsa_circ_0028998
hsa-miR-6089,hsa_circ_0029003
hsa-miR-6089,hsa_circ_0029011
hsa-miR-6089,hsa_circ_0029013
hsa-miR-6089,hsa_circ_0029014
hsa-miR-6089,hsa_circ_0029015
hsa-miR-6089,hsa_circ_0048302
hsa-miR-6089,hsa_circ_0048303
hsa-miR-6089,hsa_circ_0048304
hsa-miR-6089,hsa_circ_0048305
hsa-miR-619-5p,hsa_circ_0012336
hsa-miR-661,hsa_circ_0010637
hsa-miR-661,hsa_circ_0010655
hsa-miR-661,hsa_circ_0010661
hsa-miR-661,hsa_circ_0010666
hsa-miR-6756-5p,hsa_circ_0049314
hsa-miR-6758-5p,hsa_circ_0078883
hsa-miR-6787-3p,hsa_circ_0051785
hsa-miR-6792-3p,hsa_circ_0049716
hsa-miR-6807-3p,hsa_circ_0018230
hsa-miR-6807-3p,hsa_circ_0019789
hsa-miR-6807-3p,hsa_circ_0019793
hsa-miR-6808-5p,hsa_circ_0009180
hsa-miR-6846-5p,hsa_circ_0050637
hsa-miR-6871-5p,hsa_circ_0009180
hsa-miR-762,hsa_circ_0064015
hsa-miR-7703,hsa_circ_0000388
hsa-miR-7703,hsa_circ_0029218
hsa-miR-1207-5p,hsa_circ_0014742
hsa-miR-181b-5p,hsa_circ_0050769
hsa-miR-190a-3p,hsa_circ_0070969
hsa-miR-190a-3p,hsa_circ_0070970
hsa-miR-190a-3p,hsa_circ_0091667
hsa-miR-212-5p,hsa_circ_0062544
hsa-miR-23a-5p,hsa_circ_0091307
hsa-miR-3065-3p,hsa_circ_0081129
hsa-miR-3065-3p,hsa_circ_0081135
hsa-miR-3065-3p,hsa_circ_0081143
hsa-miR-3065-3p,hsa_circ_0081149
hsa-miR-3620-5p,hsa_circ_0089467
hsa-miR-3620-5p,hsa_circ_0089468
hsa-miR-3692-3p,hsa_circ_0086175
hsa-miR-3692-3p,hsa_circ_0086176
hsa-miR-3929,hsa_circ_0007913
hsa-miR-4430,hsa_circ_0076600
hsa-miR-4739,hsa_circ_0013519
hsa-miR-4739,hsa_circ_0074278
hsa-miR-5001-5p,hsa_circ_0037448
hsa-miR-5001-5p,hsa_circ_0037451
hsa-miR-5001-5p,hsa_circ_0037453
hsa-miR-5193,hsa_circ_0046912
hsa-miR-5193,hsa_circ_0046914
hsa-miR-5193,hsa_circ_0046917
hsa-miR-5193,hsa_circ_0046918
hsa-miR-5193,hsa_circ_0046919
hsa-miR-5572,hsa_circ_0020490
hsa-miR-608,hsa_circ_0090569
hsa-miR-6844,hsa_circ_0029911
hsa-miR-6846-5p,hsa_circ_0083091
hsa-miR-6846-5p,hsa_circ_0083095
hsa-miR-6846-5p,hsa_circ_0083102
hsa-miR-6846-5p,hsa_circ_0083103
hsa-miR-6846-5p,hsa_circ_0083104
hsa-miR-6881-3p,hsa_circ_0091093
hsa-miR-7110-5p,hsa_circ_0050795
hsa-miR-7110-5p,hsa_circ_0050798
hsa-miR-762,hsa_circ_0020988
hsa-miR-762,hsa_circ_0089467
hsa-miR-765,hsa_circ_0062512
hsa-miR-942-5p,hsa_circ_0078299
hsa-miR-1249-3p,hsa_circ_0089427
hsa-miR-1273h-5p,hsa_circ_0038486
hsa-miR-1273h-5p,hsa_circ_0038500
hsa-miR-181d-5p,hsa_circ_0086175
hsa-miR-181d-5p,hsa_circ_0086176
hsa-miR-302b-3p,hsa_circ_0092348
hsa-miR-3613-3p,hsa_circ_0002848
hsa-miR-370-3p,hsa_circ_0059990
hsa-miR-370-3p,hsa_circ_0059995
hsa-miR-370-3p,hsa_circ_0059996
hsa-miR-3929,hsa_circ_0052316
hsa-miR-3960,hsa_circ_0047890
hsa-miR-4430,hsa_circ_0089792
hsa-miR-4493,hsa_circ_0050775
hsa-miR-4524a-3p,hsa_circ_0006293
hsa-miR-4632-5p,hsa_circ_0037455
hsa-miR-4640-5p,hsa_circ_0081113
hsa-miR-4644,hsa_circ_0075953
hsa-miR-4690-3p,hsa_circ_0051308
hsa-miR-4690-3p,hsa_circ_0051315
hsa-miR-4728-5p,hsa_circ_0025055
hsa-miR-4739,hsa_circ_0036724
hsa-miR-4763-3p,hsa_circ_0076614
hsa-miR-4763-3p,hsa_circ_0088612
hsa-miR-4775,hsa_circ_0056432
hsa-miR-5193,hsa_circ_0063072
hsa-miR-5193,hsa_circ_0063073
hsa-miR-548c-3p,hsa_circ_0019282
hsa-miR-548s,hsa_circ_0020283
hsa-miR-615-5p,hsa_circ_0049171
hsa-miR-637,hsa_circ_0030855
hsa-miR-637,hsa_circ_0030856
hsa-miR-637,hsa_circ_0030857
hsa-miR-663b,hsa_circ_0019894
hsa-miR-663b,hsa_circ_0019895
hsa-miR-663b,hsa_circ_0019896
hsa-miR-663b,hsa_circ_0019897
hsa-miR-663b,hsa_circ_0019898
hsa-miR-663b,hsa_circ_0019899
hsa-miR-663b,hsa_circ_0019900
hsa-miR-663b,hsa_circ_0019901
hsa-miR-663b,hsa_circ_0019902
hsa-miR-663b,hsa_circ_0019903
hsa-miR-663b,hsa_circ_0019904
hsa-miR-663b,hsa_circ_0019905
hsa-miR-663b,hsa_circ_0019906
hsa-miR-663b,hsa_circ_0019907
hsa-miR-663b,hsa_circ_0019908
hsa-miR-663b,hsa_circ_0019909
hsa-miR-665,hsa_circ_0040850
hsa-miR-665,hsa_circ_0043314
hsa-miR-6728-3p,hsa_circ_0078794
hsa-miR-6728-3p,hsa_circ_0078812
hsa-miR-6728-3p,hsa_circ_0078968
hsa-miR-6734-3p,hsa_circ_0006984
hsa-miR-6780b-5p,hsa_circ_0037564
hsa-miR-6780b-5p,hsa_circ_0037565
hsa-miR-6780b-5p,hsa_circ_0037568
hsa-miR-6780b-5p,hsa_circ_0037570
hsa-miR-6780b-5p,hsa_circ_0037571
hsa-miR-6780b-5p,hsa_circ_0037573
hsa-miR-6796-5p,hsa_circ_0070047
hsa-miR-6796-5p,hsa_circ_0070050
hsa-miR-6807-3p,hsa_circ_0088567
hsa-miR-6825-5p,hsa_circ_0044498
hsa-miR-6825-5p,hsa_circ_0044499
hsa-miR-6882-3p,hsa_circ_0034772
hsa-miR-7110-5p,hsa_circ_0051279
hsa-miR-7110-5p,hsa_circ_0051285
hsa-miR-762,hsa_circ_0048991
hsa-miR-7851-3p,hsa_circ_0043314
hsa-miR-30b-3p,hsa_circ_0016475
hsa-miR-30b-3p,hsa_circ_0016476
hsa-miR-3143,hsa_circ_0038383
hsa-miR-3620-5p,hsa_circ_0086858
hsa-miR-3620-5p,hsa_circ_0086859
hsa-miR-3620-5p,hsa_circ_0086860
hsa-miR-3972,hsa_circ_0026579
hsa-miR-4640-5p,hsa_circ_0037436
hsa-miR-4640-5p,hsa_circ_0037437
hsa-miR-4640-5p,hsa_circ_0037438
hsa-miR-4640-5p,hsa_circ_0037439
hsa-miR-4640-5p,hsa_circ_0037440
hsa-miR-4685-5p,hsa_circ_0044768
hsa-miR-4685-5p,hsa_circ_0044769
hsa-miR-4685-5p,hsa_circ_0046479
hsa-miR-4691-5p,hsa_circ_0033538
hsa-miR-4726-3p,hsa_circ_0062693
hsa-miR-4726-3p,hsa_circ_0062694
hsa-miR-4726-3p,hsa_circ_0062695
hsa-miR-4726-3p,hsa_circ_0062696
hsa-miR-4726-3p,hsa_circ_0062697
hsa-miR-4726-3p,hsa_circ_0062698
hsa-miR-4726-3p,hsa_circ_0062699
hsa-miR-4726-3p,hsa_circ_0062700
hsa-miR-4726-3p,hsa_circ_0062701
hsa-miR-4726-3p,hsa_circ_0062703
hsa-miR-4726-5p,hsa_circ_0019898
hsa-miR-4726-5p,hsa_circ_0019899
hsa-miR-593-5p,hsa_circ_0082878
hsa-miR-593-5p,hsa_circ_0082879
hsa-miR-6753-5p,hsa_circ_0044552
hsa-miR-6753-5p,hsa_circ_0044553
hsa-miR-6753-5p,hsa_circ_0044555
hsa-miR-6753-5p,hsa_circ_0044558
hsa-miR-6756-5p,hsa_circ_0041954
hsa-miR-6780a-5p,hsa_circ_0009514
hsa-miR-6780a-5p,hsa_circ_0009515
hsa-miR-6780a-5p,hsa_circ_0009516
hsa-miR-6780a-5p,hsa_circ_0009517
hsa-miR-6780a-5p,hsa_circ_0009518
hsa-miR-6780a-5p,hsa_circ_0009519
hsa-miR-6803-5p,hsa_circ_0085930
hsa-miR-6807-3p,hsa_circ_0043314
hsa-miR-6808-5p,hsa_circ_0061185
hsa-miR-6808-5p,hsa_circ_0061186
hsa-miR-6836-5p,hsa_circ_0061088
hsa-miR-6860,hsa_circ_0090561
hsa-miR-6870-3p,hsa_circ_0068656
hsa-miR-6873-3p,hsa_circ_0091422
hsa-miR-6873-3p,hsa_circ_0091423
hsa-miR-6873-3p,hsa_circ_0091424
hsa-miR-6873-3p,hsa_circ_0091425
hsa-miR-6881-3p,hsa_circ_0090736
hsa-miR-6881-3p,hsa_circ_0090737
hsa-miR-762,hsa_circ_0041607
hsa-miR-7703,hsa_circ_0050102
hsa-miR-7847-3p,hsa_circ_0084793
hsa-miR-7847-3p,hsa_circ_0084794
hsa-miR-1207-5p,hsa_circ_0020318
hsa-miR-1226-5p,hsa_circ_0037432
hsa-miR-1226-5p,hsa_circ_0037460
hsa-miR-1272,hsa_circ_0015760
hsa-miR-1273h-5p,hsa_circ_0076329
hsa-miR-1277-5p,hsa_circ_0005408
hsa-miR-143-5p,hsa_circ_0081673
hsa-miR-181d-5p,hsa_circ_0042130
hsa-miR-181d-5p,hsa_circ_0042131
hsa-miR-3135b,hsa_circ_0071881
hsa-miR-3135b,hsa_circ_0071916
hsa-miR-3135b,hsa_circ_0071917
hsa-miR-3135b,hsa_circ_0071918
hsa-miR-3613-3p,hsa_circ_0050480
hsa-miR-3613-3p,hsa_circ_0050485
hsa-miR-3613-3p,hsa_circ_0050491
hsa-miR-3613-3p,hsa_circ_0050493
hsa-miR-3613-3p,hsa_circ_0050497
hsa-miR-3613-3p,hsa_circ_0050500
hsa-miR-3613-3p,hsa_circ_0050501
hsa-miR-3613-3p,hsa_circ_0050502
hsa-miR-3613-3p,hsa_circ_0050503
hsa-miR-3613-3p,hsa_circ_0072817
hsa-miR-3613-3p,hsa_circ_0072819
hsa-miR-3613-3p,hsa_circ_0072821
hsa-miR-3663-3p,hsa_circ_0057385
hsa-miR-369-3p,hsa_circ_0005554
hsa-miR-3929,hsa_circ_0006940
hsa-miR-3960,hsa_circ_0058401
hsa-miR-3960,hsa_circ_0058407
hsa-miR-4268,hsa_circ_0052258
hsa-miR-4433b-3p,hsa_circ_0049105
hsa-miR-4437,hsa_circ_0046412
hsa-miR-4437,hsa_circ_0046413
hsa-miR-4644,hsa_circ_0003960
hsa-miR-4644,hsa_circ_0009085
hsa-miR-4685-5p,hsa_circ_0033489
hsa-miR-4685-5p,hsa_circ_0033490
hsa-miR-4691-5p,hsa_circ_0023019
hsa-miR-4691-5p,hsa_circ_0023020
hsa-miR-4712-5p,hsa_circ_0023183
hsa-miR-4712-5p,hsa_circ_0023184
hsa-miR-4712-5p,hsa_circ_0023185
hsa-miR-4712-5p,hsa_circ_0023186
hsa-miR-4712-5p,hsa_circ_0023187
hsa-miR-4725-5p,hsa_circ_0049111
hsa-miR-4725-5p,hsa_circ_0049115
hsa-miR-4725-5p,hsa_circ_0049116
hsa-miR-4739,hsa_circ_0039608
hsa-miR-4739,hsa_circ_0039609
hsa-miR-4739,hsa_circ_0039610
hsa-miR-4739,hsa_circ_0039611
hsa-miR-4739,hsa_circ_0083847
hsa-miR-4763-3p,hsa_circ_0043875
hsa-miR-4763-3p,hsa_circ_0043877
hsa-miR-4763-3p,hsa_circ_0043878
hsa-miR-4763-3p,hsa_circ_0043879
hsa-miR-4763-3p,hsa_circ_0043880
hsa-miR-4763-3p,hsa_circ_0043881
hsa-miR-4763-3p,hsa_circ_0043882
hsa-miR-4763-3p,hsa_circ_0043885
hsa-miR-4763-3p,hsa_circ_0043886
hsa-miR-5001-5p,hsa_circ_0010683
hsa-miR-5001-5p,hsa_circ_0010691
hsa-miR-5001-5p,hsa_circ_0010703
hsa-miR-5189-5p,hsa_circ_0010580
hsa-miR-5189-5p,hsa_circ_0010585
hsa-miR-5189-5p,hsa_circ_0010589
hsa-miR-5189-5p,hsa_circ_0010594
hsa-miR-5189-5p,hsa_circ_0010595
hsa-miR-5189-5p,hsa_circ_0010596
hsa-miR-5189-5p,hsa_circ_0010597
hsa-miR-5189-5p,hsa_circ_0010598
hsa-miR-5189-5p,hsa_circ_0010614
hsa-miR-5189-5p,hsa_circ_0010618
hsa-miR-5189-5p,hsa_circ_0010619
hsa-miR-5189-5p,hsa_circ_0010620
hsa-miR-5189-5p,hsa_circ_0010621
hsa-miR-5189-5p,hsa_circ_0010622
hsa-miR-5189-5p,hsa_circ_0010631
hsa-miR-608,hsa_circ_0049668
hsa-miR-615-5p,hsa_circ_0051755
hsa-miR-661,hsa_circ_0048499
hsa-miR-6734-3p,hsa_circ_0000931
hsa-miR-6735-5p,hsa_circ_0058231
hsa-miR-6743-5p,hsa_circ_0089547
hsa-miR-6756-5p,hsa_circ_0050650
hsa-miR-6780a-5p,hsa_circ_0011518
hsa-miR-6780a-5p,hsa_circ_0011520
hsa-miR-6780a-5p,hsa_circ_0011522
hsa-miR-6780b-5p,hsa_circ_0037995
hsa-miR-6780b-5p,hsa_circ_0037996
hsa-miR-6780b-5p,hsa_circ_0037997
hsa-miR-6782-5p,hsa_circ_0041951
hsa-miR-6782-5p,hsa_circ_0041952
hsa-miR-6797-5p,hsa_circ_0012336
hsa-miR-6880-5p,hsa_circ_0026928
hsa-miR-6880-5p,hsa_circ_0026929
hsa-miR-6884-5p,hsa_circ_0000246
hsa-miR-6884-5p,hsa_circ_0078886
hsa-miR-6884-5p,hsa_circ_0078946
hsa-miR-7111-3p,hsa_circ_0034998
hsa-miR-762,hsa_circ_0061080
hsa-miR-762,hsa_circ_0061088
hsa-miR-762,hsa_circ_0085885
hsa-miR-7851-3p,hsa_circ_0088567
hsa-miR-942-5p,hsa_circ_0082662
hsa-miR-1207-5p,hsa_circ_0010558
hsa-miR-1207-5p,hsa_circ_0010596
hsa-miR-1207-5p,hsa_circ_0010619
hsa-miR-141-5p,hsa_circ_0015688
hsa-miR-141-5p,hsa_circ_0015689
hsa-miR-214-3p,hsa_circ_0079109
hsa-miR-214-3p,hsa_circ_0079111
hsa-miR-214-3p,hsa_circ_0079113
hsa-miR-3158-3p,hsa_circ_0006984
hsa-miR-328-5p,hsa_circ_0011303
hsa-miR-3925-3p,hsa_circ_0050769
hsa-miR-3943,hsa_circ_0039039
hsa-miR-4479,hsa_circ_0051748
hsa-miR-4479,hsa_circ_0051750
hsa-miR-4479,hsa_circ_0051751
hsa-miR-448,hsa_circ_0052055
hsa-miR-4667-3p,hsa_circ_0081507
hsa-miR-4667-3p,hsa_circ_0081508
hsa-miR-4667-3p,hsa_circ_0081509
hsa-miR-4667-3p,hsa_circ_0081510
hsa-miR-4739,hsa_circ_0022342
hsa-miR-4739,hsa_circ_0022343
hsa-miR-4739,hsa_circ_0076614
hsa-miR-4753-3p,hsa_circ_0070409
hsa-miR-4763-3p,hsa_circ_0062534
hsa-miR-4763-3p,hsa_circ_0062537
hsa-miR-5001-5p,hsa_circ_0051279
hsa-miR-5001-5p,hsa_circ_0051285
hsa-miR-5011-5p,hsa_circ_0072746
hsa-miR-5684,hsa_circ_0002379
hsa-miR-590-3p,hsa_circ_0035193
hsa-miR-615-5p,hsa_circ_0089457
hsa-miR-6751-5p,hsa_circ_0026098
hsa-miR-6751-5p,hsa_circ_0026099
hsa-miR-6756-5p,hsa_circ_0010089
hsa-miR-6756-5p,hsa_circ_0011617
hsa-miR-6756-5p,hsa_circ_0011623
hsa-miR-6760-3p,hsa_circ_0055985
hsa-miR-6760-3p,hsa_circ_0055990
hsa-miR-6760-3p,hsa_circ_0055993
hsa-miR-6772-5p,hsa_circ_0041864
hsa-miR-6772-5p,hsa_circ_0041876
hsa-miR-6772-5p,hsa_circ_0041881
hsa-miR-6772-5p,hsa_circ_0041887
hsa-miR-6772-5p,hsa_circ_0041888
hsa-miR-6783-3p,hsa_circ_0036605
hsa-miR-6783-3p,hsa_circ_0036606
hsa-miR-6803-5p,hsa_circ_0046073
hsa-miR-6803-5p,hsa_circ_0046083
hsa-miR-6803-5p,hsa_circ_0050798
hsa-miR-6803-5p,hsa_circ_0050806
hsa-miR-6808-5p,hsa_circ_0075946
hsa-miR-6809-3p,hsa_circ_0032499
hsa-miR-6829-3p,hsa_circ_0060079
hsa-miR-6881-3p,hsa_circ_0046926
hsa-miR-6881-3p,hsa_circ_0046928
hsa-miR-6881-3p,hsa_circ_0046931
hsa-miR-6881-3p,hsa_circ_0046932
hsa-miR-7111-3p,hsa_circ_0014770
hsa-miR-7111-3p,hsa_circ_0014771
hsa-miR-7111-3p,hsa_circ_0014772
hsa-miR-762,hsa_circ_0022944
hsa-miR-762,hsa_circ_0022949
hsa-miR-762,hsa_circ_0022951
hsa-miR-762,hsa_circ_0022952
hsa-miR-762,hsa_circ_0022958
hsa-miR-7703,hsa_circ_0075961
hsa-miR-93-5p,hsa_circ_0004036
hsa-miR-1184,hsa_circ_0049920
hsa-miR-1205,hsa_circ_0086853
hsa-miR-1205,hsa_circ_0086854
hsa-miR-1205,hsa_circ_0086855
hsa-miR-1205,hsa_circ_0086856
hsa-miR-1205,hsa_circ_0086857
hsa-miR-1205,hsa_circ_0086858
hsa-miR-1205,hsa_circ_0086864
hsa-miR-1205,hsa_circ_0086867
hsa-miR-1205,hsa_circ_0086871
hsa-miR-1249-5p,hsa_circ_0075041
hsa-miR-1273h-5p,hsa_circ_0026122
hsa-miR-1273h-5p,hsa_circ_0039142
hsa-miR-1273h-5p,hsa_circ_0055693
hsa-miR-1273h-5p,hsa_circ_0087087
hsa-miR-1273h-5p,hsa_circ_0087088
hsa-miR-1303,hsa_circ_0005873
hsa-miR-1303,hsa_circ_0008351
hsa-miR-1303,hsa_circ_0068732
hsa-miR-1303,hsa_circ_0068741
hsa-miR-1303,hsa_circ_0068752
hsa-miR-1303,hsa_circ_0068761
hsa-miR-1303,hsa_circ_0068762
hsa-miR-153-5p,hsa_circ_0067105
hsa-miR-153-5p,hsa_circ_0067106
hsa-miR-181b-5p,hsa_circ_0029593
hsa-miR-181b-5p,hsa_circ_0029594
hsa-miR-3117-3p,hsa_circ_0020282
hsa-miR-324-3p,hsa_circ_0059350
hsa-miR-324-3p,hsa_circ_0059351
hsa-miR-3613-3p,hsa_circ_0091222
hsa-miR-3620-5p,hsa_circ_0010541
hsa-miR-3661,hsa_circ_0010682
hsa-miR-3661,hsa_circ_0010683
hsa-miR-3661,hsa_circ_0010685
hsa-miR-378j,hsa_circ_0020283
hsa-miR-3960,hsa_circ_0067307
hsa-miR-4430,hsa_circ_0043314
hsa-miR-4530,hsa_circ_0081089
hsa-miR-4640-5p,hsa_circ_0019900
hsa-miR-4640-5p,hsa_circ_0019901
hsa-miR-4640-5p,hsa_circ_0037432
hsa-miR-4640-5p,hsa_circ_0081094
hsa-miR-4644,hsa_circ_0069071
hsa-miR-4659b-3p,hsa_circ_0088325
hsa-miR-4659b-3p,hsa_circ_0088326
hsa-miR-4659b-3p,hsa_circ_0088327
hsa-miR-4668-5p,hsa_circ_0012762
hsa-miR-4684-5p,hsa_circ_0006648
hsa-miR-4684-5p,hsa_circ_0043314
hsa-miR-4739,hsa_circ_0046281
hsa-miR-4739,hsa_circ_0046282
hsa-miR-4753-3p,hsa_circ_0063742
hsa-miR-4763-3p,hsa_circ_0051116
hsa-miR-504-3p,hsa_circ_0081678
hsa-miR-5093,hsa_circ_0027964
hsa-miR-548ae-3p,hsa_circ_0005147
hsa-miR-548ah-3p,hsa_circ_0005147
hsa-miR-548aj-3p,hsa_circ_0005147
hsa-miR-548am-3p,hsa_circ_0005147
hsa-miR-5684,hsa_circ_0017040
hsa-miR-5787,hsa_circ_0045769
hsa-miR-593-5p,hsa_circ_0081062
hsa-miR-593-5p,hsa_circ_0081063
hsa-miR-593-5p,hsa_circ_0081065
hsa-miR-593-5p,hsa_circ_0081066
hsa-miR-593-5p,hsa_circ_0081080
hsa-miR-593-5p,hsa_circ_0081081
hsa-miR-593-5p,hsa_circ_0081085
hsa-miR-593-5p,hsa_circ_0081089
hsa-miR-593-5p,hsa_circ_0081090
hsa-miR-593-5p,hsa_circ_0081091
hsa-miR-593-5p,hsa_circ_0081095
hsa-miR-593-5p,hsa_circ_0081096
hsa-miR-593-5p,hsa_circ_0081102
hsa-miR-593-5p,hsa_circ_0081106
hsa-miR-593-5p,hsa_circ_0081107
hsa-miR-593-5p,hsa_circ_0081108
hsa-miR-596,hsa_circ_0033774
hsa-miR-596,hsa_circ_0033775
hsa-miR-596,hsa_circ_0033776
hsa-miR-596,hsa_circ_0033892
hsa-miR-608,hsa_circ_0036260
hsa-miR-637,hsa_circ_0055673
hsa-miR-637,hsa_circ_0089453
hsa-miR-637,hsa_circ_0089456
hsa-miR-637,hsa_circ_0089457
hsa-miR-637,hsa_circ_0089460
hsa-miR-665,hsa_circ_0004454
hsa-miR-6735-5p,hsa_circ_0042204
hsa-miR-6752-5p,hsa_circ_0010626
hsa-miR-6752-5p,hsa_circ_0010650
hsa-miR-6775-3p,hsa_circ_0020282
hsa-miR-6775-3p,hsa_circ_0020283
hsa-miR-6799-5p,hsa_circ_0091806
hsa-miR-6799-5p,hsa_circ_0091807
hsa-miR-6799-5p,hsa_circ_0091808
hsa-miR-6819-5p,hsa_circ_0026092
hsa-miR-6819-5p,hsa_circ_0049837
hsa-miR-6827-5p,hsa_circ_0010703
hsa-miR-6860,hsa_circ_0034154
hsa-miR-6868-3p,hsa_circ_0062093
hsa-miR-6893-5p,hsa_circ_0009180
hsa-miR-6893-5p,hsa_circ_0089548
hsa-miR-744-5p,hsa_circ_0044518
hsa-miR-1225-3p,hsa_circ_0037434
hsa-miR-181d-5p,hsa_circ_0052098
hsa-miR-181d-5p,hsa_circ_0052100
hsa-miR-2054,hsa_circ_0038403
hsa-miR-214-3p,hsa_circ_0089792
hsa-miR-2467-3p,hsa_circ_0049031
hsa-miR-3135b,hsa_circ_0071922
hsa-miR-3135b,hsa_circ_0071945
hsa-miR-3187-5p,hsa_circ_0008323
hsa-miR-3187-5p,hsa_circ_0011583
hsa-miR-3187-5p,hsa_circ_0086929
hsa-miR-3187-5p,hsa_circ_0086930
hsa-miR-3187-5p,hsa_circ_0086931
hsa-miR-335-3p,hsa_circ_0091093
hsa-miR-3613-3p,hsa_circ_0009099
hsa-miR-3662,hsa_circ_0057184
hsa-miR-3662,hsa_circ_0057185
hsa-miR-3662,hsa_circ_0057187
hsa-miR-3663-3p,hsa_circ_0044529
hsa-miR-3663-3p,hsa_circ_0044535
hsa-miR-3663-3p,hsa_circ_0044536
hsa-miR-3929,hsa_circ_0027022
hsa-miR-424-5p,hsa_circ_0073778
hsa-miR-424-5p,hsa_circ_0073779
hsa-miR-4530,hsa_circ_0044545
hsa-miR-4685-5p,hsa_circ_0050077
hsa-miR-4728-5p,hsa_circ_0059257
hsa-miR-4733-3p,hsa_circ_0057399
hsa-miR-4733-3p,hsa_circ_0057400
hsa-miR-4733-3p,hsa_circ_0057403
hsa-miR-4733-3p,hsa_circ_0057404
hsa-miR-4739,hsa_circ_0073606
hsa-miR-4753-3p,hsa_circ_0031618
hsa-miR-4753-3p,hsa_circ_0031620
hsa-miR-4753-3p,hsa_circ_0031621
hsa-miR-4753-3p,hsa_circ_0031622
hsa-miR-4753-3p,hsa_circ_0031623
hsa-miR-4753-3p,hsa_circ_0031627
hsa-miR-4753-3p,hsa_circ_0031628
hsa-miR-4763-3p,hsa_circ_0041143
hsa-miR-4763-3p,hsa_circ_0065130
hsa-miR-4778-3p,hsa_circ_0027010
hsa-miR-5189-5p,hsa_circ_0010642
hsa-miR-5189-5p,hsa_circ_0010643
hsa-miR-5189-5p,hsa_circ_0010644
hsa-miR-5189-5p,hsa_circ_0010691
hsa-miR-5193,hsa_circ_0040861
hsa-miR-5193,hsa_circ_0040863
hsa-miR-5193,hsa_circ_0040867
hsa-miR-595,hsa_circ_0089837
hsa-miR-595,hsa_circ_0089839
hsa-miR-6089,hsa_circ_0051922
hsa-miR-637,hsa_circ_0063202
hsa-miR-637,hsa_circ_0063203
hsa-miR-661,hsa_circ_0030854
hsa-miR-661,hsa_circ_0030859
hsa-miR-661,hsa_circ_0030860
hsa-miR-661,hsa_circ_0030861
hsa-miR-661,hsa_circ_0030862
hsa-miR-661,hsa_circ_0030867
hsa-miR-661,hsa_circ_0030868
hsa-miR-661,hsa_circ_0030870
hsa-miR-661,hsa_circ_0086929
hsa-miR-661,hsa_circ_0086930
hsa-miR-661,hsa_circ_0086931
hsa-miR-661,hsa_circ_0086936
hsa-miR-661,hsa_circ_0086938
hsa-miR-661,hsa_circ_0091805
hsa-miR-6752-5p,hsa_circ_0039097
hsa-miR-6756-5p,hsa_circ_0009560
hsa-miR-6775-5p,hsa_circ_0037451
hsa-miR-6775-5p,hsa_circ_0037453
hsa-miR-6775-5p,hsa_circ_0037455
hsa-miR-6824-5p,hsa_circ_0037995
hsa-miR-6824-5p,hsa_circ_0037996
hsa-miR-6824-5p,hsa_circ_0037997
hsa-miR-6827-5p,hsa_circ_0044509
hsa-miR-6827-5p,hsa_circ_0044510
hsa-miR-6827-5p,hsa_circ_0044511
hsa-miR-6827-5p,hsa_circ_0044512
hsa-miR-6846-5p,hsa_circ_0089528
hsa-miR-6846-5p,hsa_circ_0089531
hsa-miR-6851-5p,hsa_circ_0091806
hsa-miR-6851-5p,hsa_circ_0091807
hsa-miR-6851-5p,hsa_circ_0091808
hsa-miR-6876-5p,hsa_circ_0020208
hsa-miR-6876-5p,hsa_circ_0020212
hsa-miR-6878-3p,hsa_circ_0051585
hsa-miR-6881-3p,hsa_circ_0083682
hsa-miR-6881-3p,hsa_circ_0083683
hsa-miR-6884-5p,hsa_circ_0056703
hsa-miR-762,hsa_circ_0086981
hsa-miR-762,hsa_circ_0086982
hsa-miR-8089,hsa_circ_0076614
hsa-miR-8485,hsa_circ_0045264
hsa-miR-877-3p,hsa_circ_0062174
hsa-miR-939-5p,hsa_circ_0030834
hsa-miR-1205,hsa_circ_0086881
hsa-miR-1205,hsa_circ_0086889
hsa-miR-1205,hsa_circ_0086890
hsa-miR-1205,hsa_circ_0086891
hsa-miR-1205,hsa_circ_0086904
hsa-miR-1226-3p,hsa_circ_0066013
hsa-miR-1226-3p,hsa_circ_0066014
hsa-miR-1262,hsa_circ_0050991
hsa-miR-1273h-5p,hsa_circ_0007679
hsa-miR-1277-5p,hsa_circ_0001720
hsa-miR-149-5p,hsa_circ_0051482
hsa-miR-1913,hsa_circ_0020316
hsa-miR-2392,hsa_circ_0037995
hsa-miR-2392,hsa_circ_0037996
hsa-miR-2392,hsa_circ_0037997
hsa-miR-2392,hsa_circ_0037999
hsa-miR-30b-3p,hsa_circ_0063518
hsa-miR-3142,hsa_circ_0000931
hsa-miR-328-5p,hsa_circ_0065414
hsa-miR-328-5p,hsa_circ_0065415
hsa-miR-335-3p,hsa_circ_0019282
hsa-miR-3609,hsa_circ_0001800
hsa-miR-3613-3p,hsa_circ_0068034
hsa-miR-3613-3p,hsa_circ_0068035
hsa-miR-3613-3p,hsa_circ_0068036
hsa-miR-3613-3p,hsa_circ_0068037
hsa-miR-3613-3p,hsa_circ_0068038
hsa-miR-3613-3p,hsa_circ_0068039
hsa-miR-3613-3p,hsa_circ_0068040
hsa-miR-3613-3p,hsa_circ_0068041
hsa-miR-3613-3p,hsa_circ_0068043
hsa-miR-3620-5p,hsa_circ_0056162
hsa-miR-3909,hsa_circ_0016777
hsa-miR-3909,hsa_circ_0016778
hsa-miR-3929,hsa_circ_0008067
hsa-miR-3960,hsa_circ_0040923
hsa-miR-3960,hsa_circ_0077687
hsa-miR-4273,hsa_circ_0018228
hsa-miR-4498,hsa_circ_0013872
hsa-miR-4643,hsa_circ_0058374
hsa-miR-4658,hsa_circ_0059186
hsa-miR-4685-5p,hsa_circ_0037182
hsa-miR-4691-5p,hsa_circ_0023186
hsa-miR-4691-5p,hsa_circ_0023187
hsa-miR-4726-5p,hsa_circ_0057353
hsa-miR-4739,hsa_circ_0060211
hsa-miR-4751,hsa_circ_0057388
hsa-miR-4751,hsa_circ_0057393
hsa-miR-4763-3p,hsa_circ_0092058
hsa-miR-4767,hsa_circ_0051748
hsa-miR-4767,hsa_circ_0051750
hsa-miR-4767,hsa_circ_0051751
hsa-miR-4778-3p,hsa_circ_0072170
hsa-miR-4778-3p,hsa_circ_0072171
hsa-miR-4778-3p,hsa_circ_0072181
hsa-miR-4787-5p,hsa_circ_0029484
hsa-miR-4787-5p,hsa_circ_0029485
hsa-miR-5001-5p,hsa_circ_0010560
hsa-miR-5001-5p,hsa_circ_0010573
hsa-miR-5001-5p,hsa_circ_0010581
hsa-miR-5001-5p,hsa_circ_0010633
hsa-miR-5001-5p,hsa_circ_0010642
hsa-miR-5001-5p,hsa_circ_0010662
hsa-miR-5001-5p,hsa_circ_0010668
hsa-miR-5001-5p,hsa_circ_0010669
hsa-miR-5001-5p,hsa_circ_0010672
hsa-miR-5006-5p,hsa_circ_0049031
hsa-miR-5193,hsa_circ_0021006
hsa-miR-608,hsa_circ_0006699
hsa-miR-641,hsa_circ_0001800
hsa-miR-665,hsa_circ_0005044
hsa-miR-6754-5p,hsa_circ_0010541
hsa-miR-6754-5p,hsa_circ_0010544
hsa-miR-6754-5p,hsa_circ_0010548
hsa-miR-6754-5p,hsa_circ_0010552
hsa-miR-6754-5p,hsa_circ_0010555
hsa-miR-6754-5p,hsa_circ_0010558
hsa-miR-6756-5p,hsa_circ_0049485
hsa-miR-6762-3p,hsa_circ_0026923
hsa-miR-6762-3p,hsa_circ_0026924
hsa-miR-6762-3p,hsa_circ_0026925
hsa-miR-6762-3p,hsa_circ_0026926
hsa-miR-6762-3p,hsa_circ_0026927
hsa-miR-6762-3p,hsa_circ_0026928
hsa-miR-6762-3p,hsa_circ_0026929
hsa-miR-6775-5p,hsa_circ_0007680
hsa-miR-6775-5p,hsa_circ_0025801
hsa-miR-6775-5p,hsa_circ_0025819
hsa-miR-6775-5p,hsa_circ_0025820
hsa-miR-6775-5p,hsa_circ_0025827
hsa-miR-6775-5p,hsa_circ_0025831
hsa-miR-6798-5p,hsa_circ_0044559
hsa-miR-6798-5p,hsa_circ_0044560
hsa-miR-6803-5p,hsa_circ_0049837
hsa-miR-6803-5p,hsa_circ_0074838
hsa-miR-6809-3p,hsa_circ_0046925
hsa-miR-6874-5p,hsa_circ_0039097
hsa-miR-6880-5p,hsa_circ_0005180
hsa-miR-6880-5p,hsa_circ_0017180
hsa-miR-6880-5p,hsa_circ_0017181
hsa-miR-6880-5p,hsa_circ_0017182
hsa-miR-6880-5p,hsa_circ_0017183
hsa-miR-6880-5p,hsa_circ_0017184
hsa-miR-6883-5p,hsa_circ_0051389
hsa-miR-6893-5p,hsa_circ_0085541
hsa-miR-762,hsa_circ_0065743
hsa-miR-7703,hsa_circ_0052290
hsa-miR-877-3p,hsa_circ_0050831
hsa-miR-1273h-5p,hsa_circ_0000246
hsa-miR-1286,hsa_circ_0044529
hsa-miR-1286,hsa_circ_0044535
hsa-miR-1286,hsa_circ_0044536
hsa-miR-3065-3p,hsa_circ_0081110
hsa-miR-30b-3p,hsa_circ_0008352
hsa-miR-30b-3p,hsa_circ_0009640
hsa-miR-30b-3p,hsa_circ_0009641
hsa-miR-30b-3p,hsa_circ_0009642
hsa-miR-3159,hsa_circ_0073877
hsa-miR-328-5p,hsa_circ_0062015
hsa-miR-330-5p,hsa_circ_0060079
hsa-miR-3613-3p,hsa_circ_0087637
hsa-miR-3613-3p,hsa_circ_0087638
hsa-miR-3613-3p,hsa_circ_0087639
hsa-miR-3613-3p,hsa_circ_0087640
hsa-miR-3619-5p,hsa_circ_0048484
hsa-miR-367-3p,hsa_circ_0037987
hsa-miR-3929,hsa_circ_0034156
hsa-miR-4270,hsa_circ_0010574
hsa-miR-4270,hsa_circ_0048698
hsa-miR-4270,hsa_circ_0048709
hsa-miR-4632-3p,hsa_circ_0078388
hsa-miR-4632-5p,hsa_circ_0025103
hsa-miR-4640-5p,hsa_circ_0019913
hsa-miR-4640-5p,hsa_circ_0019914
hsa-miR-4640-5p,hsa_circ_0069004
hsa-miR-4640-5p,hsa_circ_0069007
hsa-miR-4660,hsa_circ_0032284
hsa-miR-4685-5p,hsa_circ_0053197
hsa-miR-4692,hsa_circ_0081252
hsa-miR-4728-5p,hsa_circ_0014736
hsa-miR-4733-3p,hsa_circ_0037444
hsa-miR-4733-3p,hsa_circ_0037445
hsa-miR-4733-3p,hsa_circ_0037449
hsa-miR-4733-3p,hsa_circ_0065408
hsa-miR-4739,hsa_circ_0080166
hsa-miR-4739,hsa_circ_0080167
hsa-miR-4763-3p,hsa_circ_0020314
hsa-miR-4763-3p,hsa_circ_0020315
hsa-miR-4763-3p,hsa_circ_0020317
hsa-miR-4763-3p,hsa_circ_0033542
hsa-miR-4776-5p,hsa_circ_0081090
hsa-miR-4776-5p,hsa_circ_0081091
hsa-miR-4776-5p,hsa_circ_0081096
hsa-miR-4776-5p,hsa_circ_0081108
hsa-miR-4776-5p,hsa_circ_0081111
hsa-miR-4776-5p,hsa_circ_0081116
hsa-miR-4776-5p,hsa_circ_0081120
hsa-miR-4776-5p,hsa_circ_0081122
hsa-miR-5001-5p,hsa_circ_0052231
hsa-miR-6721-5p,hsa_circ_0020761
hsa-miR-6721-5p,hsa_circ_0020762
hsa-miR-6734-3p,hsa_circ_0026924
hsa-miR-6734-3p,hsa_circ_0026925
hsa-miR-6734-3p,hsa_circ_0026926
hsa-miR-6734-3p,hsa_circ_0026927
hsa-miR-6734-3p,hsa_circ_0026928
hsa-miR-6734-3p,hsa_circ_0026929
hsa-miR-6735-5p,hsa_circ_0052258
hsa-miR-6791-5p,hsa_circ_0049814
hsa-miR-6791-5p,hsa_circ_0049815
hsa-miR-6798-5p,hsa_circ_0014031
hsa-miR-6812-5p,hsa_circ_0012336
hsa-miR-6813-5p,hsa_circ_0063202
hsa-miR-6813-5p,hsa_circ_0063203
hsa-miR-6827-5p,hsa_circ_0010694
hsa-miR-6827-5p,hsa_circ_0010695
hsa-miR-6836-5p,hsa_circ_0046240
hsa-miR-6836-5p,hsa_circ_0051048
hsa-miR-6838-5p,hsa_circ_0040873
hsa-miR-6838-5p,hsa_circ_0040874
hsa-miR-6879-5p,hsa_circ_0014742
hsa-miR-6881-3p,hsa_circ_0074490
hsa-miR-6884-5p,hsa_circ_0060490
hsa-miR-762,hsa_circ_0010683
hsa-miR-762,hsa_circ_0010691
hsa-miR-762,hsa_circ_0010703
hsa-miR-762,hsa_circ_0030834
hsa-miR-1277-5p,hsa_circ_0055605
hsa-miR-1301-3p,hsa_circ_0034773
hsa-miR-138-5p,hsa_circ_0011484
hsa-miR-138-5p,hsa_circ_0011485
hsa-miR-145-5p,hsa_circ_0020490
hsa-miR-181b-5p,hsa_circ_0065022
hsa-miR-1914-5p,hsa_circ_0085899
hsa-miR-1914-5p,hsa_circ_0085900
hsa-miR-19b-1-5p,hsa_circ_0020490
hsa-miR-2861,hsa_circ_0074447
hsa-miR-2861,hsa_circ_0074448
hsa-miR-2861,hsa_circ_0074449
hsa-miR-2861,hsa_circ_0074450
hsa-miR-2861,hsa_circ_0074451
hsa-miR-2861,hsa_circ_0074452
hsa-miR-2861,hsa_circ_0074453
hsa-miR-302a-3p,hsa_circ_0092348
hsa-miR-3140-3p,hsa_circ_0049105
hsa-miR-3142,hsa_circ_0050767
hsa-miR-3145-3p,hsa_circ_0019095
hsa-miR-3145-3p,hsa_circ_0019096
hsa-miR-3145-3p,hsa_circ_0019097
hsa-miR-3159,hsa_circ_0060123
hsa-miR-328-5p,hsa_circ_0078794
hsa-miR-328-5p,hsa_circ_0078812
hsa-miR-328-5p,hsa_circ_0078968
hsa-miR-3613-3p,hsa_circ_0027928
hsa-miR-3619-5p,hsa_circ_0040866
hsa-miR-3663-3p,hsa_circ_0044509
hsa-miR-3663-3p,hsa_circ_0044517
hsa-miR-3663-3p,hsa_circ_0044518
hsa-miR-3663-3p,hsa_circ_0044520
hsa-miR-367-3p,hsa_circ_0023418
hsa-miR-367-3p,hsa_circ_0023419
hsa-miR-3929,hsa_circ_0050233
hsa-miR-4268,hsa_circ_0063118
hsa-miR-4446-3p,hsa_circ_0013872
hsa-miR-4677-5p,hsa_circ_0076825
hsa-miR-4677-5p,hsa_circ_0076833
hsa-miR-4685-5p,hsa_circ_0037704
hsa-miR-4685-5p,hsa_circ_0037705
hsa-miR-4691-5p,hsa_circ_0063108
hsa-miR-4691-5p,hsa_circ_0063109
hsa-miR-4691-5p,hsa_circ_0063110
hsa-miR-4728-5p,hsa_circ_0081526
hsa-miR-4739,hsa_circ_0015996
hsa-miR-4763-3p,hsa_circ_0010399
hsa-miR-4763-3p,hsa_circ_0010565
hsa-miR-4763-3p,hsa_circ_0010580
hsa-miR-4763-3p,hsa_circ_0020756
hsa-miR-4763-3p,hsa_circ_0089531
hsa-miR-4767,hsa_circ_0089654
hsa-miR-4767,hsa_circ_0089655
hsa-miR-502-3p,hsa_circ_0049442
hsa-miR-504-3p,hsa_circ_0055327
hsa-miR-5088-3p,hsa_circ_0089426
hsa-miR-5088-3p,hsa_circ_0089427
hsa-miR-518c-5p,hsa_circ_0039602
hsa-miR-5193,hsa_circ_0076122
hsa-miR-548ae-3p,hsa_circ_0073606
hsa-miR-548aj-3p,hsa_circ_0073606
hsa-miR-5787,hsa_circ_0051922
hsa-miR-612,hsa_circ_0010698
hsa-miR-612,hsa_circ_0010699
hsa-miR-637,hsa_circ_0051281
hsa-miR-637,hsa_circ_0051285
hsa-miR-637,hsa_circ_0063208
hsa-miR-637,hsa_circ_0063212
hsa-miR-637,hsa_circ_0063213
hsa-miR-6753-5p,hsa_circ_0044538
hsa-miR-6756-5p,hsa_circ_0037694
hsa-miR-6782-5p,hsa_circ_0019978
hsa-miR-6846-5p,hsa_circ_0009564
hsa-miR-6846-5p,hsa_circ_0009565
hsa-miR-6848-5p,hsa_circ_0011487
hsa-miR-6851-5p,hsa_circ_0051309
hsa-miR-6868-3p,hsa_circ_0040732
hsa-miR-6868-3p,hsa_circ_0040733
hsa-miR-6868-3p,hsa_circ_0040734
hsa-miR-6868-3p,hsa_circ_0040735
hsa-miR-6876-5p,hsa_circ_0032902
hsa-miR-6884-5p,hsa_circ_0038032
hsa-miR-6884-5p,hsa_circ_0087088
hsa-miR-6884-5p,hsa_circ_0091222
hsa-miR-7160-5p,hsa_circ_0065990
hsa-miR-762,hsa_circ_0078794
hsa-miR-762,hsa_circ_0078812
hsa-miR-762,hsa_circ_0078968
hsa-miR-939-3p,hsa_circ_0083576
hsa-miR-939-3p,hsa_circ_0083579
hsa-miR-1207-5p,hsa_circ_0009650
hsa-miR-1248,hsa_circ_0056729
hsa-miR-1277-5p,hsa_circ_0000973
hsa-miR-1301-3p,hsa_circ_0051094
hsa-miR-2054,hsa_circ_0038898
hsa-miR-3135b,hsa_circ_0038605
hsa-miR-3158-3p,hsa_circ_0059689
hsa-miR-3187-5p,hsa_circ_0051048
hsa-miR-328-5p,hsa_circ_0081506
hsa-miR-328-5p,hsa_circ_0081507
hsa-miR-328-5p,hsa_circ_0081508
hsa-miR-328-5p,hsa_circ_0081509
hsa-miR-328-5p,hsa_circ_0081510
hsa-miR-3529-3p,hsa_circ_0089761
hsa-miR-3613-3p,hsa_circ_0038905
hsa-miR-3613-3p,hsa_circ_0038912
hsa-miR-3613-3p,hsa_circ_0039019
hsa-miR-3613-3p,hsa_circ_0039020
hsa-miR-3619-5p,hsa_circ_0026092
hsa-miR-3620-5p,hsa_circ_0045680
hsa-miR-3661,hsa_circ_0010691
hsa-miR-3661,hsa_circ_0010703
hsa-miR-378a-5p,hsa_circ_0012655
hsa-miR-3929,hsa_circ_0065511
hsa-miR-4269,hsa_circ_0065990
hsa-miR-4270,hsa_circ_0026925
hsa-miR-4270,hsa_circ_0026926
hsa-miR-4270,hsa_circ_0026927
hsa-miR-4270,hsa_circ_0026928
hsa-miR-4270,hsa_circ_0026929
hsa-miR-4685-5p,hsa_circ_0023023
hsa-miR-4691-5p,hsa_circ_0060075
hsa-miR-4691-5p,hsa_circ_0060079
hsa-miR-4706,hsa_circ_0002172
hsa-miR-4706,hsa_circ_0089776
hsa-miR-4726-3p,hsa_circ_0065481
hsa-miR-4726-5p,hsa_circ_0010541
hsa-miR-4726-5p,hsa_circ_0010544
hsa-miR-4726-5p,hsa_circ_0010547
hsa-miR-4726-5p,hsa_circ_0010548
hsa-miR-4726-5p,hsa_circ_0010552
hsa-miR-4726-5p,hsa_circ_0010555
hsa-miR-4726-5p,hsa_circ_0010557
hsa-miR-4726-5p,hsa_circ_0010558
hsa-miR-4726-5p,hsa_circ_0065412
hsa-miR-4726-5p,hsa_circ_0065413
hsa-miR-4733-3p,hsa_circ_0018685
hsa-miR-4739,hsa_circ_0031403
hsa-miR-4739,hsa_circ_0049109
hsa-miR-4739,hsa_circ_0049110
hsa-miR-4739,hsa_circ_0049111
hsa-miR-4739,hsa_circ_0049112
hsa-miR-4739,hsa_circ_0049113
hsa-miR-4739,hsa_circ_0049115
hsa-miR-4739,hsa_circ_0049116
hsa-miR-4739,hsa_circ_0049120
hsa-miR-4763-3p,hsa_circ_0020556
hsa-miR-4763-3p,hsa_circ_0025078
hsa-miR-4763-3p,hsa_circ_0025080
hsa-miR-4763-3p,hsa_circ_0025081
hsa-miR-4763-3p,hsa_circ_0025082
hsa-miR-4763-3p,hsa_circ_0025084
hsa-miR-4763-3p,hsa_circ_0039075
hsa-miR-4763-3p,hsa_circ_0039087
hsa-miR-5008-3p,hsa_circ_0020669
hsa-miR-5047,hsa_circ_0034771
hsa-miR-544b,hsa_circ_0041843
hsa-miR-612,hsa_circ_0012044
hsa-miR-637,hsa_circ_0019891
hsa-miR-637,hsa_circ_0019911
hsa-miR-637,hsa_circ_0019912
hsa-miR-6511a-5p,hsa_circ_0065388
hsa-miR-6511a-5p,hsa_circ_0087424
hsa-miR-6511a-5p,hsa_circ_0087425
hsa-miR-661,hsa_circ_0002172
hsa-miR-661,hsa_circ_0089776
hsa-miR-670-3p,hsa_circ_0056345
hsa-miR-6726-5p,hsa_circ_0011486
hsa-miR-6756-5p,hsa_circ_0009661
hsa-miR-6756-5p,hsa_circ_0025023
hsa-miR-6756-5p,hsa_circ_0026070
hsa-miR-6756-5p,hsa_circ_0026071
hsa-miR-6756-5p,hsa_circ_0026072
hsa-miR-6756-5p,hsa_circ_0026073
hsa-miR-6756-5p,hsa_circ_0026074
hsa-miR-6760-5p,hsa_circ_0080298
hsa-miR-6779-5p,hsa_circ_0081678
hsa-miR-6780a-5p,hsa_circ_0016475
hsa-miR-6780a-5p,hsa_circ_0016476
hsa-miR-6836-5p,hsa_circ_0065130
hsa-miR-6836-5p,hsa_circ_0068587
hsa-miR-6845-3p,hsa_circ_0082480
hsa-miR-6874-5p,hsa_circ_0089331
hsa-miR-762,hsa_circ_0029292
hsa-miR-7843-5p,hsa_circ_0020316
hsa-miR-7847-3p,hsa_circ_0031207
hsa-miR-8085,hsa_circ_0069071
hsa-miR-1184,hsa_circ_0086926
hsa-miR-1207-5p,hsa_circ_0062534
hsa-miR-1207-5p,hsa_circ_0062537
hsa-miR-1236-3p,hsa_circ_0041570
hsa-miR-1236-3p,hsa_circ_0041571
hsa-miR-1236-3p,hsa_circ_0041572
hsa-miR-1236-3p,hsa_circ_0041573
hsa-miR-1236-3p,hsa_circ_0041574
hsa-miR-1236-3p,hsa_circ_0041575
hsa-miR-1236-3p,hsa_circ_0041576
hsa-miR-1236-3p,hsa_circ_0041577
hsa-miR-1236-3p,hsa_circ_0041578
hsa-miR-1236-3p,hsa_circ_0041579
hsa-miR-1249-5p,hsa_circ_0007600
hsa-miR-1249-5p,hsa_circ_0009180
hsa-miR-1273h-5p,hsa_circ_0049439
hsa-miR-1303,hsa_circ_0064330
hsa-miR-154-3p,hsa_circ_0020283
hsa-miR-1587,hsa_circ_0010583
hsa-miR-1587,hsa_circ_0010606
hsa-miR-15a-5p,hsa_circ_0009717
hsa-miR-181a-5p,hsa_circ_0035157
hsa-miR-3064-5p,hsa_circ_0086858
hsa-miR-3064-5p,hsa_circ_0086859
hsa-miR-3064-5p,hsa_circ_0086860
hsa-miR-3064-5p,hsa_circ_0086862
hsa-miR-3619-5p,hsa_circ_0076006
hsa-miR-3619-5p,hsa_circ_0076013
hsa-miR-3663-3p,hsa_circ_0034154
hsa-miR-3929,hsa_circ_0059143
hsa-miR-423-5p,hsa_circ_0045264
hsa-miR-4307,hsa_circ_0046840
hsa-miR-4307,hsa_circ_0046844
hsa-miR-4307,hsa_circ_0046845
hsa-miR-4307,hsa_circ_0046847
hsa-miR-4307,hsa_circ_0046850
hsa-miR-4307,hsa_circ_0046851
hsa-miR-4307,hsa_circ_0046852
hsa-miR-4433b-3p,hsa_circ_0049125
hsa-miR-4493,hsa_circ_0000931
hsa-miR-4644,hsa_circ_0021992
hsa-miR-4644,hsa_circ_0021993
hsa-miR-4644,hsa_circ_0021994
hsa-miR-4685-5p,hsa_circ_0046335
hsa-miR-4685-5p,hsa_circ_0046336
hsa-miR-4685-5p,hsa_circ_0046337
hsa-miR-4685-5p,hsa_circ_0046338
hsa-miR-4685-5p,hsa_circ_0046345
hsa-miR-4685-5p,hsa_circ_0046349
hsa-miR-4726-5p,hsa_circ_0065397
hsa-miR-4739,hsa_circ_0011065
hsa-miR-4747-5p,hsa_circ_0026923
hsa-miR-4747-5p,hsa_circ_0026924
hsa-miR-4747-5p,hsa_circ_0026925
hsa-miR-4747-5p,hsa_circ_0026926
hsa-miR-4747-5p,hsa_circ_0026927
hsa-miR-4747-5p,hsa_circ_0026928
hsa-miR-4747-5p,hsa_circ_0026929
hsa-miR-4763-3p,hsa_circ_0022862
hsa-miR-4775,hsa_circ_0082732
hsa-miR-4778-3p,hsa_circ_0027666
hsa-miR-492,hsa_circ_0057424
hsa-miR-492,hsa_circ_0057425
hsa-miR-492,hsa_circ_0057427
hsa-miR-5001-5p,hsa_circ_0052245
hsa-miR-5001-5p,hsa_circ_0078794
hsa-miR-5001-5p,hsa_circ_0078812
hsa-miR-5001-5p,hsa_circ_0078968
hsa-miR-501-5p,hsa_circ_0055740
hsa-miR-513a-3p,hsa_circ_0024881
hsa-miR-513c-3p,hsa_circ_0024881
hsa-miR-608,hsa_circ_0057955
hsa-miR-6132,hsa_circ_0044551
hsa-miR-6132,hsa_circ_0044552
hsa-miR-6132,hsa_circ_0049815
hsa-miR-615-5p,hsa_circ_0011303
hsa-miR-6752-5p,hsa_circ_0039075
hsa-miR-6752-5p,hsa_circ_0039087
hsa-miR-6752-5p,hsa_circ_0039090
hsa-miR-6753-5p,hsa_circ_0044530
hsa-miR-6754-5p,hsa_circ_0010703
hsa-miR-6756-5p,hsa_circ_0080166
hsa-miR-6756-5p,hsa_circ_0080167
hsa-miR-6762-5p,hsa_circ_0081063
hsa-miR-6762-5p,hsa_circ_0081065
hsa-miR-6762-5p,hsa_circ_0081066
hsa-miR-6774-5p,hsa_circ_0038898
hsa-miR-6783-3p,hsa_circ_0065399
hsa-miR-6783-3p,hsa_circ_0065400
hsa-miR-6783-3p,hsa_circ_0065401
hsa-miR-6803-5p,hsa_circ_0082879
hsa-miR-6808-5p,hsa_circ_0082881
hsa-miR-6846-5p,hsa_circ_0026098
hsa-miR-6846-5p,hsa_circ_0026099
hsa-miR-6846-5p,hsa_circ_0026100
hsa-miR-6860,hsa_circ_0086853
hsa-miR-6860,hsa_circ_0086854
hsa-miR-6860,hsa_circ_0086855
hsa-miR-6860,hsa_circ_0086856
hsa-miR-6860,hsa_circ_0086857
hsa-miR-6884-5p,hsa_circ_0000939
hsa-miR-6884-5p,hsa_circ_0026122
hsa-miR-6884-5p,hsa_circ_0065388
hsa-miR-7106-5p,hsa_circ_0082817
hsa-miR-7111-5p,hsa_circ_0050085
hsa-miR-7111-5p,hsa_circ_0050086
hsa-miR-7111-5p,hsa_circ_0050087
hsa-miR-7112-5p,hsa_circ_0089547
hsa-miR-765,hsa_circ_0031207
hsa-miR-873-5p,hsa_circ_0075974
hsa-miR-873-5p,hsa_circ_0075986
hsa-miR-873-5p,hsa_circ_0075988
hsa-miR-1226-3p,hsa_circ_0091855
hsa-miR-1226-3p,hsa_circ_0091856
hsa-miR-1226-3p,hsa_circ_0091857
hsa-miR-1226-3p,hsa_circ_0091858
hsa-miR-1270,hsa_circ_0037564
hsa-miR-1270,hsa_circ_0037565
hsa-miR-1270,hsa_circ_0037568
hsa-miR-1270,hsa_circ_0037570
hsa-miR-1270,hsa_circ_0037574
hsa-miR-1273h-5p,hsa_circ_0020595
hsa-miR-149-3p,hsa_circ_0052253
hsa-miR-3065-3p,hsa_circ_0081152
hsa-miR-3065-3p,hsa_circ_0081154
hsa-miR-3065-3p,hsa_circ_0081155
hsa-miR-3135b,hsa_circ_0091222
hsa-miR-3187-5p,hsa_circ_0034156
hsa-miR-3187-5p,hsa_circ_0086871
hsa-miR-3187-5p,hsa_circ_0086885
hsa-miR-3187-5p,hsa_circ_0086886
hsa-miR-3187-5p,hsa_circ_0086887
hsa-miR-3187-5p,hsa_circ_0086888
hsa-miR-3187-5p,hsa_circ_0086892
hsa-miR-3187-5p,hsa_circ_0086893
hsa-miR-3187-5p,hsa_circ_0086897
hsa-miR-3187-5p,hsa_circ_0086898
hsa-miR-3613-3p,hsa_circ_0063518
hsa-miR-3613-3p,hsa_circ_0070490
hsa-miR-3620-5p,hsa_circ_0041864
hsa-miR-3620-5p,hsa_circ_0041876
hsa-miR-3620-5p,hsa_circ_0041881
hsa-miR-3620-5p,hsa_circ_0041887
hsa-miR-3620-5p,hsa_circ_0041888
hsa-miR-3620-5p,hsa_circ_0041890
hsa-miR-3929,hsa_circ_0050598
hsa-miR-423-5p,hsa_circ_0049667
hsa-miR-4498,hsa_circ_0010726
hsa-miR-4498,hsa_circ_0010727
hsa-miR-4498,hsa_circ_0010729
hsa-miR-4530,hsa_circ_0034154
hsa-miR-4632-5p,hsa_circ_0026925
hsa-miR-4632-5p,hsa_circ_0026926
hsa-miR-4632-5p,hsa_circ_0026927
hsa-miR-4632-5p,hsa_circ_0026928
hsa-miR-4632-5p,hsa_circ_0026929
hsa-miR-4651,hsa_circ_0041951
hsa-miR-4651,hsa_circ_0041952
hsa-miR-4685-5p,hsa_circ_0081673
hsa-miR-4689,hsa_circ_0059073
hsa-miR-4689,hsa_circ_0059079
hsa-miR-4691-3p,hsa_circ_0028717
hsa-miR-4691-3p,hsa_circ_0028718
hsa-miR-4728-5p,hsa_circ_0091740
hsa-miR-4743-3p,hsa_circ_0060070
hsa-miR-4743-3p,hsa_circ_0060071
hsa-miR-4743-3p,hsa_circ_0060073
hsa-miR-4743-3p,hsa_circ_0060075
hsa-miR-4762-3p,hsa_circ_0030474
hsa-miR-4762-3p,hsa_circ_0030478
hsa-miR-4763-3p,hsa_circ_0025820
hsa-miR-4796-3p,hsa_circ_0009180
hsa-miR-5189-5p,hsa_circ_0010657
hsa-miR-5189-5p,hsa_circ_0010670
hsa-miR-5189-5p,hsa_circ_0010671
hsa-miR-5189-5p,hsa_circ_0010677
hsa-miR-5193,hsa_circ_0024416
hsa-miR-548bb-3p,hsa_circ_0052115
hsa-miR-573,hsa_circ_0017433
hsa-miR-608,hsa_circ_0020309
hsa-miR-608,hsa_circ_0020314
hsa-miR-608,hsa_circ_0020315
hsa-miR-608,hsa_circ_0020317
hsa-miR-6127,hsa_circ_0069071
hsa-miR-661,hsa_circ_0010557
hsa-miR-661,hsa_circ_0010593
hsa-miR-661,hsa_circ_0010630
hsa-miR-663a,hsa_circ_0051929
hsa-miR-665,hsa_circ_0065411
hsa-miR-6756-5p,hsa_circ_0052245
hsa-miR-6758-5p,hsa_circ_0016308
hsa-miR-6762-5p,hsa_circ_0089547
hsa-miR-6769a-3p,hsa_circ_0000939
hsa-miR-6791-3p,hsa_circ_0040543
hsa-miR-6791-5p,hsa_circ_0037739
hsa-miR-6838-5p,hsa_circ_0040875
hsa-miR-6845-3p,hsa_circ_0020316
hsa-miR-6848-5p,hsa_circ_0048499
hsa-miR-6860,hsa_circ_0086904
hsa-miR-6860,hsa_circ_0086916
hsa-miR-6860,hsa_circ_0086917
hsa-miR-6860,hsa_circ_0086929
hsa-miR-6860,hsa_circ_0086930
hsa-miR-6860,hsa_circ_0086931
hsa-miR-6868-3p,hsa_circ_0056828
hsa-miR-6874-3p,hsa_circ_0066962
hsa-miR-6874-3p,hsa_circ_0066963
hsa-miR-6892-3p,hsa_circ_0089785
hsa-miR-761,hsa_circ_0063799
hsa-miR-761,hsa_circ_0063801
hsa-miR-761,hsa_circ_0063802
hsa-miR-762,hsa_circ_0091740
hsa-miR-7703,hsa_circ_0081596
hsa-miR-885-3p,hsa_circ_0052250
hsa-miR-1181,hsa_circ_0072583
hsa-miR-1181,hsa_circ_0072584
hsa-miR-1205,hsa_circ_0016782
hsa-miR-1268b,hsa_circ_0038898
hsa-miR-1273h-5p,hsa_circ_0016475
hsa-miR-1273h-5p,hsa_circ_0016476
hsa-miR-1286,hsa_circ_0044521
hsa-miR-1286,hsa_circ_0044523
hsa-miR-181d-5p,hsa_circ_0029593
hsa-miR-181d-5p,hsa_circ_0029594
hsa-miR-1972,hsa_circ_0016777
hsa-miR-1972,hsa_circ_0016778
hsa-miR-30b-3p,hsa_circ_0052935
hsa-miR-30b-3p,hsa_circ_0055693
hsa-miR-30b-3p,hsa_circ_0055696
hsa-miR-3145-3p,hsa_circ_0007143
hsa-miR-3187-5p,hsa_circ_0081517
hsa-miR-3192-5p,hsa_circ_0049494
hsa-miR-3613-3p,hsa_circ_0070076
hsa-miR-3613-3p,hsa_circ_0070077
hsa-miR-3613-3p,hsa_circ_0070078
hsa-miR-3613-3p,hsa_circ_0070079
hsa-miR-3613-3p,hsa_circ_0070080
hsa-miR-3613-3p,hsa_circ_0070081
hsa-miR-3613-3p,hsa_circ_0070082
hsa-miR-3613-3p,hsa_circ_0070083
hsa-miR-3619-5p,hsa_circ_0082878
hsa-miR-3679-3p,hsa_circ_0089761
hsa-miR-3692-3p,hsa_circ_0049140
hsa-miR-3929,hsa_circ_0016027
hsa-miR-3929,hsa_circ_0072817
hsa-miR-3929,hsa_circ_0072819
hsa-miR-3929,hsa_circ_0072821
hsa-miR-3929,hsa_circ_0077566
hsa-miR-3929,hsa_circ_0086740
hsa-miR-4632-5p,hsa_circ_0025082
hsa-miR-4640-5p,hsa_circ_0058665
hsa-miR-4642,hsa_circ_0049104
hsa-miR-4656,hsa_circ_0019789
hsa-miR-4656,hsa_circ_0019793
hsa-miR-4656,hsa_circ_0019795
hsa-miR-4656,hsa_circ_0019796
hsa-miR-4659a-3p,hsa_circ_0049122
hsa-miR-4659a-3p,hsa_circ_0049125
hsa-miR-4667-5p,hsa_circ_0036280
hsa-miR-4685-5p,hsa_circ_0052003
hsa-miR-4685-5p,hsa_circ_0079260
hsa-miR-4726-5p,hsa_circ_0065420
hsa-miR-4739,hsa_circ_0059785
hsa-miR-4739,hsa_circ_0059788
hsa-miR-4739,hsa_circ_0059789
hsa-miR-4762-3p,hsa_circ_0030465
hsa-miR-4768-3p,hsa_circ_0075961
hsa-miR-4775,hsa_circ_0009652
hsa-miR-551b-5p,hsa_circ_0034112
hsa-miR-559,hsa_circ_0001800
hsa-miR-5684,hsa_circ_0008323
hsa-miR-5787,hsa_circ_0064191
hsa-miR-5787,hsa_circ_0082879
hsa-miR-6089,hsa_circ_0081633
hsa-miR-660-3p,hsa_circ_0027022
hsa-miR-664a-3p,hsa_circ_0035141
hsa-miR-664a-3p,hsa_circ_0035143
hsa-miR-665,hsa_circ_0079399
hsa-miR-6720-5p,hsa_circ_0050101
hsa-miR-6721-5p,hsa_circ_0021880
hsa-miR-6721-5p,hsa_circ_0021881
hsa-miR-6721-5p,hsa_circ_0021882
hsa-miR-6734-3p,hsa_circ_0070741
hsa-miR-6740-3p,hsa_circ_0049716
hsa-miR-6756-5p,hsa_circ_0010549
hsa-miR-6756-5p,hsa_circ_0010553
hsa-miR-6756-5p,hsa_circ_0037999
hsa-miR-6756-5p,hsa_circ_0040605
hsa-miR-6764-5p,hsa_circ_0062693
hsa-miR-6764-5p,hsa_circ_0062694
hsa-miR-6764-5p,hsa_circ_0062695
hsa-miR-6764-5p,hsa_circ_0062696
hsa-miR-6764-5p,hsa_circ_0062697
hsa-miR-6764-5p,hsa_circ_0062698
hsa-miR-6764-5p,hsa_circ_0062699
hsa-miR-6787-3p,hsa_circ_0052003
hsa-miR-6791-5p,hsa_circ_0020556
hsa-miR-6878-3p,hsa_circ_0052258
hsa-miR-6881-3p,hsa_circ_0011584
hsa-miR-6881-3p,hsa_circ_0011592
hsa-miR-6883-5p,hsa_circ_0024264
hsa-miR-6883-5p,hsa_circ_0024265
hsa-miR-6884-5p,hsa_circ_0038209
hsa-miR-6884-5p,hsa_circ_0080692
hsa-miR-6887-3p,hsa_circ_0002172
hsa-miR-6887-3p,hsa_circ_0089776
hsa-miR-8073,hsa_circ_0060796
hsa-miR-877-3p,hsa_circ_0013869
hsa-miR-1268b,hsa_circ_0051922
hsa-miR-1277-5p,hsa_circ_0085631
hsa-miR-181a-5p,hsa_circ_0035161
hsa-miR-3187-5p,hsa_circ_0078934
hsa-miR-328-5p,hsa_circ_0021828
hsa-miR-335-3p,hsa_circ_0064817
hsa-miR-3613-3p,hsa_circ_0011819
hsa-miR-3613-3p,hsa_circ_0041843
hsa-miR-3619-5p,hsa_circ_0033232
hsa-miR-3619-5p,hsa_circ_0033244
hsa-miR-3619-5p,hsa_circ_0084226
hsa-miR-3619-5p,hsa_circ_0084227
hsa-miR-3619-5p,hsa_circ_0084228
hsa-miR-3619-5p,hsa_circ_0084229
hsa-miR-3619-5p,hsa_circ_0084230
hsa-miR-3619-5p,hsa_circ_0084231
hsa-miR-3619-5p,hsa_circ_0084245
hsa-miR-3619-5p,hsa_circ_0084247
hsa-miR-3619-5p,hsa_circ_0084252
hsa-miR-3619-5p,hsa_circ_0084253
hsa-miR-4283,hsa_circ_0048520
hsa-miR-4474-3p,hsa_circ_0088738
hsa-miR-4474-3p,hsa_circ_0088741
hsa-miR-4498,hsa_circ_0051279
hsa-miR-4498,hsa_circ_0051285
hsa-miR-4632-5p,hsa_circ_0052231
hsa-miR-4640-5p,hsa_circ_0055207
hsa-miR-4684-5p,hsa_circ_0087637
hsa-miR-4684-5p,hsa_circ_0087638
hsa-miR-4684-5p,hsa_circ_0087639
hsa-miR-4684-5p,hsa_circ_0087640
hsa-miR-4753-3p,hsa_circ_0074449
hsa-miR-4753-3p,hsa_circ_0074459
hsa-miR-4753-3p,hsa_circ_0074460
hsa-miR-4753-3p,hsa_circ_0087787
hsa-miR-4755-3p,hsa_circ_0085899
hsa-miR-4755-3p,hsa_circ_0085900
hsa-miR-4763-3p,hsa_circ_0010598
hsa-miR-4763-3p,hsa_circ_0010621
hsa-miR-4775,hsa_circ_0043298
hsa-miR-4775,hsa_circ_0043980
hsa-miR-4775,hsa_circ_0050270
hsa-miR-485-5p,hsa_circ_0049439
hsa-miR-5001-5p,hsa_circ_0033561
hsa-miR-5189-5p,hsa_circ_0078886
hsa-miR-5189-5p,hsa_circ_0078946
hsa-miR-5193,hsa_circ_0048415
hsa-miR-548aq-3p,hsa_circ_0067105
hsa-miR-548aq-3p,hsa_circ_0067106
hsa-miR-5787,hsa_circ_0036872
hsa-miR-5787,hsa_circ_0036874
hsa-miR-6089,hsa_circ_0037739
hsa-miR-615-5p,hsa_circ_0065398
hsa-miR-615-5p,hsa_circ_0065405
hsa-miR-637,hsa_circ_0019919
hsa-miR-637,hsa_circ_0048726
hsa-miR-6721-5p,hsa_circ_0022728
hsa-miR-6721-5p,hsa_circ_0040799
hsa-miR-6721-5p,hsa_circ_0040800
hsa-miR-6721-5p,hsa_circ_0040801
hsa-miR-6722-3p,hsa_circ_0020554
hsa-miR-6732-5p,hsa_circ_0010089
hsa-miR-6732-5p,hsa_circ_0010090
hsa-miR-6751-5p,hsa_circ_0026096
hsa-miR-6751-5p,hsa_circ_0080684
hsa-miR-6751-5p,hsa_circ_0080685
hsa-miR-6755-3p,hsa_circ_0071602
hsa-miR-6775-3p,hsa_circ_0088171
hsa-miR-6791-5p,hsa_circ_0050660
hsa-miR-6797-5p,hsa_circ_0087119
hsa-miR-6798-5p,hsa_circ_0044525
hsa-miR-6798-5p,hsa_circ_0076069
hsa-miR-6804-3p,hsa_circ_0037450
hsa-miR-6804-3p,hsa_circ_0037454
hsa-miR-6804-3p,hsa_circ_0037458
hsa-miR-6804-3p,hsa_circ_0037459
hsa-miR-6804-3p,hsa_circ_0037460
hsa-miR-6804-3p,hsa_circ_0037461
hsa-miR-6804-3p,hsa_circ_0037462
hsa-miR-6804-3p,hsa_circ_0037463
hsa-miR-6804-3p,hsa_circ_0037464
hsa-miR-6808-5p,hsa_circ_0044246
hsa-miR-6809-3p,hsa_circ_0084511
hsa-miR-6829-3p,hsa_circ_0040861
hsa-miR-6829-3p,hsa_circ_0040863
hsa-miR-6829-3p,hsa_circ_0040867
hsa-miR-6836-5p,hsa_circ_0044507
hsa-miR-6860,hsa_circ_0010682
hsa-miR-6860,hsa_circ_0010683
hsa-miR-6860,hsa_circ_0041999
hsa-miR-6860,hsa_circ_0042001
hsa-miR-6860,hsa_circ_0042003
hsa-miR-6881-3p,hsa_circ_0012789
hsa-miR-6884-3p,hsa_circ_0056629
hsa-miR-6884-5p,hsa_circ_0004454
hsa-miR-7113-3p,hsa_circ_0089529
hsa-miR-7113-3p,hsa_circ_0089530
hsa-miR-762,hsa_circ_0037448
hsa-miR-762,hsa_circ_0037451
hsa-miR-762,hsa_circ_0091806
hsa-miR-762,hsa_circ_0091807
hsa-miR-762,hsa_circ_0091808
hsa-miR-1207-5p,hsa_circ_0010639
hsa-miR-1207-5p,hsa_circ_0010655
hsa-miR-1207-5p,hsa_circ_0051308
hsa-miR-1207-5p,hsa_circ_0061080
hsa-miR-1262,hsa_circ_0049104
hsa-miR-1303,hsa_circ_0043015
hsa-miR-3155a,hsa_circ_0086110
hsa-miR-3192-5p,hsa_circ_0006177
hsa-miR-3615,hsa_circ_0061128
hsa-miR-3941,hsa_circ_0089792
hsa-miR-4430,hsa_circ_0055902
hsa-miR-4505,hsa_circ_0039097
hsa-miR-4632-5p,hsa_circ_0010609
hsa-miR-4685-5p,hsa_circ_0062583
hsa-miR-4688,hsa_circ_0025033
hsa-miR-4695-5p,hsa_circ_0009313
hsa-miR-4726-5p,hsa_circ_0010574
hsa-miR-4726-5p,hsa_circ_0089464
hsa-miR-4728-5p,hsa_circ_0024486
hsa-miR-4733-3p,hsa_circ_0065406
hsa-miR-4739,hsa_circ_0058231
hsa-miR-4751,hsa_circ_0057427
hsa-miR-4751,hsa_circ_0057437
hsa-miR-4751,hsa_circ_0057442
hsa-miR-4763-3p,hsa_circ_0091804
hsa-miR-4778-3p,hsa_circ_0017045
hsa-miR-4778-3p,hsa_circ_0017047
hsa-miR-494-5p,hsa_circ_0018685
hsa-miR-5001-5p,hsa_circ_0050112
hsa-miR-5189-5p,hsa_circ_0009399
hsa-miR-5189-5p,hsa_circ_0009400
hsa-miR-548u,hsa_circ_0006257
hsa-miR-548x-3p,hsa_circ_0073606
hsa-miR-593-5p,hsa_circ_0044509
hsa-miR-593-5p,hsa_circ_0044510
hsa-miR-593-5p,hsa_circ_0044517
hsa-miR-593-5p,hsa_circ_0044518
hsa-miR-593-5p,hsa_circ_0044520
hsa-miR-593-5p,hsa_circ_0044526
hsa-miR-593-5p,hsa_circ_0044527
hsa-miR-593-5p,hsa_circ_0044528
hsa-miR-6089,hsa_circ_0081678
hsa-miR-608,hsa_circ_0015853
hsa-miR-608,hsa_circ_0015856
hsa-miR-650,hsa_circ_0069071
hsa-miR-660-3p,hsa_circ_0077011
hsa-miR-661,hsa_circ_0086916
hsa-miR-665,hsa_circ_0000388
hsa-miR-665,hsa_circ_0057353
hsa-miR-670-3p,hsa_circ_0011584
hsa-miR-670-3p,hsa_circ_0011586
hsa-miR-6736-3p,hsa_circ_0062512
hsa-miR-6744-3p,hsa_circ_0048698
hsa-miR-6744-3p,hsa_circ_0048709
hsa-miR-6744-5p,hsa_circ_0034138
hsa-miR-6756-5p,hsa_circ_0079247
hsa-miR-6756-5p,hsa_circ_0079250
hsa-miR-6756-5p,hsa_circ_0079253
hsa-miR-6764-5p,hsa_circ_0014451
hsa-miR-6765-5p,hsa_circ_0029351
hsa-miR-6765-5p,hsa_circ_0029353
hsa-miR-6779-3p,hsa_circ_0089788
hsa-miR-6791-5p,hsa_circ_0079232
hsa-miR-6798-5p,hsa_circ_0039087
hsa-miR-6798-5p,hsa_circ_0049813
hsa-miR-6803-5p,hsa_circ_0009372
hsa-miR-6809-3p,hsa_circ_0087788
hsa-miR-6809-3p,hsa_circ_0091422
hsa-miR-6809-3p,hsa_circ_0091423
hsa-miR-6809-3p,hsa_circ_0091424
hsa-miR-6815-5p,hsa_circ_0089547
hsa-miR-6815-5p,hsa_circ_0089552
hsa-miR-6836-5p,hsa_circ_0073943
hsa-miR-6852-5p,hsa_circ_0030873
hsa-miR-6860,hsa_circ_0010653
hsa-miR-6860,hsa_circ_0010668
hsa-miR-6860,hsa_circ_0010672
hsa-miR-6867-3p,hsa_circ_0065408
hsa-miR-6873-3p,hsa_circ_0060079
hsa-miR-6879-5p,hsa_circ_0080517
hsa-miR-6884-5p,hsa_circ_0048940
hsa-miR-7111-3p,hsa_circ_0014742
hsa-miR-762,hsa_circ_0037694
hsa-miR-767-5p,hsa_circ_0070895
hsa-miR-1248,hsa_circ_0087562
hsa-miR-1249-5p,hsa_circ_0088723
hsa-miR-1249-5p,hsa_circ_0088724
hsa-miR-1277-5p,hsa_circ_0004314
hsa-miR-1303,hsa_circ_0011819
hsa-miR-143-5p,hsa_circ_0004036
hsa-miR-1587,hsa_circ_0062583
hsa-miR-1587,hsa_circ_0062585
hsa-miR-181d-5p,hsa_circ_0047394
hsa-miR-181d-5p,hsa_circ_0052054
hsa-miR-1915-5p,hsa_circ_0082192
hsa-miR-1915-5p,hsa_circ_0082195
hsa-miR-1915-5p,hsa_circ_0082199
hsa-miR-1915-5p,hsa_circ_0082201
hsa-miR-1915-5p,hsa_circ_0082202
hsa-miR-1915-5p,hsa_circ_0082203
hsa-miR-19a-5p,hsa_circ_0020490
hsa-miR-3135a,hsa_circ_0004036
hsa-miR-3157-5p,hsa_circ_0011828
hsa-miR-3173-3p,hsa_circ_0058914
hsa-miR-3187-5p,hsa_circ_0022834
hsa-miR-3187-5p,hsa_circ_0090561
hsa-miR-328-5p,hsa_circ_0050085
hsa-miR-328-5p,hsa_circ_0050086
hsa-miR-3619-5p,hsa_circ_0046335
hsa-miR-3925-3p,hsa_circ_0040333
hsa-miR-3925-3p,hsa_circ_0040334
hsa-miR-3925-3p,hsa_circ_0040335
hsa-miR-3925-3p,hsa_circ_0040336
hsa-miR-4268,hsa_circ_0063100
hsa-miR-4268,hsa_circ_0063114
hsa-miR-4268,hsa_circ_0063115
hsa-miR-4498,hsa_circ_0041864
hsa-miR-4498,hsa_circ_0041876
hsa-miR-4498,hsa_circ_0041881
hsa-miR-4498,hsa_circ_0041887
hsa-miR-4498,hsa_circ_0041888
hsa-miR-4498,hsa_circ_0041890
hsa-miR-4498,hsa_circ_0041891
hsa-miR-4498,hsa_circ_0085885
hsa-miR-4510,hsa_circ_0080166
hsa-miR-4510,hsa_circ_0080167
hsa-miR-4651,hsa_circ_0039059
hsa-miR-4651,hsa_circ_0039060
hsa-miR-4651,hsa_circ_0039062
hsa-miR-4651,hsa_circ_0039063
hsa-miR-4685-5p,hsa_circ_0029491
hsa-miR-4685-5p,hsa_circ_0029492
hsa-miR-4685-5p,hsa_circ_0029493
hsa-miR-4685-5p,hsa_circ_0029494
hsa-miR-4685-5p,hsa_circ_0029495
hsa-miR-4685-5p,hsa_circ_0029496
hsa-miR-4685-5p,hsa_circ_0029497
hsa-miR-4685-5p,hsa_circ_0046002
hsa-miR-4685-5p,hsa_circ_0062089
hsa-miR-4726-5p,hsa_circ_0081098
hsa-miR-4726-5p,hsa_circ_0081099
hsa-miR-4726-5p,hsa_circ_0081100
hsa-miR-4726-5p,hsa_circ_0081101
hsa-miR-4726-5p,hsa_circ_0081105
hsa-miR-4726-5p,hsa_circ_0081109
hsa-miR-4763-3p,hsa_circ_0002769
hsa-miR-4767,hsa_circ_0043314
hsa-miR-4775,hsa_circ_0003610
hsa-miR-4775,hsa_circ_0060123
hsa-miR-4778-3p,hsa_circ_0073234
hsa-miR-4778-3p,hsa_circ_0073235
hsa-miR-548aa,hsa_circ_0055935
hsa-miR-548aa,hsa_circ_0055941
hsa-miR-548t-3p,hsa_circ_0055935
hsa-miR-548t-3p,hsa_circ_0055941
hsa-miR-5787,hsa_circ_0089531
hsa-miR-6081,hsa_circ_0082878
hsa-miR-6081,hsa_circ_0082879
hsa-miR-612,hsa_circ_0010685
hsa-miR-612,hsa_circ_0062410
hsa-miR-651-3p,hsa_circ_0025973
hsa-miR-661,hsa_circ_0037444
hsa-miR-661,hsa_circ_0037445
hsa-miR-661,hsa_circ_0037448
hsa-miR-661,hsa_circ_0037449
hsa-miR-661,hsa_circ_0086854
hsa-miR-661,hsa_circ_0086855
hsa-miR-661,hsa_circ_0086856
hsa-miR-661,hsa_circ_0086857
hsa-miR-661,hsa_circ_0086864
hsa-miR-661,hsa_circ_0086867
hsa-miR-661,hsa_circ_0086871
hsa-miR-661,hsa_circ_0086887
hsa-miR-661,hsa_circ_0086888
hsa-miR-661,hsa_circ_0086893
hsa-miR-661,hsa_circ_0086898
hsa-miR-665,hsa_circ_0057364
hsa-miR-6721-5p,hsa_circ_0065990
hsa-miR-6722-3p,hsa_circ_0065990
hsa-miR-6754-3p,hsa_circ_0060070
hsa-miR-6756-5p,hsa_circ_0029299
hsa-miR-6756-5p,hsa_circ_0080684
hsa-miR-6764-5p,hsa_circ_0038871
hsa-miR-6779-5p,hsa_circ_0089529
hsa-miR-6779-5p,hsa_circ_0089530
hsa-miR-6780a-3p,hsa_circ_0078326
hsa-miR-6780a-5p,hsa_circ_0002379
hsa-miR-6787-5p,hsa_circ_0079682
hsa-miR-6797-5p,hsa_circ_0018969
hsa-miR-6808-5p,hsa_circ_0034321
hsa-miR-6808-5p,hsa_circ_0034322
hsa-miR-6836-5p,hsa_circ_0061595
hsa-miR-6848-5p,hsa_circ_0034154
hsa-miR-6860,hsa_circ_0049818
hsa-miR-6860,hsa_circ_0049819
hsa-miR-6860,hsa_circ_0049820
hsa-miR-6881-3p,hsa_circ_0063518
hsa-miR-6884-5p,hsa_circ_0004995
hsa-miR-6884-5p,hsa_circ_0083091
hsa-miR-6884-5p,hsa_circ_0083095
hsa-miR-6884-5p,hsa_circ_0092331
hsa-miR-6891-5p,hsa_circ_0058914
hsa-miR-7110-5p,hsa_circ_0033537
hsa-miR-7110-5p,hsa_circ_0033538
hsa-miR-7110-5p,hsa_circ_0033539
hsa-miR-7113-5p,hsa_circ_0044519
hsa-miR-7161-3p,hsa_circ_0035583
hsa-miR-7161-3p,hsa_circ_0035584
hsa-miR-7161-3p,hsa_circ_0035587
hsa-miR-7161-3p,hsa_circ_0035588
hsa-miR-7161-3p,hsa_circ_0035590
hsa-miR-762,hsa_circ_0049837
hsa-miR-7974,hsa_circ_0062088
hsa-miR-7974,hsa_circ_0062089
hsa-miR-7974,hsa_circ_0062093
hsa-miR-1236-3p,hsa_circ_0038968
hsa-miR-1236-3p,hsa_circ_0072884
hsa-miR-1236-3p,hsa_circ_0072886
hsa-miR-1268a,hsa_circ_0038898
hsa-miR-1272,hsa_circ_0040861
hsa-miR-1272,hsa_circ_0040863
hsa-miR-1272,hsa_circ_0040867
hsa-miR-1538,hsa_circ_0089445
hsa-miR-181d-5p,hsa_circ_0073776
hsa-miR-210-3p,hsa_circ_0068828
hsa-miR-210-3p,hsa_circ_0068829
hsa-miR-210-3p,hsa_circ_0068830
hsa-miR-210-3p,hsa_circ_0068831
hsa-miR-302d-3p,hsa_circ_0092348
hsa-miR-3120-5p,hsa_circ_0074522
hsa-miR-3120-5p,hsa_circ_0074523
hsa-miR-3192-5p,hsa_circ_0048302
hsa-miR-3192-5p,hsa_circ_0048303
hsa-miR-3192-5p,hsa_circ_0048304
hsa-miR-3192-5p,hsa_circ_0048305
hsa-miR-328-5p,hsa_circ_0037448
hsa-miR-328-5p,hsa_circ_0037451
hsa-miR-3613-3p,hsa_circ_0072824
hsa-miR-3619-5p,hsa_circ_0033285
hsa-miR-3619-5p,hsa_circ_0033286
hsa-miR-3619-5p,hsa_circ_0033288
hsa-miR-3619-5p,hsa_circ_0037432
hsa-miR-3619-5p,hsa_circ_0044064
hsa-miR-3619-5p,hsa_circ_0044065
hsa-miR-3619-5p,hsa_circ_0044066
hsa-miR-3663-3p,hsa_circ_0057348
hsa-miR-3663-3p,hsa_circ_0057354
hsa-miR-3663-3p,hsa_circ_0057355
hsa-miR-3663-3p,hsa_circ_0057378
hsa-miR-3911,hsa_circ_0081385
hsa-miR-424-5p,hsa_circ_0035135
hsa-miR-424-5p,hsa_circ_0035136
hsa-miR-424-5p,hsa_circ_0035139
hsa-miR-4436b-3p,hsa_circ_0042204
hsa-miR-4458,hsa_circ_0009180
hsa-miR-4466,hsa_circ_0061535
hsa-miR-4466,hsa_circ_0061536
hsa-miR-4466,hsa_circ_0061537
hsa-miR-4487,hsa_circ_0009180
hsa-miR-450a-1-3p,hsa_circ_0009180
hsa-miR-4640-5p,hsa_circ_0065412
hsa-miR-4640-5p,hsa_circ_0065413
hsa-miR-4642,hsa_circ_0049116
hsa-miR-4642,hsa_circ_0049120
hsa-miR-4642,hsa_circ_0049122
hsa-miR-4642,hsa_circ_0049125
hsa-miR-4659a-3p,hsa_circ_0049104
hsa-miR-4659a-3p,hsa_circ_0049105
hsa-miR-4685-5p,hsa_circ_0063079
hsa-miR-4685-5p,hsa_circ_0063080
hsa-miR-4685-5p,hsa_circ_0063081
hsa-miR-4685-5p,hsa_circ_0063082
hsa-miR-4685-5p,hsa_circ_0063083
hsa-miR-4685-5p,hsa_circ_0063084
hsa-miR-4685-5p,hsa_circ_0063085
hsa-miR-4685-5p,hsa_circ_0067139
hsa-miR-4690-5p,hsa_circ_0037432
hsa-miR-4751,hsa_circ_0000254
hsa-miR-4763-3p,hsa_circ_0010086
hsa-miR-4775,hsa_circ_0005983
hsa-miR-485-5p,hsa_circ_0052102
hsa-miR-504-3p,hsa_circ_0041843
hsa-miR-5100,hsa_circ_0010541
hsa-miR-5100,hsa_circ_0010544
hsa-miR-5100,hsa_circ_0010548
hsa-miR-5100,hsa_circ_0010552
hsa-miR-5100,hsa_circ_0010555
hsa-miR-5100,hsa_circ_0010558
hsa-miR-5100,hsa_circ_0010565
hsa-miR-5100,hsa_circ_0010580
hsa-miR-511-3p,hsa_circ_0037148
hsa-miR-5193,hsa_circ_0029292
hsa-miR-5193,hsa_circ_0079254
hsa-miR-5196-5p,hsa_circ_0002172
hsa-miR-5196-5p,hsa_circ_0036323
hsa-miR-5196-5p,hsa_circ_0089776
hsa-miR-5705,hsa_circ_0059100
hsa-miR-5705,hsa_circ_0059101
hsa-miR-5787,hsa_circ_0039090
hsa-miR-5787,hsa_circ_0039099
hsa-miR-5787,hsa_circ_0039105
hsa-miR-588,hsa_circ_0018685
hsa-miR-6089,hsa_circ_0048698
hsa-miR-6089,hsa_circ_0048709
hsa-miR-608,hsa_circ_0005180
hsa-miR-608,hsa_circ_0017180
hsa-miR-608,hsa_circ_0017181
hsa-miR-608,hsa_circ_0017182
hsa-miR-608,hsa_circ_0017183
hsa-miR-608,hsa_circ_0017184
hsa-miR-661,hsa_circ_0083576
hsa-miR-665,hsa_circ_0091300
hsa-miR-665,hsa_circ_0091302
hsa-miR-6735-5p,hsa_circ_0048698
hsa-miR-6735-5p,hsa_circ_0048709
hsa-miR-6756-5p,hsa_circ_0089547
hsa-miR-6764-5p,hsa_circ_0048698
hsa-miR-6764-5p,hsa_circ_0048709
hsa-miR-6776-5p,hsa_circ_0059143
hsa-miR-6780a-5p,hsa_circ_0048844
hsa-miR-6780a-5p,hsa_circ_0065388
hsa-miR-6791-5p,hsa_circ_0065408
hsa-miR-6797-5p,hsa_circ_0039097
hsa-miR-6797-5p,hsa_circ_0078934
hsa-miR-6803-5p,hsa_circ_0046334
hsa-miR-6848-5p,hsa_circ_0029484
hsa-miR-6848-5p,hsa_circ_0029485
hsa-miR-6852-5p,hsa_circ_0019926
hsa-miR-6862-5p,hsa_circ_0013872
hsa-miR-6864-5p,hsa_circ_0066287
hsa-miR-6864-5p,hsa_circ_0066288
hsa-miR-6864-5p,hsa_circ_0066296
hsa-miR-6864-5p,hsa_circ_0066297
hsa-miR-6864-5p,hsa_circ_0066299
hsa-miR-6864-5p,hsa_circ_0066302
hsa-miR-6864-5p,hsa_circ_0066306
hsa-miR-6864-5p,hsa_circ_0066309
hsa-miR-6864-5p,hsa_circ_0066315
hsa-miR-6864-5p,hsa_circ_0066316
hsa-miR-6864-5p,hsa_circ_0066320
hsa-miR-6864-5p,hsa_circ_0066324
hsa-miR-6864-5p,hsa_circ_0066325
hsa-miR-6864-5p,hsa_circ_0066337
hsa-miR-6864-5p,hsa_circ_0066340
hsa-miR-6868-3p,hsa_circ_0065110
hsa-miR-6884-5p,hsa_circ_0005798
hsa-miR-6891-5p,hsa_circ_0041089
hsa-miR-6891-5p,hsa_circ_0041099
hsa-miR-6891-5p,hsa_circ_0041116
hsa-miR-7112-5p,hsa_circ_0005408
hsa-miR-939-3p,hsa_circ_0082878
hsa-miR-1184,hsa_circ_0075988
hsa-miR-1184,hsa_circ_0075997
hsa-miR-1184,hsa_circ_0076014
hsa-miR-1205,hsa_circ_0049914
hsa-miR-1205,hsa_circ_0049920
hsa-miR-1205,hsa_circ_0049922
hsa-miR-1205,hsa_circ_0049923
hsa-miR-1205,hsa_circ_0049928
hsa-miR-1205,hsa_circ_0049929
hsa-miR-1205,hsa_circ_0049935
hsa-miR-1205,hsa_circ_0049936
hsa-miR-1205,hsa_circ_0049937
hsa-miR-1205,hsa_circ_0049938
hsa-miR-1205,hsa_circ_0049940
hsa-miR-1207-5p,hsa_circ_0050689
hsa-miR-1207-5p,hsa_circ_0082885
hsa-miR-1273h-5p,hsa_circ_0000912
hsa-miR-1277-5p,hsa_circ_0001476
hsa-miR-1301-3p,hsa_circ_0060070
hsa-miR-1587,hsa_circ_0039075
hsa-miR-1587,hsa_circ_0039087
hsa-miR-1587,hsa_circ_0039090
hsa-miR-1587,hsa_circ_0039099
hsa-miR-1587,hsa_circ_0039105
hsa-miR-181d-5p,hsa_circ_0050769
hsa-miR-181d-5p,hsa_circ_0052294
hsa-miR-181d-5p,hsa_circ_0052295
hsa-miR-1909-3p,hsa_circ_0068587
hsa-miR-1976,hsa_circ_0069822
hsa-miR-302c-3p,hsa_circ_0092348
hsa-miR-3064-3p,hsa_circ_0052104
hsa-miR-30b-3p,hsa_circ_0075921
hsa-miR-30b-3p,hsa_circ_0078807
hsa-miR-3135b,hsa_circ_0008352
hsa-miR-3135b,hsa_circ_0083071
hsa-miR-3135b,hsa_circ_0083072
hsa-miR-3135b,hsa_circ_0083074
hsa-miR-3135b,hsa_circ_0083075
hsa-miR-3147,hsa_circ_0041143
hsa-miR-3180-3p,hsa_circ_0019370
hsa-miR-3187-5p,hsa_circ_0009640
hsa-miR-3187-5p,hsa_circ_0009641
hsa-miR-3187-5p,hsa_circ_0009642
hsa-miR-3187-5p,hsa_circ_0034154
hsa-miR-3619-5p,hsa_circ_0033311
hsa-miR-3619-5p,hsa_circ_0033314
hsa-miR-3619-5p,hsa_circ_0033324
hsa-miR-3619-5p,hsa_circ_0033331
hsa-miR-3619-5p,hsa_circ_0033336
hsa-miR-3619-5p,hsa_circ_0033339
hsa-miR-3619-5p,hsa_circ_0033345
hsa-miR-3620-5p,hsa_circ_0058199
hsa-miR-373-3p,hsa_circ_0004192
hsa-miR-3916,hsa_circ_0052882
hsa-miR-3929,hsa_circ_0091222
hsa-miR-4476,hsa_circ_0034156
hsa-miR-4498,hsa_circ_0010583
hsa-miR-4498,hsa_circ_0010606
hsa-miR-4498,hsa_circ_0010607
hsa-miR-4498,hsa_circ_0010647
hsa-miR-4498,hsa_circ_0010648
hsa-miR-4498,hsa_circ_0010654
hsa-miR-4498,hsa_circ_0010658
hsa-miR-4498,hsa_circ_0026538
hsa-miR-4498,hsa_circ_0026544
hsa-miR-4498,hsa_circ_0026545
hsa-miR-4651,hsa_circ_0002172
hsa-miR-4651,hsa_circ_0089776
hsa-miR-4675,hsa_circ_0079232
hsa-miR-4677-5p,hsa_circ_0016456
hsa-miR-4685-5p,hsa_circ_0039097
hsa-miR-4685-5p,hsa_circ_0083938
hsa-miR-4685-5p,hsa_circ_0083939
hsa-miR-4706,hsa_circ_0022834
hsa-miR-4733-3p,hsa_circ_0081080
hsa-miR-4763-3p,hsa_circ_0010148
hsa-miR-4763-3p,hsa_circ_0020662
hsa-miR-4763-3p,hsa_circ_0028998
hsa-miR-4763-3p,hsa_circ_0029003
hsa-miR-4763-3p,hsa_circ_0029011
hsa-miR-4763-3p,hsa_circ_0029013
hsa-miR-4763-3p,hsa_circ_0029014
hsa-miR-4763-3p,hsa_circ_0029015
hsa-miR-4763-3p,hsa_circ_0034321
hsa-miR-4768-5p,hsa_circ_0065407
hsa-miR-4768-5p,hsa_circ_0065408
hsa-miR-4768-5p,hsa_circ_0065411
hsa-miR-4768-5p,hsa_circ_0065414
hsa-miR-4768-5p,hsa_circ_0065415
hsa-miR-4768-5p,hsa_circ_0065416
hsa-miR-4768-5p,hsa_circ_0065418
hsa-miR-4768-5p,hsa_circ_0065419
hsa-miR-4768-5p,hsa_circ_0065420
hsa-miR-4775,hsa_circ_0007710
hsa-miR-4779,hsa_circ_0075921
hsa-miR-4779,hsa_circ_0078806
hsa-miR-4779,hsa_circ_0078807
hsa-miR-5100,hsa_circ_0010598
hsa-miR-5100,hsa_circ_0010621
hsa-miR-5100,hsa_circ_0010667
hsa-miR-5193,hsa_circ_0029294
hsa-miR-548ah-3p,hsa_circ_0067105
hsa-miR-548ah-3p,hsa_circ_0067106
hsa-miR-548am-3p,hsa_circ_0067105
hsa-miR-548am-3p,hsa_circ_0067106
hsa-miR-590-3p,hsa_circ_0005503
hsa-miR-608,hsa_circ_0039069
hsa-miR-608,hsa_circ_0039070
hsa-miR-608,hsa_circ_0083091
hsa-miR-608,hsa_circ_0083095
hsa-miR-608,hsa_circ_0083104
hsa-miR-612,hsa_circ_0034156
hsa-miR-6132,hsa_circ_0044508
hsa-miR-6132,hsa_circ_0044515
hsa-miR-6132,hsa_circ_0044516
hsa-miR-6132,hsa_circ_0044531
hsa-miR-6132,hsa_circ_0044538
hsa-miR-637,hsa_circ_0050112
hsa-miR-637,hsa_circ_0050113
hsa-miR-6511a-5p,hsa_circ_0050991
hsa-miR-664a-3p,hsa_circ_0073778
hsa-miR-665,hsa_circ_0016162
hsa-miR-665,hsa_circ_0016165
hsa-miR-6721-5p,hsa_circ_0014742
hsa-miR-6721-5p,hsa_circ_0048698
hsa-miR-6721-5p,hsa_circ_0048709
hsa-miR-6746-3p,hsa_circ_0043573
hsa-miR-6746-3p,hsa_circ_0043574
hsa-miR-6746-3p,hsa_circ_0043575
hsa-miR-6746-3p,hsa_circ_0043576
hsa-miR-6746-3p,hsa_circ_0043577
hsa-miR-6754-3p,hsa_circ_0014209
hsa-miR-6754-3p,hsa_circ_0014210
hsa-miR-6756-5p,hsa_circ_0040293
hsa-miR-6756-5p,hsa_circ_0040295
hsa-miR-6762-5p,hsa_circ_0044504
hsa-miR-6776-5p,hsa_circ_0023418
hsa-miR-6776-5p,hsa_circ_0023419
hsa-miR-6787-3p,hsa_circ_0062093
hsa-miR-6808-5p,hsa_circ_0072817
hsa-miR-6808-5p,hsa_circ_0072819
hsa-miR-6808-5p,hsa_circ_0072821
hsa-miR-6809-3p,hsa_circ_0091437
hsa-miR-6812-5p,hsa_circ_0034998
hsa-miR-6816-5p,hsa_circ_0051293
hsa-miR-6818-3p,hsa_circ_0049485
hsa-miR-6830-3p,hsa_circ_0040925
hsa-miR-6833-3p,hsa_circ_0065399
hsa-miR-6833-3p,hsa_circ_0065400
hsa-miR-6833-3p,hsa_circ_0065401
hsa-miR-6833-3p,hsa_circ_0065402
hsa-miR-6833-3p,hsa_circ_0065403
hsa-miR-6833-3p,hsa_circ_0065404
hsa-miR-6833-3p,hsa_circ_0065407
hsa-miR-6833-3p,hsa_circ_0065408
hsa-miR-6837-5p,hsa_circ_0034154
hsa-miR-6856-5p,hsa_circ_0058199
hsa-miR-6860,hsa_circ_0050799
hsa-miR-6876-5p,hsa_circ_0007740
hsa-miR-6880-5p,hsa_circ_0088723
hsa-miR-6881-3p,hsa_circ_0063075
hsa-miR-6881-3p,hsa_circ_0063076
hsa-miR-6881-3p,hsa_circ_0063077
hsa-miR-6881-3p,hsa_circ_0063078
hsa-miR-6881-3p,hsa_circ_0063079
hsa-miR-6881-3p,hsa_circ_0063080
hsa-miR-6881-3p,hsa_circ_0063081
hsa-miR-6881-3p,hsa_circ_0063086
hsa-miR-6881-3p,hsa_circ_0084899
hsa-miR-6881-3p,hsa_circ_0084900
hsa-miR-6881-3p,hsa_circ_0084901
hsa-miR-6881-3p,hsa_circ_0084903
hsa-miR-6881-3p,hsa_circ_0084906
hsa-miR-6881-3p,hsa_circ_0084909
hsa-miR-6881-3p,hsa_circ_0084910
hsa-miR-6881-3p,hsa_circ_0084911
hsa-miR-6881-3p,hsa_circ_0084912
hsa-miR-6881-3p,hsa_circ_0084913
hsa-miR-6881-3p,hsa_circ_0084914
hsa-miR-6881-3p,hsa_circ_0084915
hsa-miR-6881-3p,hsa_circ_0084916
hsa-miR-6881-3p,hsa_circ_0084917
hsa-miR-6881-3p,hsa_circ_0084918
hsa-miR-6881-3p,hsa_circ_0084919
hsa-miR-6884-5p,hsa_circ_0038027
hsa-miR-6884-5p,hsa_circ_0050233
hsa-miR-6893-5p,hsa_circ_0019789
hsa-miR-6893-5p,hsa_circ_0019793
hsa-miR-6893-5p,hsa_circ_0019795
hsa-miR-6893-5p,hsa_circ_0019796
hsa-miR-7108-3p,hsa_circ_0075477
hsa-miR-762,hsa_circ_0026538
hsa-miR-762,hsa_circ_0026544
hsa-miR-762,hsa_circ_0026545
hsa-miR-762,hsa_circ_0045667
hsa-miR-8089,hsa_circ_0026927
hsa-miR-8089,hsa_circ_0026928
hsa-miR-8089,hsa_circ_0026929
hsa-miR-8089,hsa_circ_0037564
hsa-miR-8089,hsa_circ_0037565
hsa-miR-8089,hsa_circ_0037568
hsa-miR-8089,hsa_circ_0037570
hsa-miR-8089,hsa_circ_0037574
hsa-miR-885-3p,hsa_circ_0089552
hsa-miR-939-3p,hsa_circ_0037434
hsa-miR-939-3p,hsa_circ_0037436
hsa-miR-939-3p,hsa_circ_0037437
hsa-miR-939-3p,hsa_circ_0037438
hsa-miR-939-3p,hsa_circ_0037439
hsa-miR-939-3p,hsa_circ_0037440
hsa-miR-939-3p,hsa_circ_0037445
hsa-miR-939-3p,hsa_circ_0037448
hsa-miR-939-3p,hsa_circ_0037449
hsa-miR-939-3p,hsa_circ_0037450
hsa-miR-939-3p,hsa_circ_0037451
hsa-miR-1184,hsa_circ_0013834
hsa-miR-1207-5p,hsa_circ_0073943
hsa-miR-1207-5p,hsa_circ_0073944
hsa-miR-1207-5p,hsa_circ_0073949
hsa-miR-1207-5p,hsa_circ_0073950
hsa-miR-1226-5p,hsa_circ_0070105
hsa-miR-1226-5p,hsa_circ_0070125
hsa-miR-1248,hsa_circ_0080940
hsa-miR-1270,hsa_circ_0020490
hsa-miR-1273h-5p,hsa_circ_0028093
hsa-miR-1303,hsa_circ_0047831
hsa-miR-1303,hsa_circ_0075924
hsa-miR-135a-5p,hsa_circ_0020490
hsa-miR-181b-5p,hsa_circ_0013785
hsa-miR-214-3p,hsa_circ_0044551
hsa-miR-23c,hsa_circ_0056626
hsa-miR-30b-3p,hsa_circ_0021851
hsa-miR-3180,hsa_circ_0043314
hsa-miR-34c-5p,hsa_circ_0059143
hsa-miR-3613-3p,hsa_circ_0070887
hsa-miR-3613-3p,hsa_circ_0089810
hsa-miR-3613-3p,hsa_circ_0089812
hsa-miR-3619-5p,hsa_circ_0022869
hsa-miR-3692-5p,hsa_circ_0011013
hsa-miR-3929,hsa_circ_0005558
hsa-miR-3929,hsa_circ_0038032
hsa-miR-4640-5p,hsa_circ_0081130
hsa-miR-4659b-3p,hsa_circ_0049122
hsa-miR-4659b-3p,hsa_circ_0049125
hsa-miR-4726-3p,hsa_circ_0065400
hsa-miR-4739,hsa_circ_0022231
hsa-miR-4739,hsa_circ_0022232
hsa-miR-4739,hsa_circ_0055714
hsa-miR-4739,hsa_circ_0085812
hsa-miR-4751,hsa_circ_0057384
hsa-miR-4778-3p,hsa_circ_0065768
hsa-miR-4778-3p,hsa_circ_0065770
hsa-miR-5047,hsa_circ_0062099
hsa-miR-513a-3p,hsa_circ_0055902
hsa-miR-513c-3p,hsa_circ_0055902
hsa-miR-548ah-3p,hsa_circ_0068084
hsa-miR-548ah-3p,hsa_circ_0068085
hsa-miR-548ah-3p,hsa_circ_0068086
hsa-miR-548ah-3p,hsa_circ_0068087
hsa-miR-548ah-3p,hsa_circ_0068088
hsa-miR-548am-3p,hsa_circ_0068084
hsa-miR-548am-3p,hsa_circ_0068085
hsa-miR-548am-3p,hsa_circ_0068086
hsa-miR-548am-3p,hsa_circ_0068087
hsa-miR-548am-3p,hsa_circ_0068088
hsa-miR-548c-3p,hsa_circ_0073385
hsa-miR-548x-3p,hsa_circ_0005147
hsa-miR-5693,hsa_circ_0081673
hsa-miR-590-3p,hsa_circ_0018409
hsa-miR-608,hsa_circ_0031207
hsa-miR-608,hsa_circ_0048709
hsa-miR-619-5p,hsa_circ_0075961
hsa-miR-637,hsa_circ_0068915
hsa-miR-6514-3p,hsa_circ_0087637
hsa-miR-6514-3p,hsa_circ_0087638
hsa-miR-6514-3p,hsa_circ_0087639
hsa-miR-6514-3p,hsa_circ_0087640
hsa-miR-660-3p,hsa_circ_0075924
hsa-miR-6722-3p,hsa_circ_0090561
hsa-miR-6739-5p,hsa_circ_0090141
hsa-miR-6756-5p,hsa_circ_0050087
hsa-miR-6771-3p,hsa_circ_0043314
hsa-miR-6780a-3p,hsa_circ_0077309
hsa-miR-6780a-3p,hsa_circ_0077310
hsa-miR-6780a-3p,hsa_circ_0077312
hsa-miR-6780a-5p,hsa_circ_0006940
hsa-miR-6783-3p,hsa_circ_0034769
hsa-miR-6791-5p,hsa_circ_0081505
hsa-miR-6791-5p,hsa_circ_0081506
hsa-miR-6791-5p,hsa_circ_0081507
hsa-miR-6791-5p,hsa_circ_0081508
hsa-miR-6791-5p,hsa_circ_0081509
hsa-miR-6791-5p,hsa_circ_0081510
hsa-miR-6795-5p,hsa_circ_0068917
hsa-miR-6809-3p,hsa_circ_0001109
hsa-miR-6809-3p,hsa_circ_0060070
hsa-miR-6809-3p,hsa_circ_0060071
hsa-miR-6836-5p,hsa_circ_0050831
hsa-miR-6836-5p,hsa_circ_0061083
hsa-miR-6860,hsa_circ_0010632
hsa-miR-6881-3p,hsa_circ_0024407
hsa-miR-6881-3p,hsa_circ_0024409
hsa-miR-6881-3p,hsa_circ_0024410
hsa-miR-6881-3p,hsa_circ_0024411
hsa-miR-6881-3p,hsa_circ_0024412
hsa-miR-6881-3p,hsa_circ_0024413
hsa-miR-6881-3p,hsa_circ_0024414
hsa-miR-6884-5p,hsa_circ_0052102
hsa-miR-6886-3p,hsa_circ_0011310
hsa-miR-7110-5p,hsa_circ_0050815
hsa-miR-7156-3p,hsa_circ_0037434
hsa-miR-939-3p,hsa_circ_0078794
hsa-miR-939-3p,hsa_circ_0078812
hsa-miR-1205,hsa_circ_0061128
hsa-miR-1236-3p,hsa_circ_0034998
hsa-miR-1277-5p,hsa_circ_0001331
hsa-miR-1301-3p,hsa_circ_0023414
hsa-miR-1303,hsa_circ_0004454
hsa-miR-149-3p,hsa_circ_0010420
hsa-miR-149-3p,hsa_circ_0022342
hsa-miR-149-3p,hsa_circ_0022343
hsa-miR-185-3p,hsa_circ_0022862
hsa-miR-3064-5p,hsa_circ_0062093
hsa-miR-30b-3p,hsa_circ_0072824
hsa-miR-3135b,hsa_circ_0052245
hsa-miR-3157-5p,hsa_circ_0076825
hsa-miR-3157-5p,hsa_circ_0076826
hsa-miR-3187-5p,hsa_circ_0010617
hsa-miR-3187-5p,hsa_circ_0049818
hsa-miR-3187-5p,hsa_circ_0049819
hsa-miR-3187-5p,hsa_circ_0049820
hsa-miR-3194-3p,hsa_circ_0045757
hsa-miR-328-3p,hsa_circ_0020756
hsa-miR-328-3p,hsa_circ_0020757
hsa-miR-328-3p,hsa_circ_0020758
hsa-miR-328-3p,hsa_circ_0020759
hsa-miR-328-3p,hsa_circ_0020760
hsa-miR-328-3p,hsa_circ_0020761
hsa-miR-328-3p,hsa_circ_0020762
hsa-miR-328-5p,hsa_circ_0030834
hsa-miR-329-5p,hsa_circ_0025795
hsa-miR-329-5p,hsa_circ_0055960
hsa-miR-329-5p,hsa_circ_0055961
hsa-miR-3613-3p,hsa_circ_0071546
hsa-miR-3613-3p,hsa_circ_0071547
hsa-miR-3619-5p,hsa_circ_0021033
hsa-miR-3619-5p,hsa_circ_0021034
hsa-miR-3619-5p,hsa_circ_0021035
hsa-miR-3620-5p,hsa_circ_0051279
hsa-miR-3620-5p,hsa_circ_0051281
hsa-miR-3929,hsa_circ_0002171
hsa-miR-4270,hsa_circ_0009372
hsa-miR-4498,hsa_circ_0036260
hsa-miR-4498,hsa_circ_0082885
hsa-miR-4649-5p,hsa_circ_0041864
hsa-miR-4649-5p,hsa_circ_0041876
hsa-miR-4649-5p,hsa_circ_0041881
hsa-miR-4649-5p,hsa_circ_0041887
hsa-miR-4649-5p,hsa_circ_0041888
hsa-miR-4649-5p,hsa_circ_0041890
hsa-miR-4649-5p,hsa_circ_0041891
hsa-miR-4668-5p,hsa_circ_0087132
hsa-miR-4691-5p,hsa_circ_0042030
hsa-miR-4722-5p,hsa_circ_0072824
hsa-miR-4728-5p,hsa_circ_0055817
hsa-miR-4763-3p,hsa_circ_0010641
hsa-miR-4763-3p,hsa_circ_0010642
hsa-miR-4763-3p,hsa_circ_0010643
hsa-miR-4763-3p,hsa_circ_0010644
hsa-miR-4763-3p,hsa_circ_0010645
hsa-miR-4763-3p,hsa_circ_0010646
hsa-miR-4763-3p,hsa_circ_0010657
hsa-miR-4763-3p,hsa_circ_0062512
hsa-miR-4763-3p,hsa_circ_0070047
hsa-miR-4763-3p,hsa_circ_0070050
hsa-miR-4763-3p,hsa_circ_0081678
hsa-miR-4767,hsa_circ_0091699
hsa-miR-4778-3p,hsa_circ_0056828
hsa-miR-5047,hsa_circ_0063075
hsa-miR-5047,hsa_circ_0063076
hsa-miR-5047,hsa_circ_0063077
hsa-miR-5047,hsa_circ_0063078
hsa-miR-5047,hsa_circ_0063079
hsa-miR-5047,hsa_circ_0063080
hsa-miR-5047,hsa_circ_0063081
hsa-miR-5047,hsa_circ_0063082
hsa-miR-5047,hsa_circ_0063083
hsa-miR-5047,hsa_circ_0063084
hsa-miR-5047,hsa_circ_0063085
hsa-miR-5047,hsa_circ_0063086
hsa-miR-5047,hsa_circ_0063087
hsa-miR-5047,hsa_circ_0063089
hsa-miR-5047,hsa_circ_0063094
hsa-miR-5047,hsa_circ_0063095
hsa-miR-548j-3p,hsa_circ_0067105
hsa-miR-548j-3p,hsa_circ_0067106
hsa-miR-608,hsa_circ_0080684
hsa-miR-612,hsa_circ_0070125
hsa-miR-612,hsa_circ_0070143
hsa-miR-615-5p,hsa_circ_0030854
hsa-miR-615-5p,hsa_circ_0030855
hsa-miR-615-5p,hsa_circ_0030856
hsa-miR-615-5p,hsa_circ_0030857
hsa-miR-615-5p,hsa_circ_0030859
hsa-miR-615-5p,hsa_circ_0030860
hsa-miR-615-5p,hsa_circ_0030861
hsa-miR-615-5p,hsa_circ_0030862
hsa-miR-615-5p,hsa_circ_0030863
hsa-miR-615-5p,hsa_circ_0030864
hsa-miR-627-3p,hsa_circ_0029063
hsa-miR-637,hsa_circ_0051648
hsa-miR-637,hsa_circ_0051649
hsa-miR-6504-5p,hsa_circ_0030837
hsa-miR-6511a-5p,hsa_circ_0019519
hsa-miR-654-5p,hsa_circ_0019901
hsa-miR-654-5p,hsa_circ_0019902
hsa-miR-654-5p,hsa_circ_0019903
hsa-miR-654-5p,hsa_circ_0019904
hsa-miR-654-5p,hsa_circ_0019905
hsa-miR-654-5p,hsa_circ_0019906
hsa-miR-654-5p,hsa_circ_0019907
hsa-miR-654-5p,hsa_circ_0019908
hsa-miR-654-5p,hsa_circ_0019909
hsa-miR-654-5p,hsa_circ_0019913
hsa-miR-6721-5p,hsa_circ_0021064
hsa-miR-6721-5p,hsa_circ_0089552
hsa-miR-6737-5p,hsa_circ_0048698
hsa-miR-6737-5p,hsa_circ_0048709
hsa-miR-6743-5p,hsa_circ_0041852
hsa-miR-6752-5p,hsa_circ_0083791
hsa-miR-6756-5p,hsa_circ_0010605
hsa-miR-6756-5p,hsa_circ_0010606
hsa-miR-6756-5p,hsa_circ_0010607
hsa-miR-6756-5p,hsa_circ_0010608
hsa-miR-6756-5p,hsa_circ_0010609
hsa-miR-6756-5p,hsa_circ_0010610
hsa-miR-6756-5p,hsa_circ_0010624
hsa-miR-6756-5p,hsa_circ_0010625
hsa-miR-6756-5p,hsa_circ_0010646
hsa-miR-6756-5p,hsa_circ_0010647
hsa-miR-6756-5p,hsa_circ_0010648
hsa-miR-6756-5p,hsa_circ_0010649
hsa-miR-6756-5p,hsa_circ_0010654
hsa-miR-6756-5p,hsa_circ_0010657
hsa-miR-6756-5p,hsa_circ_0010658
hsa-miR-6756-5p,hsa_circ_0033433
hsa-miR-6756-5p,hsa_circ_0033434
hsa-miR-6756-5p,hsa_circ_0039314
hsa-miR-6756-5p,hsa_circ_0039315
hsa-miR-6756-5p,hsa_circ_0039316
hsa-miR-6779-5p,hsa_circ_0063515
hsa-miR-6785-5p,hsa_circ_0024264
hsa-miR-6785-5p,hsa_circ_0024265
hsa-miR-6791-5p,hsa_circ_0050454
hsa-miR-6797-5p,hsa_circ_0011950
hsa-miR-6808-5p,hsa_circ_0049814
hsa-miR-6808-5p,hsa_circ_0049815
hsa-miR-6808-5p,hsa_circ_0059143
hsa-miR-6816-5p,hsa_circ_0009661
hsa-miR-6825-5p,hsa_circ_0051649
hsa-miR-6846-5p,hsa_circ_0039075
hsa-miR-6846-5p,hsa_circ_0039087
hsa-miR-6849-3p,hsa_circ_0064723
hsa-miR-6879-5p,hsa_circ_0021006
hsa-miR-6884-5p,hsa_circ_0057201
hsa-miR-7111-5p,hsa_circ_0010420
hsa-miR-7113-5p,hsa_circ_0044522
hsa-miR-7113-5p,hsa_circ_0044524
hsa-miR-7113-5p,hsa_circ_0044529
hsa-miR-7113-5p,hsa_circ_0044536
hsa-miR-762,hsa_circ_0050114
hsa-miR-765,hsa_circ_0011066
hsa-miR-765,hsa_circ_0011067
hsa-miR-765,hsa_circ_0011068
hsa-miR-765,hsa_circ_0016730
hsa-miR-939-3p,hsa_circ_0052003
hsa-miR-939-5p,hsa_circ_0010653
hsa-miR-1199-3p,hsa_circ_0077687
hsa-miR-1273h-5p,hsa_circ_0063474
hsa-miR-1277-5p,hsa_circ_0070780
hsa-miR-1343-3p,hsa_circ_0011303
hsa-miR-149-3p,hsa_circ_0016730
hsa-miR-1909-3p,hsa_circ_0027180
hsa-miR-1909-3p,hsa_circ_0027189
hsa-miR-1909-3p,hsa_circ_0027192
hsa-miR-1972,hsa_circ_0063518
hsa-miR-197-5p,hsa_circ_0020316
hsa-miR-1976,hsa_circ_0032552
hsa-miR-1976,hsa_circ_0032553
hsa-miR-2054,hsa_circ_0087885
hsa-miR-23c,hsa_circ_0056622
hsa-miR-3140-3p,hsa_circ_0049116
hsa-miR-3140-3p,hsa_circ_0049120
hsa-miR-3184-5p,hsa_circ_0057955
hsa-miR-3196,hsa_circ_0051279
hsa-miR-3196,hsa_circ_0051285
hsa-miR-328-5p,hsa_circ_0063446
hsa-miR-328-5p,hsa_circ_0089529
hsa-miR-328-5p,hsa_circ_0089530
hsa-miR-3613-3p,hsa_circ_0010785
hsa-miR-3613-3p,hsa_circ_0010789
hsa-miR-3613-3p,hsa_circ_0010791
hsa-miR-3613-3p,hsa_circ_0010792
hsa-miR-3613-3p,hsa_circ_0055327
hsa-miR-3613-3p,hsa_circ_0076124
hsa-miR-3613-3p,hsa_circ_0088618
hsa-miR-372-3p,hsa_circ_0009652
hsa-miR-3929,hsa_circ_0057201
hsa-miR-3929,hsa_circ_0081678
hsa-miR-4452,hsa_circ_0050775
hsa-miR-4512,hsa_circ_0032953
hsa-miR-4632-5p,hsa_circ_0046345
hsa-miR-4632-5p,hsa_circ_0046349
hsa-miR-4651,hsa_circ_0033537
hsa-miR-4651,hsa_circ_0033539
hsa-miR-4692,hsa_circ_0045264
hsa-miR-4695-5p,hsa_circ_0065388
hsa-miR-4707-3p,hsa_circ_0027022
hsa-miR-4763-5p,hsa_circ_0078873
hsa-miR-4778-3p,hsa_circ_0034285
hsa-miR-4778-3p,hsa_circ_0034286
hsa-miR-4778-3p,hsa_circ_0034287
hsa-miR-4778-3p,hsa_circ_0034288
hsa-miR-4778-3p,hsa_circ_0034289
hsa-miR-5193,hsa_circ_0045752
hsa-miR-5193,hsa_circ_0045753
hsa-miR-5193,hsa_circ_0045754
hsa-miR-5193,hsa_circ_0045755
hsa-miR-5193,hsa_circ_0045756
hsa-miR-5193,hsa_circ_0045757
hsa-miR-608,hsa_circ_0040297
hsa-miR-6127,hsa_circ_0024264
hsa-miR-6127,hsa_circ_0024265
hsa-miR-6134,hsa_circ_0063518
hsa-miR-637,hsa_circ_0049801
hsa-miR-639,hsa_circ_0006984
hsa-miR-661,hsa_circ_0078934
hsa-miR-665,hsa_circ_0057435
hsa-miR-665,hsa_circ_0065399
hsa-miR-665,hsa_circ_0070887
hsa-miR-6720-5p,hsa_circ_0063516
hsa-miR-6728-3p,hsa_circ_0014770
hsa-miR-6728-3p,hsa_circ_0014771
hsa-miR-6728-3p,hsa_circ_0014772
hsa-miR-6745,hsa_circ_0020309
hsa-miR-6745,hsa_circ_0020314
hsa-miR-6745,hsa_circ_0020315
hsa-miR-6745,hsa_circ_0020316
hsa-miR-6745,hsa_circ_0020317
hsa-miR-6760-5p,hsa_circ_0018655
hsa-miR-6760-5p,hsa_circ_0018656
hsa-miR-6760-5p,hsa_circ_0018657
hsa-miR-6762-5p,hsa_circ_0040867
hsa-miR-6775-5p,hsa_circ_0083940
hsa-miR-6779-5p,hsa_circ_0004790
hsa-miR-6779-5p,hsa_circ_0007514
hsa-miR-6779-5p,hsa_circ_0008447
hsa-miR-6779-5p,hsa_circ_0021485
hsa-miR-6779-5p,hsa_circ_0031059
hsa-miR-6779-5p,hsa_circ_0031066
hsa-miR-6779-5p,hsa_circ_0031067
hsa-miR-6783-3p,hsa_circ_0030863
hsa-miR-6792-3p,hsa_circ_0063070
hsa-miR-6792-3p,hsa_circ_0063071
hsa-miR-6799-5p,hsa_circ_0005266
hsa-miR-6836-5p,hsa_circ_0044531
hsa-miR-6836-5p,hsa_circ_0044532
hsa-miR-6836-5p,hsa_circ_0044538
hsa-miR-6845-5p,hsa_circ_0039075
hsa-miR-6845-5p,hsa_circ_0039087
hsa-miR-6845-5p,hsa_circ_0039090
hsa-miR-6845-5p,hsa_circ_0039097
hsa-miR-6845-5p,hsa_circ_0039099
hsa-miR-6845-5p,hsa_circ_0039105
hsa-miR-6845-5p,hsa_circ_0039106
hsa-miR-6848-5p,hsa_circ_0022725
hsa-miR-6848-5p,hsa_circ_0089528
hsa-miR-6848-5p,hsa_circ_0089529
hsa-miR-6848-5p,hsa_circ_0089530
hsa-miR-6848-5p,hsa_circ_0089531
hsa-miR-6879-5p,hsa_circ_0062547
hsa-miR-6881-3p,hsa_circ_0054721
hsa-miR-6881-3p,hsa_circ_0054722
hsa-miR-6881-3p,hsa_circ_0054726
hsa-miR-6881-3p,hsa_circ_0054728
hsa-miR-6881-3p,hsa_circ_0054736
hsa-miR-6881-3p,hsa_circ_0054737
hsa-miR-6881-3p,hsa_circ_0054742
hsa-miR-6881-3p,hsa_circ_0054743
hsa-miR-6881-3p,hsa_circ_0054745
hsa-miR-6881-3p,hsa_circ_0054758
hsa-miR-6884-5p,hsa_circ_0092179
hsa-miR-6893-5p,hsa_circ_0049818
hsa-miR-7113-5p,hsa_circ_0081063
hsa-miR-7113-5p,hsa_circ_0081065
hsa-miR-7113-5p,hsa_circ_0081066
hsa-miR-7113-5p,hsa_circ_0081090
hsa-miR-7113-5p,hsa_circ_0081091
hsa-miR-7113-5p,hsa_circ_0081096
hsa-miR-7113-5p,hsa_circ_0081102
hsa-miR-762,hsa_circ_0010549
hsa-miR-762,hsa_circ_0010553
hsa-miR-762,hsa_circ_0010560
hsa-miR-762,hsa_circ_0010573
hsa-miR-762,hsa_circ_0010581
hsa-miR-762,hsa_circ_0010582
hsa-miR-762,hsa_circ_0010601
hsa-miR-762,hsa_circ_0010602
hsa-miR-762,hsa_circ_0010603
hsa-miR-762,hsa_circ_0010604
hsa-miR-762,hsa_circ_0010605
hsa-miR-762,hsa_circ_0010623
hsa-miR-762,hsa_circ_0010633
hsa-miR-762,hsa_circ_0010642
hsa-miR-762,hsa_circ_0010643
hsa-miR-762,hsa_circ_0010644
hsa-miR-762,hsa_circ_0010645
hsa-miR-762,hsa_circ_0010646
hsa-miR-762,hsa_circ_0010657
hsa-miR-762,hsa_circ_0010662
hsa-miR-762,hsa_circ_0010663
hsa-miR-762,hsa_circ_0010668
hsa-miR-762,hsa_circ_0010669
hsa-miR-762,hsa_circ_0010670
hsa-miR-762,hsa_circ_0010671
hsa-miR-762,hsa_circ_0010672
hsa-miR-762,hsa_circ_0010677
hsa-miR-766-3p,hsa_circ_0032957
hsa-miR-939-3p,hsa_circ_0078968
hsa-miR-1207-5p,hsa_circ_0037557
hsa-miR-1207-5p,hsa_circ_0041954
hsa-miR-1225-3p,hsa_circ_0037432
hsa-miR-1226-5p,hsa_circ_0037458
hsa-miR-130a-5p,hsa_circ_0039183
hsa-miR-130a-5p,hsa_circ_0039184
hsa-miR-130a-5p,hsa_circ_0039185
hsa-miR-130a-5p,hsa_circ_0039186
hsa-miR-136-5p,hsa_circ_0072887
hsa-miR-136-5p,hsa_circ_0072888
hsa-miR-136-5p,hsa_circ_0072890
hsa-miR-136-5p,hsa_circ_0072891
hsa-miR-136-5p,hsa_circ_0072895
hsa-miR-136-5p,hsa_circ_0072896
hsa-miR-1538,hsa_circ_0030857
hsa-miR-1538,hsa_circ_0048991
hsa-miR-185-3p,hsa_circ_0028231
hsa-miR-185-5p,hsa_circ_0018655
hsa-miR-185-5p,hsa_circ_0018656
hsa-miR-185-5p,hsa_circ_0018657
hsa-miR-2861,hsa_circ_0010683
hsa-miR-3187-5p,hsa_circ_0063518
hsa-miR-3192-5p,hsa_circ_0070741
hsa-miR-3198,hsa_circ_0049125
hsa-miR-328-5p,hsa_circ_0046266
hsa-miR-328-5p,hsa_circ_0046267
hsa-miR-328-5p,hsa_circ_0046268
hsa-miR-328-5p,hsa_circ_0046269
hsa-miR-328-5p,hsa_circ_0089440
hsa-miR-328-5p,hsa_circ_0089453
hsa-miR-328-5p,hsa_circ_0089456
hsa-miR-328-5p,hsa_circ_0089457
hsa-miR-3613-3p,hsa_circ_0084661
hsa-miR-3613-3p,hsa_circ_0084662
hsa-miR-362-5p,hsa_circ_0091611
hsa-miR-3652,hsa_circ_0078886
hsa-miR-3652,hsa_circ_0078946
hsa-miR-3692-5p,hsa_circ_0026092
hsa-miR-3692-5p,hsa_circ_0026093
hsa-miR-3692-5p,hsa_circ_0026097
hsa-miR-3916,hsa_circ_0003727
hsa-miR-3929,hsa_circ_0089771
hsa-miR-4269,hsa_circ_0085812
hsa-miR-4436b-3p,hsa_circ_0014742
hsa-miR-4467,hsa_circ_0051922
hsa-miR-4651,hsa_circ_0050087
hsa-miR-4656,hsa_circ_0027022
hsa-miR-4692,hsa_circ_0091771
hsa-miR-4701-5p,hsa_circ_0018685
hsa-miR-4728-5p,hsa_circ_0040297
hsa-miR-4733-3p,hsa_circ_0081102
hsa-miR-4733-3p,hsa_circ_0081106
hsa-miR-4733-3p,hsa_circ_0081107
hsa-miR-4763-3p,hsa_circ_0037434
hsa-miR-4763-3p,hsa_circ_0037436
hsa-miR-4763-3p,hsa_circ_0037437
hsa-miR-4763-3p,hsa_circ_0037438
hsa-miR-4763-3p,hsa_circ_0037439
hsa-miR-4763-3p,hsa_circ_0037440
hsa-miR-4763-3p,hsa_circ_0037444
hsa-miR-4763-3p,hsa_circ_0037445
hsa-miR-4763-3p,hsa_circ_0037449
hsa-miR-4763-3p,hsa_circ_0037450
hsa-miR-4775,hsa_circ_0029218
hsa-miR-4778-3p,hsa_circ_0020669
hsa-miR-4778-3p,hsa_circ_0045436
hsa-miR-4778-3p,hsa_circ_0045437
hsa-miR-548n,hsa_circ_0003812
hsa-miR-578,hsa_circ_0024011
hsa-miR-612,hsa_circ_0027022
hsa-miR-612,hsa_circ_0046033
hsa-miR-627-3p,hsa_circ_0025837
hsa-miR-651-3p,hsa_circ_0009180
hsa-miR-660-3p,hsa_circ_0064350
hsa-miR-6722-3p,hsa_circ_0037739
hsa-miR-6752-5p,hsa_circ_0029875
hsa-miR-6752-5p,hsa_circ_0029876
hsa-miR-6752-5p,hsa_circ_0029877
hsa-miR-6752-5p,hsa_circ_0029878
hsa-miR-6752-5p,hsa_circ_0029879
hsa-miR-6752-5p,hsa_circ_0029880
hsa-miR-6752-5p,hsa_circ_0029881
hsa-miR-6752-5p,hsa_circ_0029882
hsa-miR-6779-5p,hsa_circ_0063533
hsa-miR-6783-3p,hsa_circ_0068940
hsa-miR-6784-5p,hsa_circ_0074027
hsa-miR-6786-5p,hsa_circ_0051748
hsa-miR-6787-3p,hsa_circ_0016773
hsa-miR-6820-5p,hsa_circ_0089547
hsa-miR-6820-5p,hsa_circ_0089552
hsa-miR-6836-5p,hsa_circ_0063995
hsa-miR-6846-5p,hsa_circ_0021025
hsa-miR-6846-5p,hsa_circ_0021030
hsa-miR-6846-5p,hsa_circ_0021031
hsa-miR-6860,hsa_circ_0010571
hsa-miR-6860,hsa_circ_0010594
hsa-miR-6860,hsa_circ_0010595
hsa-miR-6860,hsa_circ_0010618
hsa-miR-6868-3p,hsa_circ_0049106
hsa-miR-6870-5p,hsa_circ_0044498
hsa-miR-6870-5p,hsa_circ_0044499
hsa-miR-766-3p,hsa_circ_0052258
hsa-miR-766-3p,hsa_circ_0085908
hsa-miR-766-3p,hsa_circ_0085909
hsa-miR-766-3p,hsa_circ_0085910
hsa-miR-766-3p,hsa_circ_0085912
hsa-miR-766-3p,hsa_circ_0085913
hsa-miR-8089,hsa_circ_0039075
hsa-miR-8089,hsa_circ_0039087
hsa-miR-877-3p,hsa_circ_0051755
hsa-miR-920,hsa_circ_0011484
hsa-miR-920,hsa_circ_0011485
hsa-miR-920,hsa_circ_0011487
hsa-miR-939-3p,hsa_circ_0010544
hsa-miR-939-3p,hsa_circ_0010548
hsa-miR-939-3p,hsa_circ_0010552
hsa-miR-939-3p,hsa_circ_0010555
hsa-miR-939-3p,hsa_circ_0010558
hsa-miR-939-3p,hsa_circ_0010565
hsa-miR-939-3p,hsa_circ_0010580
hsa-miR-939-3p,hsa_circ_0010585
hsa-miR-939-3p,hsa_circ_0010589
hsa-miR-939-3p,hsa_circ_0010596
hsa-miR-939-3p,hsa_circ_0010597
hsa-miR-939-3p,hsa_circ_0010614
hsa-miR-939-3p,hsa_circ_0010619
hsa-miR-939-3p,hsa_circ_0010620
hsa-miR-939-3p,hsa_circ_0010631
hsa-miR-1184,hsa_circ_0027147
hsa-miR-1184,hsa_circ_0052003
hsa-miR-1184,hsa_circ_0086852
hsa-miR-1207-5p,hsa_circ_0065990
hsa-miR-1207-5p,hsa_circ_0075946
hsa-miR-1233-5p,hsa_circ_0020279
hsa-miR-1233-5p,hsa_circ_0020283
hsa-miR-1301-3p,hsa_circ_0081252
hsa-miR-1303,hsa_circ_0079934
hsa-miR-181b-5p,hsa_circ_0052049
hsa-miR-181b-5p,hsa_circ_0052050
hsa-miR-193a-5p,hsa_circ_0029351
hsa-miR-193a-5p,hsa_circ_0029353
hsa-miR-22-5p,hsa_circ_0057223
hsa-miR-2277-5p,hsa_circ_0062318
hsa-miR-23a-3p,hsa_circ_0039183
hsa-miR-23a-3p,hsa_circ_0039184
hsa-miR-23a-3p,hsa_circ_0039185
hsa-miR-24-3p,hsa_circ_0048387
hsa-miR-24-3p,hsa_circ_0048389
hsa-miR-30a-3p,hsa_circ_0042792
hsa-miR-30a-3p,hsa_circ_0042793
hsa-miR-30a-3p,hsa_circ_0042794
hsa-miR-30a-3p,hsa_circ_0042795
hsa-miR-30b-3p,hsa_circ_0009099
hsa-miR-30b-3p,hsa_circ_0047685
hsa-miR-30b-3p,hsa_circ_0047686
hsa-miR-3187-5p,hsa_circ_0010557
hsa-miR-3187-5p,hsa_circ_0010569
hsa-miR-3189-3p,hsa_circ_0030854
hsa-miR-3189-3p,hsa_circ_0065407
hsa-miR-3189-3p,hsa_circ_0065408
hsa-miR-3189-3p,hsa_circ_0065411
hsa-miR-3189-3p,hsa_circ_0065412
hsa-miR-3189-3p,hsa_circ_0065414
hsa-miR-3192-5p,hsa_circ_0026097
hsa-miR-328-5p,hsa_circ_0052141
hsa-miR-335-3p,hsa_circ_0064836
hsa-miR-3613-3p,hsa_circ_0069265
hsa-miR-3613-3p,hsa_circ_0069266
hsa-miR-3613-3p,hsa_circ_0069267
hsa-miR-3620-5p,hsa_circ_0042485
hsa-miR-378g,hsa_circ_0039097
hsa-miR-3929,hsa_circ_0007710
hsa-miR-3929,hsa_circ_0055605
hsa-miR-3929,hsa_circ_0055606
hsa-miR-3960,hsa_circ_0028891
hsa-miR-433-3p,hsa_circ_0020280
hsa-miR-4632-5p,hsa_circ_0013419
hsa-miR-4640-5p,hsa_circ_0032354
hsa-miR-4640-5p,hsa_circ_0081122
hsa-miR-4656,hsa_circ_0038898
hsa-miR-4656,hsa_circ_0072808
hsa-miR-4656,hsa_circ_0072809
hsa-miR-4656,hsa_circ_0072850
hsa-miR-4656,hsa_circ_0072851
hsa-miR-4673,hsa_circ_0011303
hsa-miR-4684-5p,hsa_circ_0003591
hsa-miR-4695-5p,hsa_circ_0038898
hsa-miR-4728-5p,hsa_circ_0089244
hsa-miR-4728-5p,hsa_circ_0089245
hsa-miR-4751,hsa_circ_0057353
hsa-miR-4753-3p,hsa_circ_0010114
hsa-miR-4763-3p,hsa_circ_0012200
hsa-miR-4763-3p,hsa_circ_0026350
hsa-miR-4763-3p,hsa_circ_0026351
hsa-miR-4763-3p,hsa_circ_0042204
hsa-miR-4775,hsa_circ_0011819
hsa-miR-4775,hsa_circ_0075924
hsa-miR-4778-3p,hsa_circ_0010255
hsa-miR-4778-3p,hsa_circ_0018387
hsa-miR-5001-5p,hsa_circ_0065990
hsa-miR-5684,hsa_circ_0089191
hsa-miR-5787,hsa_circ_0091806
hsa-miR-5787,hsa_circ_0091807
hsa-miR-5787,hsa_circ_0091808
hsa-miR-591,hsa_circ_0023853
hsa-miR-591,hsa_circ_0023854
hsa-miR-612,hsa_circ_0011484
hsa-miR-612,hsa_circ_0020763
hsa-miR-637,hsa_circ_0075082
hsa-miR-637,hsa_circ_0075083
hsa-miR-647,hsa_circ_0049122
hsa-miR-647,hsa_circ_0049125
hsa-miR-661,hsa_circ_0010689
hsa-miR-661,hsa_circ_0019896
hsa-miR-661,hsa_circ_0019897
hsa-miR-661,hsa_circ_0019898
hsa-miR-661,hsa_circ_0019899
hsa-miR-661,hsa_circ_0019900
hsa-miR-661,hsa_circ_0019901
hsa-miR-661,hsa_circ_0019902
hsa-miR-661,hsa_circ_0019903
hsa-miR-661,hsa_circ_0019904
hsa-miR-661,hsa_circ_0019905
hsa-miR-661,hsa_circ_0019906
hsa-miR-661,hsa_circ_0019907
hsa-miR-661,hsa_circ_0019908
hsa-miR-661,hsa_circ_0019909
hsa-miR-661,hsa_circ_0019913
hsa-miR-661,hsa_circ_0019914
hsa-miR-661,hsa_circ_0034154
hsa-miR-6722-3p,hsa_circ_0050799
hsa-miR-6727-5p,hsa_circ_0040923
hsa-miR-6727-5p,hsa_circ_0040925
hsa-miR-6735-5p,hsa_circ_0051048
hsa-miR-6740-3p,hsa_circ_0010114
hsa-miR-6743-5p,hsa_circ_0049814
hsa-miR-6754-3p,hsa_circ_0063085
hsa-miR-6756-3p,hsa_circ_0011303
hsa-miR-6756-3p,hsa_circ_0011308
hsa-miR-6756-3p,hsa_circ_0011309
hsa-miR-6756-3p,hsa_circ_0011310
hsa-miR-6762-5p,hsa_circ_0039939
hsa-miR-6780a-5p,hsa_circ_0081378
hsa-miR-6782-5p,hsa_circ_0080298
hsa-miR-6791-3p,hsa_circ_0055327
hsa-miR-6791-5p,hsa_circ_0046103
hsa-miR-6791-5p,hsa_circ_0046104
hsa-miR-6791-5p,hsa_circ_0046105
hsa-miR-6803-5p,hsa_circ_0000731
hsa-miR-6803-5p,hsa_circ_0051480
hsa-miR-6808-5p,hsa_circ_0041999
hsa-miR-6808-5p,hsa_circ_0042001
hsa-miR-6808-5p,hsa_circ_0042003
hsa-miR-6816-5p,hsa_circ_0051281
hsa-miR-6825-5p,hsa_circ_0050087
hsa-miR-6832-3p,hsa_circ_0000965
hsa-miR-6837-5p,hsa_circ_0037466
hsa-miR-6852-5p,hsa_circ_0037432
hsa-miR-6868-3p,hsa_circ_0090625
hsa-miR-6868-3p,hsa_circ_0090626
hsa-miR-6895-5p,hsa_circ_0065400
hsa-miR-6895-5p,hsa_circ_0065401
hsa-miR-6895-5p,hsa_circ_0065402
hsa-miR-6895-5p,hsa_circ_0065403
hsa-miR-6895-5p,hsa_circ_0065404
hsa-miR-6895-5p,hsa_circ_0065407
hsa-miR-6895-5p,hsa_circ_0065408
hsa-miR-7114-5p,hsa_circ_0083091
hsa-miR-7114-5p,hsa_circ_0083095
hsa-miR-7114-5p,hsa_circ_0083104
hsa-miR-7976,hsa_circ_0020282
hsa-miR-7976,hsa_circ_0020283
hsa-miR-8089,hsa_circ_0010948
hsa-miR-8089,hsa_circ_0010954
hsa-miR-8089,hsa_circ_0020759
hsa-miR-939-3p,hsa_circ_0010695
hsa-miR-1204,hsa_circ_0037199
hsa-miR-1273h-5p,hsa_circ_0008161
hsa-miR-1468-3p,hsa_circ_0001800
hsa-miR-181b-5p,hsa_circ_0013776
hsa-miR-1827,hsa_circ_0019789
hsa-miR-1827,hsa_circ_0019793
hsa-miR-1827,hsa_circ_0019795
hsa-miR-1827,hsa_circ_0019796
hsa-miR-2467-3p,hsa_circ_0082879
hsa-miR-27b-5p,hsa_circ_0048499
hsa-miR-2861,hsa_circ_0020316
hsa-miR-2861,hsa_circ_0045757
hsa-miR-30b-3p,hsa_circ_0060490
hsa-miR-30d-3p,hsa_circ_0042792
hsa-miR-30d-3p,hsa_circ_0042793
hsa-miR-30d-3p,hsa_circ_0042794
hsa-miR-30d-3p,hsa_circ_0042795
hsa-miR-3127-5p,hsa_circ_0020282
hsa-miR-3127-5p,hsa_circ_0020283
hsa-miR-3135b,hsa_circ_0081678
hsa-miR-3142,hsa_circ_0052306
hsa-miR-3159,hsa_circ_0027022
hsa-miR-3202,hsa_circ_0007740
hsa-miR-326,hsa_circ_0002172
hsa-miR-326,hsa_circ_0089776
hsa-miR-328-5p,hsa_circ_0031404
hsa-miR-3662,hsa_circ_0061233
hsa-miR-423-5p,hsa_circ_0048698
hsa-miR-423-5p,hsa_circ_0048709
hsa-miR-4282,hsa_circ_0019282
hsa-miR-4493,hsa_circ_0079070
hsa-miR-4530,hsa_circ_0044525
hsa-miR-4642,hsa_circ_0049129
hsa-miR-4677-5p,hsa_circ_0075975
hsa-miR-4686,hsa_circ_0033251
hsa-miR-4686,hsa_circ_0033267
hsa-miR-4686,hsa_circ_0033273
hsa-miR-4686,hsa_circ_0033278
hsa-miR-4686,hsa_circ_0033282
hsa-miR-4686,hsa_circ_0033289
hsa-miR-4686,hsa_circ_0033295
hsa-miR-4686,hsa_circ_0033296
hsa-miR-4686,hsa_circ_0033301
hsa-miR-4686,hsa_circ_0033311
hsa-miR-4686,hsa_circ_0033314
hsa-miR-4686,hsa_circ_0033321
hsa-miR-4686,hsa_circ_0033324
hsa-miR-4686,hsa_circ_0033331
hsa-miR-4686,hsa_circ_0033336
hsa-miR-4686,hsa_circ_0033339
hsa-miR-4686,hsa_circ_0033345
hsa-miR-4695-5p,hsa_circ_0052101
hsa-miR-4695-5p,hsa_circ_0052103
hsa-miR-4745-5p,hsa_circ_0010549
hsa-miR-4745-5p,hsa_circ_0010553
hsa-miR-4745-5p,hsa_circ_0010574
hsa-miR-4745-5p,hsa_circ_0010582
hsa-miR-4745-5p,hsa_circ_0010583
hsa-miR-4745-5p,hsa_circ_0010603
hsa-miR-4745-5p,hsa_circ_0010604
hsa-miR-4745-5p,hsa_circ_0010605
hsa-miR-4745-5p,hsa_circ_0010606
hsa-miR-4745-5p,hsa_circ_0010607
hsa-miR-4745-5p,hsa_circ_0010608
hsa-miR-4745-5p,hsa_circ_0010609
hsa-miR-4745-5p,hsa_circ_0010610
hsa-miR-4751,hsa_circ_0057364
hsa-miR-4751,hsa_circ_0057376
hsa-miR-4751,hsa_circ_0057379
hsa-miR-4763-3p,hsa_circ_0022226
hsa-miR-4778-3p,hsa_circ_0075505
hsa-miR-4778-3p,hsa_circ_0075506
hsa-miR-4778-3p,hsa_circ_0075507
hsa-miR-5001-5p,hsa_circ_0041951
hsa-miR-5001-5p,hsa_circ_0073877
hsa-miR-5189-5p,hsa_circ_0037987
hsa-miR-5189-5p,hsa_circ_0051695
hsa-miR-548at-5p,hsa_circ_0003760
hsa-miR-548bb-3p,hsa_circ_0001800
hsa-miR-5684,hsa_circ_0019789
hsa-miR-5684,hsa_circ_0019793
hsa-miR-5684,hsa_circ_0019795
hsa-miR-5684,hsa_circ_0019796
hsa-miR-6085,hsa_circ_0051279
hsa-miR-6085,hsa_circ_0051285
hsa-miR-6089,hsa_circ_0020316
hsa-miR-6133,hsa_circ_0011418
hsa-miR-6133,hsa_circ_0011419
hsa-miR-634,hsa_circ_0044522
hsa-miR-634,hsa_circ_0044524
hsa-miR-634,hsa_circ_0044529
hsa-miR-634,hsa_circ_0044535
hsa-miR-634,hsa_circ_0044536
hsa-miR-634,hsa_circ_0044543
hsa-miR-634,hsa_circ_0044548
hsa-miR-634,hsa_circ_0044549
hsa-miR-6715b-5p,hsa_circ_0033278
hsa-miR-6715b-5p,hsa_circ_0033289
hsa-miR-6715b-5p,hsa_circ_0033311
hsa-miR-6747-3p,hsa_circ_0081678
hsa-miR-6752-5p,hsa_circ_0010541
hsa-miR-6752-5p,hsa_circ_0011212
hsa-miR-6754-3p,hsa_circ_0091853
hsa-miR-6754-3p,hsa_circ_0091854
hsa-miR-6762-5p,hsa_circ_0065990
hsa-miR-6779-5p,hsa_circ_0020316
hsa-miR-6780a-5p,hsa_circ_0023418
hsa-miR-6780a-5p,hsa_circ_0023419
hsa-miR-6787-5p,hsa_circ_0064015
hsa-miR-6791-3p,hsa_circ_0060074
hsa-miR-6792-3p,hsa_circ_0063107
hsa-miR-6813-5p,hsa_circ_0066288
hsa-miR-6813-5p,hsa_circ_0066316
hsa-miR-6813-5p,hsa_circ_0066325
hsa-miR-6851-5p,hsa_circ_0074314
hsa-miR-6851-5p,hsa_circ_0074315
hsa-miR-6851-5p,hsa_circ_0074316
hsa-miR-6851-5p,hsa_circ_0074319
hsa-miR-6851-5p,hsa_circ_0074320
hsa-miR-762,hsa_circ_0004021
hsa-miR-762,hsa_circ_0029472
hsa-miR-764,hsa_circ_0033575
hsa-miR-874-3p,hsa_circ_0010542
hsa-miR-874-3p,hsa_circ_0010549
hsa-miR-874-3p,hsa_circ_0010553
hsa-miR-874-3p,hsa_circ_0010559
hsa-miR-874-3p,hsa_circ_0010560
hsa-miR-939-3p,hsa_circ_0020490
hsa-miR-1205,hsa_circ_0051094
hsa-miR-1207-5p,hsa_circ_0014736
hsa-miR-1273h-5p,hsa_circ_0026211
hsa-miR-1286,hsa_circ_0081154
hsa-miR-1286,hsa_circ_0081155
hsa-miR-1301-3p,hsa_circ_0062089
hsa-miR-1303,hsa_circ_0038126
hsa-miR-149-3p,hsa_circ_0011902
hsa-miR-149-5p,hsa_circ_0049920
hsa-miR-149-5p,hsa_circ_0049922
hsa-miR-1538,hsa_circ_0022605
hsa-miR-1538,hsa_circ_0081633
hsa-miR-1827,hsa_circ_0078962
hsa-miR-188-3p,hsa_circ_0050567
hsa-miR-1976,hsa_circ_0060075
hsa-miR-30b-3p,hsa_circ_0002379
hsa-miR-3187-5p,hsa_circ_0051695
hsa-miR-3192-5p,hsa_circ_0020595
hsa-miR-3619-5p,hsa_circ_0085833
hsa-miR-3620-5p,hsa_circ_0012083
hsa-miR-376c-3p,hsa_circ_0049111
hsa-miR-376c-3p,hsa_circ_0049112
hsa-miR-3918,hsa_circ_0020282
hsa-miR-3918,hsa_circ_0020283
hsa-miR-4640-5p,hsa_circ_0081146
hsa-miR-4656,hsa_circ_0015212
hsa-miR-4656,hsa_circ_0015216
hsa-miR-4656,hsa_circ_0015217
hsa-miR-4656,hsa_circ_0015220
hsa-miR-4656,hsa_circ_0015221
hsa-miR-4656,hsa_circ_0015222
hsa-miR-4656,hsa_circ_0015224
hsa-miR-4667-3p,hsa_circ_0016773
hsa-miR-4667-3p,hsa_circ_0016775
hsa-miR-4667-3p,hsa_circ_0016776
hsa-miR-4667-3p,hsa_circ_0062544
hsa-miR-4677-5p,hsa_circ_0024010
hsa-miR-4677-5p,hsa_circ_0024011
hsa-miR-4677-5p,hsa_circ_0024013
hsa-miR-4677-5p,hsa_circ_0024014
hsa-miR-4684-5p,hsa_circ_0014789
hsa-miR-4685-5p,hsa_circ_0043373
hsa-miR-4685-5p,hsa_circ_0043374
hsa-miR-4685-5p,hsa_circ_0051298
hsa-miR-4691-5p,hsa_circ_0016716
hsa-miR-4691-5p,hsa_circ_0075988
hsa-miR-4691-5p,hsa_circ_0088827
hsa-miR-4691-5p,hsa_circ_0088837
hsa-miR-4691-5p,hsa_circ_0088840
hsa-miR-4691-5p,hsa_circ_0088842
hsa-miR-4731-5p,hsa_circ_0039106
hsa-miR-4739,hsa_circ_0011901
hsa-miR-4739,hsa_circ_0022834
hsa-miR-4739,hsa_circ_0055207
hsa-miR-4763-3p,hsa_circ_0090561
hsa-miR-4778-3p,hsa_circ_0031279
hsa-miR-4786-5p,hsa_circ_0052094
hsa-miR-485-5p,hsa_circ_0007379
hsa-miR-5047,hsa_circ_0062088
hsa-miR-508-5p,hsa_circ_0049109
hsa-miR-508-5p,hsa_circ_0049110
hsa-miR-548c-3p,hsa_circ_0012762
hsa-miR-608,hsa_circ_0012044
hsa-miR-608,hsa_circ_0012046
hsa-miR-6132,hsa_circ_0010542
hsa-miR-6132,hsa_circ_0010549
hsa-miR-6132,hsa_circ_0010553
hsa-miR-6132,hsa_circ_0010559
hsa-miR-6132,hsa_circ_0010560
hsa-miR-6132,hsa_circ_0010573
hsa-miR-637,hsa_circ_0026092
hsa-miR-637,hsa_circ_0026093
hsa-miR-637,hsa_circ_0026097
hsa-miR-6515-5p,hsa_circ_0026926
hsa-miR-6515-5p,hsa_circ_0026927
hsa-miR-6515-5p,hsa_circ_0026928
hsa-miR-6515-5p,hsa_circ_0026929
hsa-miR-665,hsa_circ_0057449
hsa-miR-665,hsa_circ_0057450
hsa-miR-6743-5p,hsa_circ_0058282
hsa-miR-6743-5p,hsa_circ_0058284
hsa-miR-6743-5p,hsa_circ_0065481
hsa-miR-6756-3p,hsa_circ_0013872
hsa-miR-6756-3p,hsa_circ_0013875
hsa-miR-6759-5p,hsa_circ_0055230
hsa-miR-6759-5p,hsa_circ_0055236
hsa-miR-6759-5p,hsa_circ_0055237
hsa-miR-6766-5p,hsa_circ_0002172
hsa-miR-6766-5p,hsa_circ_0065481
hsa-miR-6772-3p,hsa_circ_0029152
hsa-miR-6772-3p,hsa_circ_0029153
hsa-miR-6779-5p,hsa_circ_0044398
hsa-miR-6779-5p,hsa_circ_0044401
hsa-miR-6779-5p,hsa_circ_0044403
hsa-miR-6780a-5p,hsa_circ_0052316
hsa-miR-6791-3p,hsa_circ_0029296
hsa-miR-6791-3p,hsa_circ_0029297
hsa-miR-6791-3p,hsa_circ_0029298
hsa-miR-6798-5p,hsa_circ_0044546
hsa-miR-6798-5p,hsa_circ_0044547
hsa-miR-6798-5p,hsa_circ_0057344
hsa-miR-6798-5p,hsa_circ_0057345
hsa-miR-6798-5p,hsa_circ_0057348
hsa-miR-6798-5p,hsa_circ_0057349
hsa-miR-6798-5p,hsa_circ_0057355
hsa-miR-6798-5p,hsa_circ_0057356
hsa-miR-6808-5p,hsa_circ_0076614
hsa-miR-6836-5p,hsa_circ_0045757
hsa-miR-6851-3p,hsa_circ_0030864
hsa-miR-6851-3p,hsa_circ_0030869
hsa-miR-6851-5p,hsa_circ_0010626
hsa-miR-6855-5p,hsa_circ_0080668
hsa-miR-6868-5p,hsa_circ_0061080
hsa-miR-6873-5p,hsa_circ_0037995
hsa-miR-6873-5p,hsa_circ_0037996
hsa-miR-6873-5p,hsa_circ_0037997
hsa-miR-6879-5p,hsa_circ_0025086
hsa-miR-6881-3p,hsa_circ_0050831
hsa-miR-7109-5p,hsa_circ_0057955
hsa-miR-7156-3p,hsa_circ_0027147
hsa-miR-7156-3p,hsa_circ_0027170
hsa-miR-7156-3p,hsa_circ_0027174
hsa-miR-7156-3p,hsa_circ_0027175
hsa-miR-7156-3p,hsa_circ_0027179
hsa-miR-7156-3p,hsa_circ_0027180
hsa-miR-7156-3p,hsa_circ_0086853
hsa-miR-7156-3p,hsa_circ_0086854
hsa-miR-7156-3p,hsa_circ_0086855
hsa-miR-7156-3p,hsa_circ_0086856
hsa-miR-7156-3p,hsa_circ_0086857
hsa-miR-7156-3p,hsa_circ_0086858
hsa-miR-7156-3p,hsa_circ_0086859
hsa-miR-7156-3p,hsa_circ_0086860
hsa-miR-8089,hsa_circ_0081230
hsa-miR-8089,hsa_circ_0081252
hsa-miR-1184,hsa_circ_0013840
hsa-miR-1184,hsa_circ_0013841
hsa-miR-1184,hsa_circ_0032953
hsa-miR-1226-5p,hsa_circ_0065481
hsa-miR-1233-5p,hsa_circ_0059143
hsa-miR-1286,hsa_circ_0044506
hsa-miR-1303,hsa_circ_0025834
hsa-miR-1343-3p,hsa_circ_0065408
hsa-miR-1827,hsa_circ_0009180
hsa-miR-1908-5p,hsa_circ_0051750
hsa-miR-1908-5p,hsa_circ_0051751
hsa-miR-1909-3p,hsa_circ_0065481
hsa-miR-1910-3p,hsa_circ_0080692
hsa-miR-194-3p,hsa_circ_0042204
hsa-miR-24-3p,hsa_circ_0049122
hsa-miR-24-3p,hsa_circ_0049125
hsa-miR-30b-3p,hsa_circ_0089191
hsa-miR-3135b,hsa_circ_0088738
hsa-miR-3159,hsa_circ_0052102
hsa-miR-3187-5p,hsa_circ_0044062
hsa-miR-3187-5p,hsa_circ_0044063
hsa-miR-323b-5p,hsa_circ_0018685
hsa-miR-328-5p,hsa_circ_0049818
hsa-miR-328-5p,hsa_circ_0049820
hsa-miR-3620-5p,hsa_circ_0063778
hsa-miR-3620-5p,hsa_circ_0091809
hsa-miR-3664-3p,hsa_circ_0010055
hsa-miR-3929,hsa_circ_0075953
hsa-miR-3936,hsa_circ_0064463
hsa-miR-433-5p,hsa_circ_0016775
hsa-miR-4433b-3p,hsa_circ_0082879
hsa-miR-4498,hsa_circ_0020669
hsa-miR-4665-3p,hsa_circ_0089771
hsa-miR-4667-5p,hsa_circ_0049110
hsa-miR-4667-5p,hsa_circ_0049113
hsa-miR-4690-3p,hsa_circ_0080166
hsa-miR-4690-3p,hsa_circ_0080167
hsa-miR-4691-5p,hsa_circ_0073302
hsa-miR-4691-5p,hsa_circ_0073311
hsa-miR-4728-5p,hsa_circ_0020761
hsa-miR-4728-5p,hsa_circ_0020762
hsa-miR-4728-5p,hsa_circ_0022834
hsa-miR-4728-5p,hsa_circ_0022836
hsa-miR-4739,hsa_circ_0010029
hsa-miR-4778-3p,hsa_circ_0061880
hsa-miR-4778-3p,hsa_circ_0061882
hsa-miR-4778-3p,hsa_circ_0061883
hsa-miR-4778-3p,hsa_circ_0061884
hsa-miR-4778-3p,hsa_circ_0061886
hsa-miR-4778-3p,hsa_circ_0061887
hsa-miR-4778-3p,hsa_circ_0061888
hsa-miR-4778-3p,hsa_circ_0061889
hsa-miR-485-5p,hsa_circ_0002171
hsa-miR-485-5p,hsa_circ_0016162
hsa-miR-485-5p,hsa_circ_0016165
hsa-miR-485-5p,hsa_circ_0022514
hsa-miR-5090,hsa_circ_0020761
hsa-miR-5090,hsa_circ_0020762
hsa-miR-5189-5p,hsa_circ_0027022
hsa-miR-548n,hsa_circ_0032107
hsa-miR-548n,hsa_circ_0032110
hsa-miR-590-3p,hsa_circ_0024881
hsa-miR-615-5p,hsa_circ_0044536
hsa-miR-615-5p,hsa_circ_0044543
hsa-miR-615-5p,hsa_circ_0044549
hsa-miR-637,hsa_circ_0037199
hsa-miR-637,hsa_circ_0044512
hsa-miR-647,hsa_circ_0049105
hsa-miR-663a,hsa_circ_0051750
hsa-miR-663a,hsa_circ_0051751
hsa-miR-665,hsa_circ_0082878
hsa-miR-665,hsa_circ_0082879
hsa-miR-670-3p,hsa_circ_0034596
hsa-miR-670-3p,hsa_circ_0034599
hsa-miR-670-3p,hsa_circ_0034600
hsa-miR-670-3p,hsa_circ_0034601
hsa-miR-670-3p,hsa_circ_0034602
hsa-miR-6721-5p,hsa_circ_0042939
hsa-miR-6721-5p,hsa_circ_0042941
hsa-miR-6721-5p,hsa_circ_0042942
hsa-miR-6721-5p,hsa_circ_0042943
hsa-miR-6722-3p,hsa_circ_0010760
hsa-miR-6752-5p,hsa_circ_0048698
hsa-miR-6752-5p,hsa_circ_0048709
hsa-miR-6780a-5p,hsa_circ_0045221
hsa-miR-6782-5p,hsa_circ_0091672
hsa-miR-6798-5p,hsa_circ_0044541
hsa-miR-6809-3p,hsa_circ_0035684
hsa-miR-6809-3p,hsa_circ_0035685
hsa-miR-6809-3p,hsa_circ_0035691
hsa-miR-6809-3p,hsa_circ_0035698
hsa-miR-6809-3p,hsa_circ_0035699
hsa-miR-6809-3p,hsa_circ_0035704
hsa-miR-6809-3p,hsa_circ_0035705
hsa-miR-6809-3p,hsa_circ_0035708
hsa-miR-6809-3p,hsa_circ_0035713
hsa-miR-6809-3p,hsa_circ_0035714
hsa-miR-6809-3p,hsa_circ_0035716
hsa-miR-6809-3p,hsa_circ_0035717
hsa-miR-6809-3p,hsa_circ_0035718
hsa-miR-6809-3p,hsa_circ_0035721
hsa-miR-6825-5p,hsa_circ_0012655
hsa-miR-6833-3p,hsa_circ_0063742
hsa-miR-6836-5p,hsa_circ_0013419
hsa-miR-6836-5p,hsa_circ_0085908
hsa-miR-6836-5p,hsa_circ_0085909
hsa-miR-6836-5p,hsa_circ_0085910
hsa-miR-6837-5p,hsa_circ_0021025
hsa-miR-6837-5p,hsa_circ_0021030
hsa-miR-6837-5p,hsa_circ_0021031
hsa-miR-6848-5p,hsa_circ_0050087
hsa-miR-6879-5p,hsa_circ_0026141
hsa-miR-6881-3p,hsa_circ_0040923
hsa-miR-6881-3p,hsa_circ_0040925
hsa-miR-6895-5p,hsa_circ_0046240
hsa-miR-1184,hsa_circ_0009957
hsa-miR-1184,hsa_circ_0009958
hsa-miR-1184,hsa_circ_0010609
hsa-miR-1184,hsa_circ_0010610
hsa-miR-1184,hsa_circ_0010625
hsa-miR-1184,hsa_circ_0010626
hsa-miR-1184,hsa_circ_0010649
hsa-miR-1184,hsa_circ_0010650
hsa-miR-1248,hsa_circ_0079934
hsa-miR-1273h-5p,hsa_circ_0004021
hsa-miR-1273h-5p,hsa_circ_0029472
hsa-miR-1303,hsa_circ_0028093
hsa-miR-149-3p,hsa_circ_0075041
hsa-miR-181a-5p,hsa_circ_0053920
hsa-miR-181a-5p,hsa_circ_0053921
hsa-miR-1827,hsa_circ_0089809
hsa-miR-2467-3p,hsa_circ_0031403
hsa-miR-296-5p,hsa_circ_0082878
hsa-miR-296-5p,hsa_circ_0082879
hsa-miR-3065-3p,hsa_circ_0044543
hsa-miR-3065-3p,hsa_circ_0044548
hsa-miR-3065-3p,hsa_circ_0044549
hsa-miR-30b-3p,hsa_circ_0049494
hsa-miR-3159,hsa_circ_0044091
hsa-miR-3159,hsa_circ_0044092
hsa-miR-3159,hsa_circ_0044093
hsa-miR-3159,hsa_circ_0044094
hsa-miR-335-3p,hsa_circ_0045434
hsa-miR-335-3p,hsa_circ_0045435
hsa-miR-335-3p,hsa_circ_0045436
hsa-miR-335-3p,hsa_circ_0045437
hsa-miR-335-3p,hsa_circ_0045439
hsa-miR-361-3p,hsa_circ_0006177
hsa-miR-3667-3p,hsa_circ_0078981
hsa-miR-3689b-3p,hsa_circ_0000939
hsa-miR-3689c,hsa_circ_0000939
hsa-miR-3922-3p,hsa_circ_0012655
hsa-miR-3927-3p,hsa_circ_0055230
hsa-miR-3927-3p,hsa_circ_0055233
hsa-miR-3927-3p,hsa_circ_0055235
hsa-miR-3927-3p,hsa_circ_0055236
hsa-miR-3927-3p,hsa_circ_0055237
hsa-miR-3927-3p,hsa_circ_0055239
hsa-miR-423-5p,hsa_circ_0002172
hsa-miR-423-5p,hsa_circ_0089776
hsa-miR-4270,hsa_circ_0020316
hsa-miR-4632-5p,hsa_circ_0010626
hsa-miR-4684-5p,hsa_circ_0081596
hsa-miR-4685-5p,hsa_circ_0082877
hsa-miR-4692,hsa_circ_0082877
hsa-miR-4722-5p,hsa_circ_0085812
hsa-miR-4739,hsa_circ_0091806
hsa-miR-4739,hsa_circ_0091807
hsa-miR-4739,hsa_circ_0091808
hsa-miR-4763-3p,hsa_circ_0033533
hsa-miR-4763-3p,hsa_circ_0033534
hsa-miR-4803,hsa_circ_0001800
hsa-miR-504-5p,hsa_circ_0049109
hsa-miR-504-5p,hsa_circ_0049112
hsa-miR-519d-5p,hsa_circ_0037914
hsa-miR-548c-3p,hsa_circ_0074814
hsa-miR-5684,hsa_circ_0043314
hsa-miR-5685,hsa_circ_0051048
hsa-miR-647,hsa_circ_0049115
hsa-miR-660-3p,hsa_circ_0079994
hsa-miR-661,hsa_circ_0000912
hsa-miR-6736-3p,hsa_circ_0079394
hsa-miR-6754-3p,hsa_circ_0033251
hsa-miR-6754-3p,hsa_circ_0033267
hsa-miR-6754-3p,hsa_circ_0033273
hsa-miR-6754-3p,hsa_circ_0033278
hsa-miR-6754-3p,hsa_circ_0033282
hsa-miR-6754-3p,hsa_circ_0033289
hsa-miR-6754-3p,hsa_circ_0033295
hsa-miR-6754-3p,hsa_circ_0033296
hsa-miR-6754-3p,hsa_circ_0033301
hsa-miR-6754-3p,hsa_circ_0033311
hsa-miR-6754-3p,hsa_circ_0033314
hsa-miR-6754-3p,hsa_circ_0091866
hsa-miR-6754-3p,hsa_circ_0091867
hsa-miR-6754-3p,hsa_circ_0091870
hsa-miR-6756-5p,hsa_circ_0026102
hsa-miR-6756-5p,hsa_circ_0026103
hsa-miR-6756-5p,hsa_circ_0026104
hsa-miR-6756-5p,hsa_circ_0026106
hsa-miR-6756-5p,hsa_circ_0026107
hsa-miR-6756-5p,hsa_circ_0026108
hsa-miR-6782-5p,hsa_circ_0039099
hsa-miR-6782-5p,hsa_circ_0039105
hsa-miR-6791-5p,hsa_circ_0010542
hsa-miR-6791-5p,hsa_circ_0010549
hsa-miR-6791-5p,hsa_circ_0010553
hsa-miR-6791-5p,hsa_circ_0010559
hsa-miR-6791-5p,hsa_circ_0010560
hsa-miR-6791-5p,hsa_circ_0010573
hsa-miR-6791-5p,hsa_circ_0010574
hsa-miR-6791-5p,hsa_circ_0010581
hsa-miR-6791-5p,hsa_circ_0010582
hsa-miR-6791-5p,hsa_circ_0010583
hsa-miR-6791-5p,hsa_circ_0058931
hsa-miR-6791-5p,hsa_circ_0058932
hsa-miR-6805-5p,hsa_circ_0026092
hsa-miR-6805-5p,hsa_circ_0026093
hsa-miR-6805-5p,hsa_circ_0026096
hsa-miR-6805-5p,hsa_circ_0026097
hsa-miR-6808-5p,hsa_circ_0015996
hsa-miR-6815-5p,hsa_circ_0037451
hsa-miR-6816-5p,hsa_circ_0051748
hsa-miR-6816-5p,hsa_circ_0051750
hsa-miR-6816-5p,hsa_circ_0051751
hsa-miR-6832-3p,hsa_circ_0076958
hsa-miR-6832-3p,hsa_circ_0089428
hsa-miR-6832-3p,hsa_circ_0089429
hsa-miR-6832-3p,hsa_circ_0089433
hsa-miR-6832-3p,hsa_circ_0089440
hsa-miR-6832-3p,hsa_circ_0089445
hsa-miR-6838-5p,hsa_circ_0079107
hsa-miR-6838-5p,hsa_circ_0079109
hsa-miR-6838-5p,hsa_circ_0079111
hsa-miR-6838-5p,hsa_circ_0079113
hsa-miR-6849-3p,hsa_circ_0036745
hsa-miR-6849-3p,hsa_circ_0057201
hsa-miR-6849-3p,hsa_circ_0089810
hsa-miR-6849-3p,hsa_circ_0089812
hsa-miR-6851-3p,hsa_circ_0030854
hsa-miR-6852-5p,hsa_circ_0028549
hsa-miR-6881-3p,hsa_circ_0063098
hsa-miR-6884-5p,hsa_circ_0027022
hsa-miR-6884-5p,hsa_circ_0045221
hsa-miR-6893-5p,hsa_circ_0082881
hsa-miR-7113-3p,hsa_circ_0014451
hsa-miR-766-3p,hsa_circ_0016773
hsa-miR-766-3p,hsa_circ_0016776
hsa-miR-8075,hsa_circ_0010271
hsa-miR-939-3p,hsa_circ_0010667
hsa-miR-939-3p,hsa_circ_0010682
hsa-miR-939-3p,hsa_circ_0081678
hsa-miR-1227-5p,hsa_circ_0039097
hsa-miR-1236-3p,hsa_circ_0060070
hsa-miR-1236-3p,hsa_circ_0060071
hsa-miR-1236-3p,hsa_circ_0060073
hsa-miR-1236-3p,hsa_circ_0060075
hsa-miR-1291,hsa_circ_0016773
hsa-miR-1291,hsa_circ_0016775
hsa-miR-1291,hsa_circ_0016776
hsa-miR-1291,hsa_circ_0016777
hsa-miR-1291,hsa_circ_0016778
hsa-miR-1301-3p,hsa_circ_0029559
hsa-miR-1301-3p,hsa_circ_0029560
hsa-miR-1301-3p,hsa_circ_0045757
hsa-miR-143-3p,hsa_circ_0037564
hsa-miR-143-3p,hsa_circ_0037565
hsa-miR-143-3p,hsa_circ_0037568
hsa-miR-143-3p,hsa_circ_0037570
hsa-miR-143-3p,hsa_circ_0037571
hsa-miR-143-3p,hsa_circ_0037573
hsa-miR-143-3p,hsa_circ_0037574
hsa-miR-1908-5p,hsa_circ_0010541
hsa-miR-1908-5p,hsa_circ_0010542
hsa-miR-214-3p,hsa_circ_0044064
hsa-miR-214-3p,hsa_circ_0044065
hsa-miR-214-3p,hsa_circ_0044066
hsa-miR-214-3p,hsa_circ_0044067
hsa-miR-214-3p,hsa_circ_0044068
hsa-miR-23b-5p,hsa_circ_0048499
hsa-miR-2467-3p,hsa_circ_0011064
hsa-miR-2467-3p,hsa_circ_0011065
hsa-miR-2467-3p,hsa_circ_0011066
hsa-miR-2467-3p,hsa_circ_0011067
hsa-miR-2467-3p,hsa_circ_0011068
hsa-miR-2467-3p,hsa_circ_0011069
hsa-miR-2467-3p,hsa_circ_0011070
hsa-miR-2467-3p,hsa_circ_0011071
hsa-miR-2861,hsa_circ_0010703
hsa-miR-29a-3p,hsa_circ_0081081
hsa-miR-29a-3p,hsa_circ_0081085
hsa-miR-29a-3p,hsa_circ_0081095
hsa-miR-29a-3p,hsa_circ_0081107
hsa-miR-29a-3p,hsa_circ_0081114
hsa-miR-3142,hsa_circ_0006984
hsa-miR-3149,hsa_circ_0083771
hsa-miR-3149,hsa_circ_0083773
hsa-miR-3149,hsa_circ_0083774
hsa-miR-3149,hsa_circ_0083776
hsa-miR-3149,hsa_circ_0083778
hsa-miR-3162-5p,hsa_circ_0051235
hsa-miR-3162-5p,hsa_circ_0051236
hsa-miR-3162-5p,hsa_circ_0051237
hsa-miR-3162-5p,hsa_circ_0051238
hsa-miR-3162-5p,hsa_circ_0051239
hsa-miR-3187-5p,hsa_circ_0004454
hsa-miR-3187-5p,hsa_circ_0016773
hsa-miR-3187-5p,hsa_circ_0016776
hsa-miR-3187-5p,hsa_circ_0044246
hsa-miR-3187-5p,hsa_circ_0090386
hsa-miR-3192-5p,hsa_circ_0058199
hsa-miR-3196,hsa_circ_0001731
hsa-miR-329-5p,hsa_circ_0000931
hsa-miR-3606-3p,hsa_circ_0043315
hsa-miR-3613-3p,hsa_circ_0087424
hsa-miR-3613-3p,hsa_circ_0087425
hsa-miR-3677-5p,hsa_circ_0010664
hsa-miR-3677-5p,hsa_circ_0010691
hsa-miR-3677-5p,hsa_circ_0010703
hsa-miR-3677-5p,hsa_circ_0010715
hsa-miR-3677-5p,hsa_circ_0010725
hsa-miR-3677-5p,hsa_circ_0010726
hsa-miR-3677-5p,hsa_circ_0010727
hsa-miR-3677-5p,hsa_circ_0010729
hsa-miR-3924,hsa_circ_0084788
hsa-miR-3925-3p,hsa_circ_0049505
hsa-miR-4430,hsa_circ_0050087
hsa-miR-4478,hsa_circ_0018230
hsa-miR-4533,hsa_circ_0034156
hsa-miR-4646-5p,hsa_circ_0065481
hsa-miR-4651,hsa_circ_0065481
hsa-miR-4659b-3p,hsa_circ_0049106
hsa-miR-4691-5p,hsa_circ_0032221
hsa-miR-4691-5p,hsa_circ_0032225
hsa-miR-4691-5p,hsa_circ_0032226
hsa-miR-4726-5p,hsa_circ_0081145
hsa-miR-4726-5p,hsa_circ_0081148
hsa-miR-4731-5p,hsa_circ_0085885
hsa-miR-4753-3p,hsa_circ_0046840
hsa-miR-4753-3p,hsa_circ_0046844
hsa-miR-4763-3p,hsa_circ_0044768
hsa-miR-4763-3p,hsa_circ_0044769
hsa-miR-4772-3p,hsa_circ_0004454
hsa-miR-4775,hsa_circ_0044091
hsa-miR-4775,hsa_circ_0044092
hsa-miR-4775,hsa_circ_0044093
hsa-miR-4775,hsa_circ_0044094
hsa-miR-4778-3p,hsa_circ_0050838
hsa-miR-5001-5p,hsa_circ_0062544
hsa-miR-5189-5p,hsa_circ_0063518
hsa-miR-548aa,hsa_circ_0017904
hsa-miR-548n,hsa_circ_0018142
hsa-miR-548t-3p,hsa_circ_0017904
hsa-miR-5787,hsa_circ_0046246
hsa-miR-6506-5p,hsa_circ_0000939
hsa-miR-6514-3p,hsa_circ_0050271
hsa-miR-665,hsa_circ_0044517
hsa-miR-665,hsa_circ_0044522
hsa-miR-665,hsa_circ_0044524
hsa-miR-665,hsa_circ_0044529
hsa-miR-665,hsa_circ_0044535
hsa-miR-665,hsa_circ_0044536
hsa-miR-665,hsa_circ_0081064
hsa-miR-665,hsa_circ_0081073
hsa-miR-665,hsa_circ_0081114
hsa-miR-6720-5p,hsa_circ_0065481
hsa-miR-6722-3p,hsa_circ_0010610
hsa-miR-6722-3p,hsa_circ_0010626
hsa-miR-6722-3p,hsa_circ_0010650
hsa-miR-6722-3p,hsa_circ_0080448
hsa-miR-6722-3p,hsa_circ_0080450
hsa-miR-6738-3p,hsa_circ_0000062
hsa-miR-6752-5p,hsa_circ_0081509
hsa-miR-6752-5p,hsa_circ_0081510
hsa-miR-6760-3p,hsa_circ_0074522
hsa-miR-6760-3p,hsa_circ_0074523
hsa-miR-6769b-5p,hsa_circ_0049109
hsa-miR-6769b-5p,hsa_circ_0049110
hsa-miR-6780a-5p,hsa_circ_0037987
hsa-miR-6780a-5p,hsa_circ_0059143
hsa-miR-6791-3p,hsa_circ_0045752
hsa-miR-6791-3p,hsa_circ_0045753
hsa-miR-6791-3p,hsa_circ_0045754
hsa-miR-6791-3p,hsa_circ_0045755
hsa-miR-6791-3p,hsa_circ_0045756
hsa-miR-6804-3p,hsa_circ_0088736
hsa-miR-6804-3p,hsa_circ_0088738
hsa-miR-6804-3p,hsa_circ_0088740
hsa-miR-6804-3p,hsa_circ_0088741
hsa-miR-6825-5p,hsa_circ_0091803
hsa-miR-6825-5p,hsa_circ_0091804
hsa-miR-6825-5p,hsa_circ_0091805
hsa-miR-6836-5p,hsa_circ_0044546
hsa-miR-6836-5p,hsa_circ_0052253
hsa-miR-6860,hsa_circ_0022728
hsa-miR-6870-5p,hsa_circ_0041852
hsa-miR-6878-5p,hsa_circ_0080029
hsa-miR-6884-5p,hsa_circ_0017198
hsa-miR-6887-3p,hsa_circ_0026923
hsa-miR-6887-3p,hsa_circ_0026924
hsa-miR-6887-3p,hsa_circ_0026925
hsa-miR-6887-3p,hsa_circ_0026926
hsa-miR-6887-3p,hsa_circ_0026927
hsa-miR-6887-3p,hsa_circ_0026928
hsa-miR-6887-3p,hsa_circ_0026929
hsa-miR-7112-5p,hsa_circ_0061901
hsa-miR-7112-5p,hsa_circ_0061903
hsa-miR-7112-5p,hsa_circ_0061904
hsa-miR-7112-5p,hsa_circ_0061905
hsa-miR-760,hsa_circ_0061080
hsa-miR-766-3p,hsa_circ_0062093
hsa-miR-766-3p,hsa_circ_0062099
hsa-miR-106b-5p,hsa_circ_0043315
hsa-miR-1184,hsa_circ_0048698
hsa-miR-1184,hsa_circ_0048709
hsa-miR-1202,hsa_circ_0091855
hsa-miR-1202,hsa_circ_0091856
hsa-miR-1202,hsa_circ_0091857
hsa-miR-1202,hsa_circ_0091858
hsa-miR-1202,hsa_circ_0091866
hsa-miR-1202,hsa_circ_0091867
hsa-miR-1228-5p,hsa_circ_0058861
hsa-miR-130a-5p,hsa_circ_0035135
hsa-miR-130a-5p,hsa_circ_0035136
hsa-miR-130a-5p,hsa_circ_0035139
hsa-miR-130a-5p,hsa_circ_0035143
hsa-miR-1827,hsa_circ_0004454
hsa-miR-185-3p,hsa_circ_0020279
hsa-miR-185-3p,hsa_circ_0020282
hsa-miR-185-3p,hsa_circ_0020283
hsa-miR-1909-3p,hsa_circ_0066036
hsa-miR-190a-3p,hsa_circ_0079477
hsa-miR-190a-3p,hsa_circ_0079478
hsa-miR-199b-5p,hsa_circ_0049505
hsa-miR-296-3p,hsa_circ_0069071
hsa-miR-29a-3p,hsa_circ_0081145
hsa-miR-3135b,hsa_circ_0004036
hsa-miR-3135b,hsa_circ_0040543
hsa-miR-335-3p,hsa_circ_0076835
hsa-miR-376c-3p,hsa_circ_0049106
hsa-miR-4441,hsa_circ_0009372
hsa-miR-4467,hsa_circ_0054291
hsa-miR-4530,hsa_circ_0057348
hsa-miR-4530,hsa_circ_0057354
hsa-miR-4530,hsa_circ_0057355
hsa-miR-4632-5p,hsa_circ_0046281
hsa-miR-4632-5p,hsa_circ_0046282
hsa-miR-4640-5p,hsa_circ_0044554
hsa-miR-4640-5p,hsa_circ_0044557
hsa-miR-4651,hsa_circ_0048698
hsa-miR-4651,hsa_circ_0048709
hsa-miR-4665-5p,hsa_circ_0089125
hsa-miR-4665-5p,hsa_circ_0089134
hsa-miR-4722-5p,hsa_circ_0011484
hsa-miR-4722-5p,hsa_circ_0013418
hsa-miR-4722-5p,hsa_circ_0013419
hsa-miR-4763-3p,hsa_circ_0031207
hsa-miR-4763-3p,hsa_circ_0044438
hsa-miR-4763-3p,hsa_circ_0044448
hsa-miR-4763-3p,hsa_circ_0044451
hsa-miR-4763-3p,hsa_circ_0044453
hsa-miR-4763-3p,hsa_circ_0044456
hsa-miR-4763-3p,hsa_circ_0044467
hsa-miR-4763-3p,hsa_circ_0044469
hsa-miR-4763-3p,hsa_circ_0044481
hsa-miR-4763-3p,hsa_circ_0044483
hsa-miR-4763-3p,hsa_circ_0044489
hsa-miR-4763-3p,hsa_circ_0088156
hsa-miR-4775,hsa_circ_0073819
hsa-miR-4775,hsa_circ_0073820
hsa-miR-4775,hsa_circ_0073821
hsa-miR-4775,hsa_circ_0073822
hsa-miR-504-3p,hsa_circ_0049110
hsa-miR-504-3p,hsa_circ_0049113
hsa-miR-5189-5p,hsa_circ_0072824
hsa-miR-548ae-3p,hsa_circ_0078945
hsa-miR-548aj-3p,hsa_circ_0078945
hsa-miR-548aq-3p,hsa_circ_0078945
hsa-miR-5787,hsa_circ_0040884
hsa-miR-590-3p,hsa_circ_0043315
hsa-miR-593-3p,hsa_circ_0007600
hsa-miR-608,hsa_circ_0055207
hsa-miR-634,hsa_circ_0044509
hsa-miR-634,hsa_circ_0044510
hsa-miR-634,hsa_circ_0044517
hsa-miR-634,hsa_circ_0044518
hsa-miR-634,hsa_circ_0044520
hsa-miR-6511b-5p,hsa_circ_0070125
hsa-miR-661,hsa_circ_0016773
hsa-miR-661,hsa_circ_0033534
hsa-miR-665,hsa_circ_0078873
hsa-miR-665,hsa_circ_0081084
hsa-miR-665,hsa_circ_0081085
hsa-miR-665,hsa_circ_0081089
hsa-miR-665,hsa_circ_0081094
hsa-miR-665,hsa_circ_0081095
hsa-miR-6721-5p,hsa_circ_0037557
hsa-miR-6722-3p,hsa_circ_0062544
hsa-miR-6753-5p,hsa_circ_0057391
hsa-miR-6753-5p,hsa_circ_0057400
hsa-miR-6754-5p,hsa_circ_0037739
hsa-miR-6756-5p,hsa_circ_0046602
hsa-miR-6762-5p,hsa_circ_0044527
hsa-miR-6762-5p,hsa_circ_0044528
hsa-miR-6762-5p,hsa_circ_0044534
hsa-miR-6762-5p,hsa_circ_0044535
hsa-miR-6762-5p,hsa_circ_0081120
hsa-miR-6769b-5p,hsa_circ_0049104
hsa-miR-6785-5p,hsa_circ_0014736
hsa-miR-6825-5p,hsa_circ_0057955
hsa-miR-6829-5p,hsa_circ_0091866
hsa-miR-6829-5p,hsa_circ_0091867
hsa-miR-6829-5p,hsa_circ_0091870
hsa-miR-6829-5p,hsa_circ_0091893
hsa-miR-6845-5p,hsa_circ_0045627
hsa-miR-6868-3p,hsa_circ_0074312
hsa-miR-6875-3p,hsa_circ_0066962
hsa-miR-6875-3p,hsa_circ_0066963
hsa-miR-6881-3p,hsa_circ_0013872
hsa-miR-6887-5p,hsa_circ_0058199
hsa-miR-7156-3p,hsa_circ_0081517
hsa-miR-7160-3p,hsa_circ_0065404
hsa-miR-7160-3p,hsa_circ_0065408
hsa-miR-7160-3p,hsa_circ_0065411
hsa-miR-766-3p,hsa_circ_0029152
hsa-miR-766-3p,hsa_circ_0029153
hsa-miR-7847-3p,hsa_circ_0049111
hsa-miR-7847-3p,hsa_circ_0049115
hsa-miR-7847-3p,hsa_circ_0049116
hsa-miR-7847-3p,hsa_circ_0049120
hsa-miR-7847-3p,hsa_circ_0049122
hsa-miR-939-3p,hsa_circ_0063778
hsa-miR-940,hsa_circ_0009400
hsa-miR-942-5p,hsa_circ_0083449
hsa-miR-9-5p,hsa_circ_0070370
hsa-miR-1248,hsa_circ_0089761
hsa-miR-1248,hsa_circ_0089763
hsa-miR-1249-5p,hsa_circ_0048743
hsa-miR-1273h-5p,hsa_circ_0008447
hsa-miR-143-5p,hsa_circ_0040543
hsa-miR-181d-5p,hsa_circ_0065022
hsa-miR-1827,hsa_circ_0028214
hsa-miR-1827,hsa_circ_0041143
hsa-miR-1827,hsa_circ_0065511
hsa-miR-1827,hsa_circ_0089191
hsa-miR-18a-3p,hsa_circ_0014209
hsa-miR-18a-3p,hsa_circ_0014210
hsa-miR-1909-3p,hsa_circ_0010664
hsa-miR-1909-3p,hsa_circ_0010691
hsa-miR-1909-3p,hsa_circ_0010744
hsa-miR-1909-3p,hsa_circ_0010745
hsa-miR-1909-3p,hsa_circ_0010750
hsa-miR-1909-3p,hsa_circ_0010753
hsa-miR-1909-3p,hsa_circ_0010755
hsa-miR-214-3p,hsa_circ_0081085
hsa-miR-214-3p,hsa_circ_0081095
hsa-miR-214-3p,hsa_circ_0081106
hsa-miR-214-3p,hsa_circ_0081107
hsa-miR-3135a,hsa_circ_0006293
hsa-miR-3148,hsa_circ_0007740
hsa-miR-3148,hsa_circ_0009085
hsa-miR-3158-3p,hsa_circ_0037596
hsa-miR-3620-5p,hsa_circ_0012068
hsa-miR-3620-5p,hsa_circ_0012079
hsa-miR-3620-5p,hsa_circ_0028231
hsa-miR-3665,hsa_circ_0049814
hsa-miR-455-3p,hsa_circ_0025471
hsa-miR-455-3p,hsa_circ_0025475
hsa-miR-455-3p,hsa_circ_0025482
hsa-miR-4640-5p,hsa_circ_0049171
hsa-miR-4651,hsa_circ_0031207
hsa-miR-4659a-3p,hsa_circ_0080479
hsa-miR-4659a-3p,hsa_circ_0080487
hsa-miR-4659a-3p,hsa_circ_0080490
hsa-miR-4659b-3p,hsa_circ_0045434
hsa-miR-4659b-3p,hsa_circ_0045435
hsa-miR-4659b-3p,hsa_circ_0045436
hsa-miR-4659b-3p,hsa_circ_0045437
hsa-miR-4659b-3p,hsa_circ_0045439
hsa-miR-4677-5p,hsa_circ_0015708
hsa-miR-4726-5p,hsa_circ_0089423
hsa-miR-4731-5p,hsa_circ_0026092
hsa-miR-4731-5p,hsa_circ_0026093
hsa-miR-4731-5p,hsa_circ_0026096
hsa-miR-4731-5p,hsa_circ_0026097
hsa-miR-4739,hsa_circ_0065481
hsa-miR-4751,hsa_circ_0089428
hsa-miR-4751,hsa_circ_0089429
hsa-miR-4751,hsa_circ_0089433
hsa-miR-4751,hsa_circ_0089440
hsa-miR-4751,hsa_circ_0089445
hsa-miR-4775,hsa_circ_0002171
hsa-miR-4775,hsa_circ_0007339
hsa-miR-4775,hsa_circ_0055126
hsa-miR-4778-3p,hsa_circ_0035681
hsa-miR-4778-3p,hsa_circ_0035682
hsa-miR-4778-3p,hsa_circ_0035683
hsa-miR-4778-3p,hsa_circ_0055985
hsa-miR-4778-3p,hsa_circ_0055990
hsa-miR-485-5p,hsa_circ_0005558
hsa-miR-485-5p,hsa_circ_0008067
hsa-miR-5001-3p,hsa_circ_0023414
hsa-miR-5189-5p,hsa_circ_0038126
hsa-miR-5189-5p,hsa_circ_0090561
hsa-miR-5196-5p,hsa_circ_0014736
hsa-miR-5698,hsa_circ_0026923
hsa-miR-5698,hsa_circ_0026924
hsa-miR-5698,hsa_circ_0026925
hsa-miR-5698,hsa_circ_0026926
hsa-miR-5698,hsa_circ_0026927
hsa-miR-5698,hsa_circ_0026928
hsa-miR-5698,hsa_circ_0026929
hsa-miR-5787,hsa_circ_0058374
hsa-miR-597-3p,hsa_circ_0032953
hsa-miR-6126,hsa_circ_0052245
hsa-miR-6134,hsa_circ_0014789
hsa-miR-6721-5p,hsa_circ_0063270
hsa-miR-6735-5p,hsa_circ_0022613
hsa-miR-6749-3p,hsa_circ_0014770
hsa-miR-6749-3p,hsa_circ_0014771
hsa-miR-6751-5p,hsa_circ_0034639
hsa-miR-6751-5p,hsa_circ_0034640
hsa-miR-6751-5p,hsa_circ_0034641
hsa-miR-6751-5p,hsa_circ_0034642
hsa-miR-6751-5p,hsa_circ_0044360
hsa-miR-6753-5p,hsa_circ_0044525
hsa-miR-6787-5p,hsa_circ_0082879
hsa-miR-6803-5p,hsa_circ_0005180
hsa-miR-6803-5p,hsa_circ_0017180
hsa-miR-6803-5p,hsa_circ_0017181
hsa-miR-6803-5p,hsa_circ_0017182
hsa-miR-6803-5p,hsa_circ_0017183
hsa-miR-6803-5p,hsa_circ_0017184
hsa-miR-6808-5p,hsa_circ_0080029
hsa-miR-6836-5p,hsa_circ_0044551
hsa-miR-6836-5p,hsa_circ_0044552
hsa-miR-6855-5p,hsa_circ_0060311
hsa-miR-6860,hsa_circ_0065063
hsa-miR-6860,hsa_circ_0065064
hsa-miR-6860,hsa_circ_0065065
hsa-miR-6886-3p,hsa_circ_0065403
hsa-miR-7111-5p,hsa_circ_0037571
hsa-miR-7111-5p,hsa_circ_0037573
hsa-miR-760,hsa_circ_0032295
hsa-miR-762,hsa_circ_0085833
hsa-miR-8082,hsa_circ_0039097
hsa-miR-8089,hsa_circ_0039097
hsa-miR-939-5p,hsa_circ_0010662
hsa-miR-939-5p,hsa_circ_0010663
hsa-miR-939-5p,hsa_circ_0010668
hsa-miR-939-5p,hsa_circ_0010669
hsa-miR-939-5p,hsa_circ_0010670
hsa-miR-939-5p,hsa_circ_0010671
hsa-miR-939-5p,hsa_circ_0010672
hsa-miR-939-5p,hsa_circ_0010683
hsa-miR-939-5p,hsa_circ_0010691
hsa-miR-1179,hsa_circ_0073778
hsa-miR-1184,hsa_circ_0016773
hsa-miR-1184,hsa_circ_0016775
hsa-miR-1184,hsa_circ_0016776
hsa-miR-1277-5p,hsa_circ_0003760
hsa-miR-181a-5p,hsa_circ_0053896
hsa-miR-181a-5p,hsa_circ_0053897
hsa-miR-181a-5p,hsa_circ_0053903
hsa-miR-181a-5p,hsa_circ_0053906
hsa-miR-1976,hsa_circ_0060074
hsa-miR-199b-5p,hsa_circ_0052290
hsa-miR-214-3p,hsa_circ_0081115
hsa-miR-214-3p,hsa_circ_0081123
hsa-miR-214-3p,hsa_circ_0081134
hsa-miR-23a-3p,hsa_circ_0051372
hsa-miR-29b-3p,hsa_circ_0044504
hsa-miR-29b-3p,hsa_circ_0044505
hsa-miR-29b-3p,hsa_circ_0044506
hsa-miR-29b-3p,hsa_circ_0044507
hsa-miR-29b-3p,hsa_circ_0044508
hsa-miR-29b-3p,hsa_circ_0044514
hsa-miR-29b-3p,hsa_circ_0044515
hsa-miR-29b-3p,hsa_circ_0044516
hsa-miR-30b-3p,hsa_circ_0020596
hsa-miR-30b-3p,hsa_circ_0066497
hsa-miR-3155a,hsa_circ_0082878
hsa-miR-3155a,hsa_circ_0082879
hsa-miR-3163,hsa_circ_0075156
hsa-miR-3184-5p,hsa_circ_0042061
hsa-miR-3187-5p,hsa_circ_0010655
hsa-miR-3187-5p,hsa_circ_0027147
hsa-miR-3192-5p,hsa_circ_0053011
hsa-miR-3619-5p,hsa_circ_0062334
hsa-miR-3619-5p,hsa_circ_0062335
hsa-miR-3619-5p,hsa_circ_0062339
hsa-miR-3664-5p,hsa_circ_0062544
hsa-miR-3677-5p,hsa_circ_0010583
hsa-miR-3677-5p,hsa_circ_0010606
hsa-miR-3677-5p,hsa_circ_0010607
hsa-miR-3677-5p,hsa_circ_0010647
hsa-miR-3677-5p,hsa_circ_0010648
hsa-miR-3916,hsa_circ_0007600
hsa-miR-3929,hsa_circ_0081378
hsa-miR-4505,hsa_circ_0051279
hsa-miR-4533,hsa_circ_0020208
hsa-miR-4640-5p,hsa_circ_0057424
hsa-miR-4640-5p,hsa_circ_0057425
hsa-miR-4656,hsa_circ_0056703
hsa-miR-4659b-3p,hsa_circ_0079934
hsa-miR-4677-5p,hsa_circ_0011801
hsa-miR-4677-5p,hsa_circ_0011806
hsa-miR-4685-5p,hsa_circ_0045952
hsa-miR-4691-5p,hsa_circ_0010573
hsa-miR-4691-5p,hsa_circ_0010581
hsa-miR-4691-5p,hsa_circ_0010600
hsa-miR-4691-5p,hsa_circ_0010601
hsa-miR-4691-5p,hsa_circ_0010644
hsa-miR-4691-5p,hsa_circ_0010645
hsa-miR-4691-5p,hsa_circ_0010646
hsa-miR-4691-5p,hsa_circ_0010647
hsa-miR-4691-5p,hsa_circ_0010648
hsa-miR-4691-5p,hsa_circ_0010654
hsa-miR-4691-5p,hsa_circ_0010657
hsa-miR-4691-5p,hsa_circ_0010658
hsa-miR-4695-5p,hsa_circ_0063516
hsa-miR-4722-5p,hsa_circ_0076448
hsa-miR-4739,hsa_circ_0065975
hsa-miR-4748,hsa_circ_0051055
hsa-miR-4763-3p,hsa_circ_0024957
hsa-miR-4763-3p,hsa_circ_0031107
hsa-miR-4776-5p,hsa_circ_0044509
hsa-miR-4776-5p,hsa_circ_0044510
hsa-miR-4776-5p,hsa_circ_0044511
hsa-miR-4776-5p,hsa_circ_0044512
hsa-miR-4776-5p,hsa_circ_0044517
hsa-miR-4776-5p,hsa_circ_0044518
hsa-miR-4776-5p,hsa_circ_0044519
hsa-miR-4778-3p,hsa_circ_0030474
hsa-miR-485-5p,hsa_circ_0006940
hsa-miR-486-3p,hsa_circ_0051315
hsa-miR-5001-5p,hsa_circ_0052203
hsa-miR-5001-5p,hsa_circ_0052204
hsa-miR-5001-5p,hsa_circ_0052205
hsa-miR-5001-5p,hsa_circ_0058202
hsa-miR-518e-5p,hsa_circ_0037564
hsa-miR-518e-5p,hsa_circ_0037565
hsa-miR-518e-5p,hsa_circ_0037568
hsa-miR-518e-5p,hsa_circ_0037570
hsa-miR-518e-5p,hsa_circ_0037571
hsa-miR-518e-5p,hsa_circ_0037573
hsa-miR-518e-5p,hsa_circ_0037574
hsa-miR-5193,hsa_circ_0072883
hsa-miR-5193,hsa_circ_0072884
hsa-miR-5193,hsa_circ_0072886
hsa-miR-5193,hsa_circ_0072887
hsa-miR-5193,hsa_circ_0072888
hsa-miR-5193,hsa_circ_0072890
hsa-miR-5193,hsa_circ_0072891
hsa-miR-5193,hsa_circ_0072892
hsa-miR-5193,hsa_circ_0072894
hsa-miR-5193,hsa_circ_0072895
hsa-miR-5193,hsa_circ_0072896
hsa-miR-5193,hsa_circ_0072897
hsa-miR-519a-5p,hsa_circ_0037564
hsa-miR-519a-5p,hsa_circ_0037565
hsa-miR-519a-5p,hsa_circ_0037568
hsa-miR-519a-5p,hsa_circ_0037570
hsa-miR-519a-5p,hsa_circ_0037571
hsa-miR-519a-5p,hsa_circ_0037573
hsa-miR-519a-5p,hsa_circ_0037574
hsa-miR-519b-5p,hsa_circ_0037564
hsa-miR-519b-5p,hsa_circ_0037565
hsa-miR-519b-5p,hsa_circ_0037568
hsa-miR-519b-5p,hsa_circ_0037570
hsa-miR-519b-5p,hsa_circ_0037571
hsa-miR-519b-5p,hsa_circ_0037573
hsa-miR-519b-5p,hsa_circ_0037574
hsa-miR-519c-5p,hsa_circ_0037564
hsa-miR-519c-5p,hsa_circ_0037565
hsa-miR-519c-5p,hsa_circ_0037568
hsa-miR-519c-5p,hsa_circ_0037570
hsa-miR-519c-5p,hsa_circ_0037571
hsa-miR-519c-5p,hsa_circ_0037573
hsa-miR-519c-5p,hsa_circ_0037574
hsa-miR-522-5p,hsa_circ_0037564
hsa-miR-522-5p,hsa_circ_0037565
hsa-miR-522-5p,hsa_circ_0037568
hsa-miR-522-5p,hsa_circ_0037570
hsa-miR-522-5p,hsa_circ_0037571
hsa-miR-522-5p,hsa_circ_0037573
hsa-miR-522-5p,hsa_circ_0037574
hsa-miR-523-5p,hsa_circ_0037564
hsa-miR-523-5p,hsa_circ_0037565
hsa-miR-523-5p,hsa_circ_0037568
hsa-miR-523-5p,hsa_circ_0037570
hsa-miR-523-5p,hsa_circ_0037571
hsa-miR-523-5p,hsa_circ_0037573
hsa-miR-523-5p,hsa_circ_0037574
hsa-miR-548aa,hsa_circ_0073231
hsa-miR-548aa,hsa_circ_0073232
hsa-miR-548t-3p,hsa_circ_0073231
hsa-miR-548t-3p,hsa_circ_0073232
hsa-miR-6085,hsa_circ_0082191
hsa-miR-6085,hsa_circ_0082202
hsa-miR-6085,hsa_circ_0082203
hsa-miR-6085,hsa_circ_0082208
hsa-miR-608,hsa_circ_0027247
hsa-miR-608,hsa_circ_0050087
hsa-miR-615-5p,hsa_circ_0044516
hsa-miR-615-5p,hsa_circ_0044521
hsa-miR-660-3p,hsa_circ_0085899
hsa-miR-660-3p,hsa_circ_0085900
hsa-miR-661,hsa_circ_0010703
hsa-miR-6734-3p,hsa_circ_0052258
hsa-miR-6753-5p,hsa_circ_0057378
hsa-miR-6756-5p,hsa_circ_0046339
hsa-miR-6762-5p,hsa_circ_0039106
hsa-miR-6764-5p,hsa_circ_0026092
hsa-miR-6764-5p,hsa_circ_0026093
hsa-miR-6764-5p,hsa_circ_0026096
hsa-miR-6764-5p,hsa_circ_0026097
hsa-miR-6769a-5p,hsa_circ_0049104
hsa-miR-6772-5p,hsa_circ_0049104
hsa-miR-6772-5p,hsa_circ_0049108
hsa-miR-6775-3p,hsa_circ_0065407
hsa-miR-6775-3p,hsa_circ_0065408
hsa-miR-6781-3p,hsa_circ_0024407
hsa-miR-6781-3p,hsa_circ_0024409
hsa-miR-6781-3p,hsa_circ_0024410
hsa-miR-6781-3p,hsa_circ_0024411
hsa-miR-6781-3p,hsa_circ_0024412
hsa-miR-6781-3p,hsa_circ_0024413
hsa-miR-6781-3p,hsa_circ_0024414
hsa-miR-6791-5p,hsa_circ_0065399
hsa-miR-6809-3p,hsa_circ_0032084
hsa-miR-6830-3p,hsa_circ_0034998
hsa-miR-6838-5p,hsa_circ_0063995
hsa-miR-6838-5p,hsa_circ_0063999
hsa-miR-6840-3p,hsa_circ_0049105
hsa-miR-6848-5p,hsa_circ_0049812
hsa-miR-6848-5p,hsa_circ_0049813
hsa-miR-6848-5p,hsa_circ_0049814
hsa-miR-6848-5p,hsa_circ_0049815
hsa-miR-6858-5p,hsa_circ_0009372
hsa-miR-6867-3p,hsa_circ_0034998
hsa-miR-6868-3p,hsa_circ_0049115
hsa-miR-6868-3p,hsa_circ_0049116
hsa-miR-6868-3p,hsa_circ_0049120
hsa-miR-6876-5p,hsa_circ_0089512
hsa-miR-6879-5p,hsa_circ_0012042
hsa-miR-6879-5p,hsa_circ_0012044
hsa-miR-6879-5p,hsa_circ_0012046
hsa-miR-6879-5p,hsa_circ_0035116
hsa-miR-6893-3p,hsa_circ_0076835
hsa-miR-6893-5p,hsa_circ_0008352
hsa-miR-6893-5p,hsa_circ_0048844
hsa-miR-7110-5p,hsa_circ_0051922
hsa-miR-7112-5p,hsa_circ_0042840
hsa-miR-762,hsa_circ_0035119
hsa-miR-762,hsa_circ_0051648
hsa-miR-762,hsa_circ_0051649
hsa-miR-7847-3p,hsa_circ_0040425
hsa-miR-8081,hsa_circ_0034156
hsa-miR-1207-5p,hsa_circ_0089548
hsa-miR-139-3p,hsa_circ_0002172
hsa-miR-139-3p,hsa_circ_0089776
hsa-miR-15b-3p,hsa_circ_0005554
hsa-miR-181a-5p,hsa_circ_0052098
hsa-miR-181a-5p,hsa_circ_0052100
hsa-miR-1909-3p,hsa_circ_0009400
hsa-miR-1909-3p,hsa_circ_0010541
hsa-miR-1909-3p,hsa_circ_0010542
hsa-miR-1909-3p,hsa_circ_0062410
hsa-miR-20b-3p,hsa_circ_0000246
hsa-miR-2861,hsa_circ_0009561
hsa-miR-2861,hsa_circ_0009562
hsa-miR-2861,hsa_circ_0009563
hsa-miR-2861,hsa_circ_0051279
hsa-miR-2861,hsa_circ_0051285
hsa-miR-29b-3p,hsa_circ_0081142
hsa-miR-29b-3p,hsa_circ_0081143
hsa-miR-29b-3p,hsa_circ_0081146
hsa-miR-30b-3p,hsa_circ_0092331
hsa-miR-3121-3p,hsa_circ_0005554
hsa-miR-3135b,hsa_circ_0076491
hsa-miR-329-5p,hsa_circ_0020490
hsa-miR-3613-3p,hsa_circ_0055935
hsa-miR-3613-3p,hsa_circ_0055941
hsa-miR-3652,hsa_circ_0052245
hsa-miR-3692-3p,hsa_circ_0034207
hsa-miR-3692-3p,hsa_circ_0034213
hsa-miR-3692-3p,hsa_circ_0034215
hsa-miR-3916,hsa_circ_0020208
hsa-miR-3916,hsa_circ_0020212
hsa-miR-3972,hsa_circ_0091853
hsa-miR-3972,hsa_circ_0091854
hsa-miR-3972,hsa_circ_0091893
hsa-miR-3972,hsa_circ_0091907
hsa-miR-3972,hsa_circ_0091913
hsa-miR-3972,hsa_circ_0091927
hsa-miR-4254,hsa_circ_0091307
hsa-miR-4492,hsa_circ_0051922
hsa-miR-4656,hsa_circ_0080692
hsa-miR-4673,hsa_circ_0033278
hsa-miR-4673,hsa_circ_0033289
hsa-miR-4673,hsa_circ_0033311
hsa-miR-4691-3p,hsa_circ_0051048
hsa-miR-4691-5p,hsa_circ_0038736
hsa-miR-4733-3p,hsa_circ_0037432
hsa-miR-4739,hsa_circ_0020208
hsa-miR-4739,hsa_circ_0020212
hsa-miR-4742-5p,hsa_circ_0074307
hsa-miR-4742-5p,hsa_circ_0074308
hsa-miR-4742-5p,hsa_circ_0074309
hsa-miR-4742-5p,hsa_circ_0074310
hsa-miR-4742-5p,hsa_circ_0074311
hsa-miR-4742-5p,hsa_circ_0074312
hsa-miR-4742-5p,hsa_circ_0074314
hsa-miR-4742-5p,hsa_circ_0074315
hsa-miR-4742-5p,hsa_circ_0074316
hsa-miR-4742-5p,hsa_circ_0074317
hsa-miR-4742-5p,hsa_circ_0074318
hsa-miR-4742-5p,hsa_circ_0074319
hsa-miR-4742-5p,hsa_circ_0074320
hsa-miR-4763-3p,hsa_circ_0065592
hsa-miR-4763-3p,hsa_circ_0082916
hsa-miR-4778-3p,hsa_circ_0035698
hsa-miR-4778-3p,hsa_circ_0035708
hsa-miR-4778-3p,hsa_circ_0035727
hsa-miR-4778-3p,hsa_circ_0035728
hsa-miR-485-5p,hsa_circ_0038032
hsa-miR-485-5p,hsa_circ_0072808
hsa-miR-485-5p,hsa_circ_0072809
hsa-miR-485-5p,hsa_circ_0072850
hsa-miR-485-5p,hsa_circ_0072851
hsa-miR-5696,hsa_circ_0067105
hsa-miR-5696,hsa_circ_0067106
hsa-miR-597-5p,hsa_circ_0071662
hsa-miR-660-3p,hsa_circ_0078934
hsa-miR-6727-5p,hsa_circ_0051116
hsa-miR-6749-5p,hsa_circ_0046335
hsa-miR-6749-5p,hsa_circ_0046336
hsa-miR-6749-5p,hsa_circ_0046337
hsa-miR-6749-5p,hsa_circ_0046338
hsa-miR-6760-5p,hsa_circ_0078794
hsa-miR-6760-5p,hsa_circ_0078812
hsa-miR-6760-5p,hsa_circ_0078968
hsa-miR-6762-3p,hsa_circ_0023414
hsa-miR-6779-5p,hsa_circ_0038898
hsa-miR-6799-3p,hsa_circ_0046240
hsa-miR-6829-5p,hsa_circ_0091845
hsa-miR-6840-3p,hsa_circ_0049115
hsa-miR-6840-3p,hsa_circ_0049116
hsa-miR-6840-3p,hsa_circ_0049120
hsa-miR-6840-3p,hsa_circ_0049122
hsa-miR-6849-3p,hsa_circ_0087424
hsa-miR-6849-3p,hsa_circ_0087425
hsa-miR-6852-5p,hsa_circ_0049171
hsa-miR-6882-3p,hsa_circ_0062093
hsa-miR-7111-5p,hsa_circ_0011687
hsa-miR-7111-5p,hsa_circ_0038898
hsa-miR-761,hsa_circ_0081091
hsa-miR-761,hsa_circ_0081111
hsa-miR-761,hsa_circ_0081116
hsa-miR-762,hsa_circ_0012069
hsa-miR-762,hsa_circ_0012071
hsa-miR-762,hsa_circ_0012076
hsa-miR-8073,hsa_circ_0010574
hsa-miR-8073,hsa_circ_0010583
hsa-miR-8073,hsa_circ_0010605
hsa-miR-8073,hsa_circ_0010606
hsa-miR-8073,hsa_circ_0010607
hsa-miR-8073,hsa_circ_0010608
hsa-miR-8073,hsa_circ_0010609
hsa-miR-8073,hsa_circ_0010610
hsa-miR-8073,hsa_circ_0010624
hsa-miR-8073,hsa_circ_0010625
hsa-miR-8073,hsa_circ_0010626
hsa-miR-8073,hsa_circ_0010646
hsa-miR-8073,hsa_circ_0010647
hsa-miR-8073,hsa_circ_0010648
hsa-miR-8073,hsa_circ_0010649
hsa-miR-8073,hsa_circ_0010650
hsa-miR-8073,hsa_circ_0061080
hsa-miR-873-5p,hsa_circ_0055230
hsa-miR-873-5p,hsa_circ_0055233
hsa-miR-873-5p,hsa_circ_0055235
hsa-miR-873-5p,hsa_circ_0055236
hsa-miR-873-5p,hsa_circ_0055237
hsa-miR-873-5p,hsa_circ_0055239
hsa-miR-1184,hsa_circ_0034769
hsa-miR-1205,hsa_circ_0062093
hsa-miR-1205,hsa_circ_0062099
hsa-miR-1207-5p,hsa_circ_0039128
hsa-miR-1301-3p,hsa_circ_0065130
hsa-miR-1343-3p,hsa_circ_0030854
hsa-miR-1343-3p,hsa_circ_0030860
hsa-miR-1343-3p,hsa_circ_0030862
hsa-miR-1343-3p,hsa_circ_0030867
hsa-miR-1343-3p,hsa_circ_0030868
hsa-miR-1343-3p,hsa_circ_0030870
hsa-miR-149-3p,hsa_circ_0049106
hsa-miR-149-3p,hsa_circ_0049109
hsa-miR-149-3p,hsa_circ_0049110
hsa-miR-149-3p,hsa_circ_0049111
hsa-miR-149-3p,hsa_circ_0049112
hsa-miR-149-3p,hsa_circ_0049113
hsa-miR-149-3p,hsa_circ_0049115
hsa-miR-149-3p,hsa_circ_0049116
hsa-miR-149-3p,hsa_circ_0049120
hsa-miR-149-3p,hsa_circ_0049122
hsa-miR-150-3p,hsa_circ_0091772
hsa-miR-153-5p,hsa_circ_0018435
hsa-miR-1538,hsa_circ_0065404
hsa-miR-1915-3p,hsa_circ_0062057
hsa-miR-1915-3p,hsa_circ_0062058
hsa-miR-1915-3p,hsa_circ_0062059
hsa-miR-23b-3p,hsa_circ_0039183
hsa-miR-23b-3p,hsa_circ_0039184
hsa-miR-23b-3p,hsa_circ_0039185
hsa-miR-30b-3p,hsa_circ_0007913
hsa-miR-30b-3p,hsa_circ_0052316
hsa-miR-3142,hsa_circ_0052293
hsa-miR-3192-5p,hsa_circ_0048940
hsa-miR-328-5p,hsa_circ_0044520
hsa-miR-328-5p,hsa_circ_0044536
hsa-miR-3619-5p,hsa_circ_0034773
hsa-miR-3662,hsa_circ_0005187
hsa-miR-3662,hsa_circ_0013344
hsa-miR-3662,hsa_circ_0055601
hsa-miR-3689b-3p,hsa_circ_0000912
hsa-miR-3689c,hsa_circ_0000912
hsa-miR-3939,hsa_circ_0089512
hsa-miR-3972,hsa_circ_0091945
hsa-miR-3972,hsa_circ_0091946
hsa-miR-3972,hsa_circ_0091947
hsa-miR-3972,hsa_circ_0091953
hsa-miR-3972,hsa_circ_0091961
hsa-miR-3972,hsa_circ_0091962
hsa-miR-3972,hsa_circ_0091973
hsa-miR-3972,hsa_circ_0091974
hsa-miR-3972,hsa_circ_0091975
hsa-miR-3972,hsa_circ_0091976
hsa-miR-4458,hsa_circ_0020316
hsa-miR-4640-5p,hsa_circ_0034711
hsa-miR-4640-5p,hsa_circ_0034715
hsa-miR-4640-5p,hsa_circ_0034716
hsa-miR-4640-5p,hsa_circ_0034717
hsa-miR-4651,hsa_circ_0005620
hsa-miR-4651,hsa_circ_0019874
hsa-miR-4651,hsa_circ_0019875
hsa-miR-4656,hsa_circ_0048843
hsa-miR-4659a-3p,hsa_circ_0066962
hsa-miR-4659a-3p,hsa_circ_0066963
hsa-miR-4659a-3p,hsa_circ_0075505
hsa-miR-4659a-3p,hsa_circ_0075506
hsa-miR-4659a-3p,hsa_circ_0075507
hsa-miR-4659b-3p,hsa_circ_0075505
hsa-miR-4659b-3p,hsa_circ_0075506
hsa-miR-4659b-3p,hsa_circ_0075507
hsa-miR-4660,hsa_circ_0062093
hsa-miR-4660,hsa_circ_0062099
hsa-miR-4688,hsa_circ_0007680
hsa-miR-4688,hsa_circ_0025801
hsa-miR-4688,hsa_circ_0025819
hsa-miR-4688,hsa_circ_0025820
hsa-miR-4688,hsa_circ_0025827
hsa-miR-4688,hsa_circ_0025831
hsa-miR-4695-5p,hsa_circ_0068783
hsa-miR-4722-5p,hsa_circ_0063516
hsa-miR-4722-5p,hsa_circ_0063533
hsa-miR-4733-3p,hsa_circ_0081110
hsa-miR-4733-3p,hsa_circ_0081111
hsa-miR-4733-3p,hsa_circ_0081116
hsa-miR-4733-3p,hsa_circ_0081120
hsa-miR-4733-3p,hsa_circ_0081122
hsa-miR-4733-3p,hsa_circ_0081123
hsa-miR-4733-3p,hsa_circ_0081125
hsa-miR-4733-3p,hsa_circ_0081129
hsa-miR-4733-3p,hsa_circ_0081130
hsa-miR-4733-3p,hsa_circ_0081131
hsa-miR-4733-3p,hsa_circ_0081133
hsa-miR-4733-3p,hsa_circ_0081134
hsa-miR-4733-3p,hsa_circ_0081135
hsa-miR-4733-3p,hsa_circ_0081136
hsa-miR-4733-3p,hsa_circ_0081137
hsa-miR-4733-3p,hsa_circ_0081138
hsa-miR-4733-3p,hsa_circ_0081142
hsa-miR-4733-3p,hsa_circ_0081143
hsa-miR-4733-3p,hsa_circ_0081146
hsa-miR-4763-3p,hsa_circ_0020318
hsa-miR-4786-3p,hsa_circ_0049818
hsa-miR-4786-3p,hsa_circ_0049820
hsa-miR-485-5p,hsa_circ_0081590
hsa-miR-485-5p,hsa_circ_0089785
hsa-miR-495-3p,hsa_circ_0076276
hsa-miR-5047,hsa_circ_0060071
hsa-miR-5047,hsa_circ_0085899
hsa-miR-5047,hsa_circ_0085900
hsa-miR-508-5p,hsa_circ_0044246
hsa-miR-5698,hsa_circ_0014863
hsa-miR-5787,hsa_circ_0026092
hsa-miR-5787,hsa_circ_0026093
hsa-miR-5787,hsa_circ_0026096
hsa-miR-5787,hsa_circ_0026097
hsa-miR-607,hsa_circ_0019286
hsa-miR-6085,hsa_circ_0091904
hsa-miR-6085,hsa_circ_0091905
hsa-miR-6085,hsa_circ_0091906
hsa-miR-6085,hsa_circ_0091913
hsa-miR-6085,hsa_circ_0091927
hsa-miR-6085,hsa_circ_0091930
hsa-miR-6085,hsa_circ_0091945
hsa-miR-6085,hsa_circ_0091946
hsa-miR-6085,hsa_circ_0091947
hsa-miR-6085,hsa_circ_0091953
hsa-miR-6132,hsa_circ_0026144
hsa-miR-6134,hsa_circ_0038898
hsa-miR-6165,hsa_circ_0040861
hsa-miR-6165,hsa_circ_0040867
hsa-miR-6515-5p,hsa_circ_0005180
hsa-miR-6515-5p,hsa_circ_0017180
hsa-miR-6515-5p,hsa_circ_0017181
hsa-miR-6515-5p,hsa_circ_0017182
hsa-miR-6515-5p,hsa_circ_0017183
hsa-miR-6515-5p,hsa_circ_0017184
hsa-miR-665,hsa_circ_0057385
hsa-miR-665,hsa_circ_0057390
hsa-miR-665,hsa_circ_0057396
hsa-miR-6736-3p,hsa_circ_0063074
hsa-miR-6736-3p,hsa_circ_0063075
hsa-miR-6751-5p,hsa_circ_0050802
hsa-miR-6752-5p,hsa_circ_0010089
hsa-miR-6752-5p,hsa_circ_0010090
hsa-miR-6761-5p,hsa_circ_0036129
hsa-miR-6764-5p,hsa_circ_0033532
hsa-miR-6764-5p,hsa_circ_0033533
hsa-miR-6764-5p,hsa_circ_0033534
hsa-miR-6779-5p,hsa_circ_0049439
hsa-miR-6789-5p,hsa_circ_0091846
hsa-miR-6789-5p,hsa_circ_0091847
hsa-miR-6789-5p,hsa_circ_0091848
hsa-miR-6789-5p,hsa_circ_0091849
hsa-miR-6789-5p,hsa_circ_0091850
hsa-miR-6789-5p,hsa_circ_0091851
hsa-miR-6789-5p,hsa_circ_0091852
hsa-miR-6789-5p,hsa_circ_0091853
hsa-miR-6789-5p,hsa_circ_0091854
hsa-miR-6789-5p,hsa_circ_0091855
hsa-miR-6789-5p,hsa_circ_0091856
hsa-miR-6789-5p,hsa_circ_0091857
hsa-miR-6789-5p,hsa_circ_0091858
hsa-miR-6792-3p,hsa_circ_0048412
hsa-miR-6792-3p,hsa_circ_0048413
hsa-miR-6792-3p,hsa_circ_0048414
hsa-miR-6792-3p,hsa_circ_0048415
hsa-miR-6797-5p,hsa_circ_0088724
hsa-miR-6799-3p,hsa_circ_0085812
hsa-miR-6804-3p,hsa_circ_0089191
hsa-miR-6808-5p,hsa_circ_0008352
hsa-miR-6817-3p,hsa_circ_0042205
hsa-miR-6828-3p,hsa_circ_0078314
hsa-miR-6829-3p,hsa_circ_0048685
hsa-miR-6829-3p,hsa_circ_0048692
hsa-miR-6851-5p,hsa_circ_0010664
hsa-miR-6851-5p,hsa_circ_0010691
hsa-miR-6852-5p,hsa_circ_0011303
hsa-miR-6852-5p,hsa_circ_0065407
hsa-miR-6852-5p,hsa_circ_0065408
hsa-miR-6852-5p,hsa_circ_0065411
hsa-miR-6859-5p,hsa_circ_0007600
hsa-miR-6862-5p,hsa_circ_0048499
hsa-miR-6868-3p,hsa_circ_0080701
hsa-miR-6883-5p,hsa_circ_0007680
hsa-miR-6883-5p,hsa_circ_0025801
hsa-miR-6883-5p,hsa_circ_0025819
hsa-miR-6883-5p,hsa_circ_0025820
hsa-miR-6883-5p,hsa_circ_0025827
hsa-miR-6883-5p,hsa_circ_0025831
hsa-miR-7111-5p,hsa_circ_0089081
hsa-miR-7112-5p,hsa_circ_0001731
hsa-miR-7112-5p,hsa_circ_0037448
hsa-miR-7112-5p,hsa_circ_0037451
hsa-miR-7160-3p,hsa_circ_0031403
hsa-miR-762,hsa_circ_0037199
hsa-miR-7843-5p,hsa_circ_0042204
hsa-miR-8073,hsa_circ_0030862
hsa-miR-8073,hsa_circ_0030863
hsa-miR-1184,hsa_circ_0009980
hsa-miR-1205,hsa_circ_0082878
hsa-miR-153-5p,hsa_circ_0072884
hsa-miR-1827,hsa_circ_0092179
hsa-miR-3157-5p,hsa_circ_0011836
hsa-miR-3157-5p,hsa_circ_0076811
hsa-miR-3157-5p,hsa_circ_0076816
hsa-miR-3157-5p,hsa_circ_0076820
hsa-miR-3173-5p,hsa_circ_0063079
hsa-miR-3173-5p,hsa_circ_0063080
hsa-miR-3173-5p,hsa_circ_0063081
hsa-miR-3173-5p,hsa_circ_0063082
hsa-miR-3173-5p,hsa_circ_0063083
hsa-miR-3173-5p,hsa_circ_0063084
hsa-miR-3173-5p,hsa_circ_0063085
hsa-miR-3200-3p,hsa_circ_0052110
hsa-miR-3202,hsa_circ_0039600
hsa-miR-3202,hsa_circ_0039603
hsa-miR-3202,hsa_circ_0039604
hsa-miR-3202,hsa_circ_0039605
hsa-miR-3202,hsa_circ_0039606
hsa-miR-328-5p,hsa_circ_0044514
hsa-miR-328-5p,hsa_circ_0044515
hsa-miR-328-5p,hsa_circ_0044516
hsa-miR-3613-3p,hsa_circ_0080692
hsa-miR-362-5p,hsa_circ_0037726
hsa-miR-362-5p,hsa_circ_0037727
hsa-miR-3926,hsa_circ_0020282
hsa-miR-3926,hsa_circ_0020283
hsa-miR-3977,hsa_circ_0092241
hsa-miR-4254,hsa_circ_0049105
hsa-miR-4448,hsa_circ_0060070
hsa-miR-4448,hsa_circ_0060071
hsa-miR-4448,hsa_circ_0060073
hsa-miR-4448,hsa_circ_0060075
hsa-miR-4498,hsa_circ_0048976
hsa-miR-4498,hsa_circ_0048977
hsa-miR-4685-5p,hsa_circ_0038126
hsa-miR-4726-5p,hsa_circ_0044563
hsa-miR-4728-5p,hsa_circ_0032354
hsa-miR-4728-5p,hsa_circ_0051389
hsa-miR-4739,hsa_circ_0063366
hsa-miR-4739,hsa_circ_0063367
hsa-miR-4739,hsa_circ_0063368
hsa-miR-4753-3p,hsa_circ_0027666
hsa-miR-4753-3p,hsa_circ_0090625
hsa-miR-4753-3p,hsa_circ_0090626
hsa-miR-4778-3p,hsa_circ_0091012
hsa-miR-5001-5p,hsa_circ_0082877
hsa-miR-548d-5p,hsa_circ_0000444
hsa-miR-548n,hsa_circ_0004561
hsa-miR-5787,hsa_circ_0036280
hsa-miR-608,hsa_circ_0020318
hsa-miR-615-5p,hsa_circ_0044526
hsa-miR-637,hsa_circ_0058374
hsa-miR-661,hsa_circ_0037914
hsa-miR-665,hsa_circ_0044520
hsa-miR-6721-5p,hsa_circ_0043339
hsa-miR-6721-5p,hsa_circ_0051550
hsa-miR-6722-3p,hsa_circ_0027147
hsa-miR-6722-3p,hsa_circ_0027170
hsa-miR-6722-3p,hsa_circ_0027174
hsa-miR-6722-3p,hsa_circ_0027175
hsa-miR-6722-3p,hsa_circ_0027179
hsa-miR-6722-3p,hsa_circ_0027180
hsa-miR-6736-5p,hsa_circ_0049103
hsa-miR-6736-5p,hsa_circ_0049108
hsa-miR-6736-5p,hsa_circ_0049128
hsa-miR-6736-5p,hsa_circ_0049129
hsa-miR-6743-5p,hsa_circ_0026092
hsa-miR-6754-5p,hsa_circ_0037914
hsa-miR-6780a-5p,hsa_circ_0038126
hsa-miR-6827-5p,hsa_circ_0051048
hsa-miR-6846-5p,hsa_circ_0051279
hsa-miR-6846-5p,hsa_circ_0051285
hsa-miR-6848-5p,hsa_circ_0021880
hsa-miR-6848-5p,hsa_circ_0021881
hsa-miR-6848-5p,hsa_circ_0021882
hsa-miR-6852-5p,hsa_circ_0089453
hsa-miR-6852-5p,hsa_circ_0089456
hsa-miR-6852-5p,hsa_circ_0089457
hsa-miR-6860,hsa_circ_0027022
hsa-miR-6868-3p,hsa_circ_0045756
hsa-miR-6868-3p,hsa_circ_0045757
hsa-miR-6882-3p,hsa_circ_0068893
hsa-miR-6884-5p,hsa_circ_0081590
hsa-miR-6893-5p,hsa_circ_0075041
hsa-miR-7111-5p,hsa_circ_0022944
hsa-miR-7111-5p,hsa_circ_0022949
hsa-miR-766-3p,hsa_circ_0023414
hsa-miR-766-3p,hsa_circ_0046246
hsa-miR-8073,hsa_circ_0030873
hsa-miR-8073,hsa_circ_0030874
hsa-miR-939-5p,hsa_circ_0009562
hsa-miR-939-5p,hsa_circ_0009563
hsa-miR-939-5p,hsa_circ_0009564
hsa-miR-939-5p,hsa_circ_0009565
hsa-miR-939-5p,hsa_circ_0009566
hsa-miR-1184,hsa_circ_0028355
hsa-miR-1205,hsa_circ_0045756
hsa-miR-1236-3p,hsa_circ_0020136
hsa-miR-1236-3p,hsa_circ_0042653
hsa-miR-153-5p,hsa_circ_0012532
hsa-miR-1972,hsa_circ_0065414
hsa-miR-214-3p,hsa_circ_0013662
hsa-miR-214-3p,hsa_circ_0081154
hsa-miR-2861,hsa_circ_0089453
hsa-miR-2861,hsa_circ_0089456
hsa-miR-2861,hsa_circ_0089457
hsa-miR-29a-3p,hsa_circ_0044533
hsa-miR-30a-3p,hsa_circ_0078315
hsa-miR-3187-5p,hsa_circ_0010685
hsa-miR-3198,hsa_circ_0049105
hsa-miR-3613-3p,hsa_circ_0021992
hsa-miR-3613-3p,hsa_circ_0021993
hsa-miR-3613-3p,hsa_circ_0021994
hsa-miR-3677-3p,hsa_circ_0091803
hsa-miR-3677-3p,hsa_circ_0091804
hsa-miR-3677-3p,hsa_circ_0091805
hsa-miR-3677-3p,hsa_circ_0091806
hsa-miR-3677-3p,hsa_circ_0091807
hsa-miR-3677-3p,hsa_circ_0091808
hsa-miR-3677-3p,hsa_circ_0091809
hsa-miR-3677-3p,hsa_circ_0091810
hsa-miR-3677-3p,hsa_circ_0091811
hsa-miR-3677-3p,hsa_circ_0091813
hsa-miR-3677-3p,hsa_circ_0091814
hsa-miR-3692-5p,hsa_circ_0029350
hsa-miR-378g,hsa_circ_0035116
hsa-miR-3960,hsa_circ_0024957
hsa-miR-4452,hsa_circ_0052108
hsa-miR-4469,hsa_circ_0042205
hsa-miR-4478,hsa_circ_0052094
hsa-miR-449a,hsa_circ_0064817
hsa-miR-449b-5p,hsa_circ_0064817
hsa-miR-4524a-3p,hsa_circ_0016162
hsa-miR-4524a-3p,hsa_circ_0016165
hsa-miR-4525,hsa_circ_0037995
hsa-miR-4530,hsa_circ_0044553
hsa-miR-4530,hsa_circ_0044555
hsa-miR-4530,hsa_circ_0044558
hsa-miR-4530,hsa_circ_0044559
hsa-miR-4530,hsa_circ_0044560
hsa-miR-4533,hsa_circ_0024264
hsa-miR-4533,hsa_circ_0024265
hsa-miR-4632-5p,hsa_circ_0051048
hsa-miR-4659a-3p,hsa_circ_0045434
hsa-miR-4659a-3p,hsa_circ_0045435
hsa-miR-4659a-3p,hsa_circ_0045436
hsa-miR-4659a-3p,hsa_circ_0045437
hsa-miR-4659a-3p,hsa_circ_0045439
hsa-miR-4685-5p,hsa_circ_0016716
hsa-miR-4690-3p,hsa_circ_0082879
hsa-miR-4691-5p,hsa_circ_0010559
hsa-miR-4691-5p,hsa_circ_0049599
hsa-miR-4763-3p,hsa_circ_0014323
hsa-miR-4763-3p,hsa_circ_0014324
hsa-miR-4775,hsa_circ_0002691
hsa-miR-4786-5p,hsa_circ_0081596
hsa-miR-485-5p,hsa_circ_0084515
hsa-miR-5001-5p,hsa_circ_0026092
hsa-miR-5001-5p,hsa_circ_0026093
hsa-miR-5001-5p,hsa_circ_0026096
hsa-miR-5001-5p,hsa_circ_0026097
hsa-miR-5047,hsa_circ_0034773
hsa-miR-505-5p,hsa_circ_0049105
hsa-miR-5189-5p,hsa_circ_0006940
hsa-miR-5692c,hsa_circ_0057112
hsa-miR-588,hsa_circ_0020283
hsa-miR-608,hsa_circ_0009561
hsa-miR-608,hsa_circ_0009562
hsa-miR-608,hsa_circ_0009563
hsa-miR-608,hsa_circ_0009564
hsa-miR-612,hsa_circ_0050102
hsa-miR-6133,hsa_circ_0026670
hsa-miR-6133,hsa_circ_0026671
hsa-miR-6133,hsa_circ_0026672
hsa-miR-615-5p,hsa_circ_0051297
hsa-miR-615-5p,hsa_circ_0051299
hsa-miR-6514-3p,hsa_circ_0043314
hsa-miR-6514-3p,hsa_circ_0044246
hsa-miR-6720-5p,hsa_circ_0017040
hsa-miR-6721-5p,hsa_circ_0027135
hsa-miR-6721-5p,hsa_circ_0027138
hsa-miR-6721-5p,hsa_circ_0027146
hsa-miR-6721-5p,hsa_circ_0027148
hsa-miR-6721-5p,hsa_circ_0027151
hsa-miR-6721-5p,hsa_circ_0027154
hsa-miR-6721-5p,hsa_circ_0027155
hsa-miR-6721-5p,hsa_circ_0027162
hsa-miR-6752-5p,hsa_circ_0041578
hsa-miR-6752-5p,hsa_circ_0078873
hsa-miR-6780b-5p,hsa_circ_0061088
hsa-miR-6808-5p,hsa_circ_0004333
hsa-miR-6825-5p,hsa_circ_0069071
hsa-miR-6829-3p,hsa_circ_0048991
hsa-miR-6836-5p,hsa_circ_0051279
hsa-miR-6836-5p,hsa_circ_0051281
hsa-miR-6836-5p,hsa_circ_0079115
hsa-miR-6836-5p,hsa_circ_0079117
hsa-miR-6844,hsa_circ_0016621
hsa-miR-6844,hsa_circ_0016622
hsa-miR-6844,hsa_circ_0016629
hsa-miR-6844,hsa_circ_0016630
hsa-miR-6844,hsa_circ_0016634
hsa-miR-6848-5p,hsa_circ_0029294
hsa-miR-6848-5p,hsa_circ_0029296
hsa-miR-6848-5p,hsa_circ_0029297
hsa-miR-6848-5p,hsa_circ_0029298
hsa-miR-6848-5p,hsa_circ_0039109
hsa-miR-6848-5p,hsa_circ_0051283
hsa-miR-6848-5p,hsa_circ_0089445
hsa-miR-6852-5p,hsa_circ_0055208
hsa-miR-6873-3p,hsa_circ_0034998
hsa-miR-6875-3p,hsa_circ_0024011
hsa-miR-6875-3p,hsa_circ_0024013
hsa-miR-6875-3p,hsa_circ_0072891
hsa-miR-761,hsa_circ_0044509
hsa-miR-761,hsa_circ_0044510
hsa-miR-761,hsa_circ_0044511
hsa-miR-761,hsa_circ_0044512
hsa-miR-761,hsa_circ_0044515
hsa-miR-761,hsa_circ_0044516
hsa-miR-761,hsa_circ_0044517
hsa-miR-761,hsa_circ_0044518
hsa-miR-761,hsa_circ_0044519
hsa-miR-761,hsa_circ_0044520
hsa-miR-761,hsa_circ_0044521
hsa-miR-761,hsa_circ_0044522
hsa-miR-761,hsa_circ_0044523
hsa-miR-761,hsa_circ_0044524
hsa-miR-7974,hsa_circ_0086857
hsa-miR-7974,hsa_circ_0086858
hsa-miR-7974,hsa_circ_0086859
hsa-miR-7974,hsa_circ_0086860
hsa-miR-8075,hsa_circ_0062693
hsa-miR-92a-2-5p,hsa_circ_0026102
hsa-miR-92a-2-5p,hsa_circ_0026103
hsa-miR-1184,hsa_circ_0029560
hsa-miR-1229-3p,hsa_circ_0044510
hsa-miR-1229-3p,hsa_circ_0044511
hsa-miR-1229-3p,hsa_circ_0044512
hsa-miR-1229-3p,hsa_circ_0044519
hsa-miR-1915-5p,hsa_circ_0007274
hsa-miR-29a-3p,hsa_circ_0057345
hsa-miR-29b-3p,hsa_circ_0081106
hsa-miR-29b-3p,hsa_circ_0081119
hsa-miR-29b-3p,hsa_circ_0081121
hsa-miR-29b-3p,hsa_circ_0081132
hsa-miR-3064-3p,hsa_circ_0050314
hsa-miR-30b-3p,hsa_circ_0001978
hsa-miR-30b-3p,hsa_circ_0080029
hsa-miR-30c-2-3p,hsa_circ_0041876
hsa-miR-30c-2-3p,hsa_circ_0041881
hsa-miR-30c-2-3p,hsa_circ_0041887
hsa-miR-30c-2-3p,hsa_circ_0041888
hsa-miR-30c-2-3p,hsa_circ_0041890
hsa-miR-3145-3p,hsa_circ_0004419
hsa-miR-3159,hsa_circ_0075924
hsa-miR-3194-3p,hsa_circ_0085899
hsa-miR-3194-3p,hsa_circ_0085900
hsa-miR-335-3p,hsa_circ_0077266
hsa-miR-3929,hsa_circ_0088567
hsa-miR-4498,hsa_circ_0045804
hsa-miR-4498,hsa_circ_0045808
hsa-miR-4640-5p,hsa_circ_0026579
hsa-miR-4640-5p,hsa_circ_0026582
hsa-miR-4640-5p,hsa_circ_0026583
hsa-miR-4640-5p,hsa_circ_0026585
hsa-miR-4640-5p,hsa_circ_0026586
hsa-miR-4659b-3p,hsa_circ_0019222
hsa-miR-4716-3p,hsa_circ_0026923
hsa-miR-4716-3p,hsa_circ_0026924
hsa-miR-4716-3p,hsa_circ_0026925
hsa-miR-4716-3p,hsa_circ_0026926
hsa-miR-4722-5p,hsa_circ_0022825
hsa-miR-4722-5p,hsa_circ_0022827
hsa-miR-4722-5p,hsa_circ_0022829
hsa-miR-4722-5p,hsa_circ_0022830
hsa-miR-4728-5p,hsa_circ_0039109
hsa-miR-4728-5p,hsa_circ_0091806
hsa-miR-4728-5p,hsa_circ_0091807
hsa-miR-4728-5p,hsa_circ_0091808
hsa-miR-4755-3p,hsa_circ_0046335
hsa-miR-4755-3p,hsa_circ_0046336
hsa-miR-4755-3p,hsa_circ_0046337
hsa-miR-4755-3p,hsa_circ_0046338
hsa-miR-4755-3p,hsa_circ_0046339
hsa-miR-4778-3p,hsa_circ_0024407
hsa-miR-4778-3p,hsa_circ_0024409
hsa-miR-4778-3p,hsa_circ_0024410
hsa-miR-4778-3p,hsa_circ_0024411
hsa-miR-4778-3p,hsa_circ_0024412
hsa-miR-4778-3p,hsa_circ_0024413
hsa-miR-4778-3p,hsa_circ_0024414
hsa-miR-484,hsa_circ_0065407
hsa-miR-485-5p,hsa_circ_0038209
hsa-miR-497-3p,hsa_circ_0071543
hsa-miR-555,hsa_circ_0001668
hsa-miR-5685,hsa_circ_0051308
hsa-miR-5787,hsa_circ_0014736
hsa-miR-612,hsa_circ_0009640
hsa-miR-612,hsa_circ_0009641
hsa-miR-612,hsa_circ_0009642
hsa-miR-612,hsa_circ_0023418
hsa-miR-612,hsa_circ_0023419
hsa-miR-619-5p,hsa_circ_0078886
hsa-miR-619-5p,hsa_circ_0078946
hsa-miR-6756-5p,hsa_circ_0061080
hsa-miR-6762-5p,hsa_circ_0082817
hsa-miR-6764-5p,hsa_circ_0028998
hsa-miR-6764-5p,hsa_circ_0029003
hsa-miR-6764-5p,hsa_circ_0029011
hsa-miR-6764-5p,hsa_circ_0029013
hsa-miR-6764-5p,hsa_circ_0029014
hsa-miR-6766-5p,hsa_circ_0020761
hsa-miR-6766-5p,hsa_circ_0020762
hsa-miR-6783-3p,hsa_circ_0042203
hsa-miR-6787-3p,hsa_circ_0060079
hsa-miR-6787-5p,hsa_circ_0050817
hsa-miR-6787-5p,hsa_circ_0061080
hsa-miR-6787-5p,hsa_circ_0073943
hsa-miR-6792-3p,hsa_circ_0042029
hsa-miR-6792-3p,hsa_circ_0042030
hsa-miR-6842-5p,hsa_circ_0051922
hsa-miR-6843-3p,hsa_circ_0075924
hsa-miR-6867-3p,hsa_circ_0062028
hsa-miR-6867-3p,hsa_circ_0062031
hsa-miR-6867-3p,hsa_circ_0062032
hsa-miR-6867-3p,hsa_circ_0062033
hsa-miR-6869-3p,hsa_circ_0085899
hsa-miR-6869-3p,hsa_circ_0085900
hsa-miR-6875-3p,hsa_circ_0090662
hsa-miR-6875-3p,hsa_circ_0090678
hsa-miR-6875-3p,hsa_circ_0090679
hsa-miR-762,hsa_circ_0033532
hsa-miR-762,hsa_circ_0033533
hsa-miR-762,hsa_circ_0033534
hsa-miR-1184,hsa_circ_0085908
hsa-miR-1184,hsa_circ_0085912
hsa-miR-1184,hsa_circ_0085913
hsa-miR-1207-5p,hsa_circ_0015996
hsa-miR-1271-3p,hsa_circ_0060070
hsa-miR-1271-3p,hsa_circ_0060071
hsa-miR-1271-3p,hsa_circ_0060073
hsa-miR-1271-3p,hsa_circ_0060075
hsa-miR-1286,hsa_circ_0081132
hsa-miR-1286,hsa_circ_0081139
hsa-miR-1286,hsa_circ_0081140
hsa-miR-1286,hsa_circ_0081141
hsa-miR-1286,hsa_circ_0081144
hsa-miR-1286,hsa_circ_0081145
hsa-miR-1286,hsa_circ_0081148
hsa-miR-1286,hsa_circ_0081149
hsa-miR-1343-3p,hsa_circ_0089428
hsa-miR-1343-3p,hsa_circ_0089433
hsa-miR-153-5p,hsa_circ_0061680
hsa-miR-153-5p,hsa_circ_0071324
hsa-miR-1909-3p,hsa_circ_0009561
hsa-miR-1909-3p,hsa_circ_0009562
hsa-miR-1909-3p,hsa_circ_0009563
hsa-miR-1976,hsa_circ_0089771
hsa-miR-205-3p,hsa_circ_0078315
hsa-miR-30b-3p,hsa_circ_0040947
hsa-miR-3135b,hsa_circ_0033533
hsa-miR-3135b,hsa_circ_0033534
hsa-miR-3173-3p,hsa_circ_0006648
hsa-miR-328-5p,hsa_circ_0044504
hsa-miR-3613-3p,hsa_circ_0025374
hsa-miR-3620-5p,hsa_circ_0049837
hsa-miR-3620-5p,hsa_circ_0063726
hsa-miR-3692-5p,hsa_circ_0045754
hsa-miR-372-3p,hsa_circ_0027022
hsa-miR-3916,hsa_circ_0084515
hsa-miR-3929,hsa_circ_0063515
hsa-miR-4492,hsa_circ_0085885
hsa-miR-4527,hsa_circ_0083240
hsa-miR-4640-5p,hsa_circ_0089424
hsa-miR-4640-5p,hsa_circ_0089425
hsa-miR-4640-5p,hsa_circ_0089438
hsa-miR-4640-5p,hsa_circ_0089439
hsa-miR-4640-5p,hsa_circ_0089443
hsa-miR-4640-5p,hsa_circ_0089444
hsa-miR-4659a-3p,hsa_circ_0019222
hsa-miR-4659b-3p,hsa_circ_0084591
hsa-miR-4687-5p,hsa_circ_0051048
hsa-miR-4723-3p,hsa_circ_0070741
hsa-miR-4723-5p,hsa_circ_0037999
hsa-miR-4763-3p,hsa_circ_0051293
hsa-miR-4778-3p,hsa_circ_0066743
hsa-miR-483-3p,hsa_circ_0079155
hsa-miR-508-5p,hsa_circ_0014789
hsa-miR-511-3p,hsa_circ_0050307
hsa-miR-511-3p,hsa_circ_0050308
hsa-miR-5193,hsa_circ_0060075
hsa-miR-5572,hsa_circ_0049105
hsa-miR-5572,hsa_circ_0049106
hsa-miR-5684,hsa_circ_0089809
hsa-miR-6133,hsa_circ_0010420
hsa-miR-6134,hsa_circ_0005180
hsa-miR-6134,hsa_circ_0017180
hsa-miR-6134,hsa_circ_0017181
hsa-miR-6134,hsa_circ_0017182
hsa-miR-6134,hsa_circ_0017183
hsa-miR-6134,hsa_circ_0017184
hsa-miR-646,hsa_circ_0077593
hsa-miR-6510-5p,hsa_circ_0039097
hsa-miR-661,hsa_circ_0035610
hsa-miR-665,hsa_circ_0050991
hsa-miR-6722-3p,hsa_circ_0037995
hsa-miR-6722-3p,hsa_circ_0037996
hsa-miR-6724-5p,hsa_circ_0065404
hsa-miR-6734-3p,hsa_circ_0048473
hsa-miR-6736-3p,hsa_circ_0034771
hsa-miR-6754-3p,hsa_circ_0085899
hsa-miR-6756-5p,hsa_circ_0082208
hsa-miR-6772-3p,hsa_circ_0063082
hsa-miR-6772-3p,hsa_circ_0063083
hsa-miR-6772-3p,hsa_circ_0063084
hsa-miR-6772-3p,hsa_circ_0063085
hsa-miR-6791-5p,hsa_circ_0030871
hsa-miR-6791-5p,hsa_circ_0030873
hsa-miR-6798-5p,hsa_circ_0065402
hsa-miR-6808-5p,hsa_circ_0081596
hsa-miR-6825-5p,hsa_circ_0086636
hsa-miR-6829-5p,hsa_circ_0026096
hsa-miR-6836-5p,hsa_circ_0079109
hsa-miR-6836-5p,hsa_circ_0079111
hsa-miR-6837-3p,hsa_circ_0030465
hsa-miR-6858-3p,hsa_circ_0051048
hsa-miR-6881-3p,hsa_circ_0013875
hsa-miR-765,hsa_circ_0003960
hsa-miR-765,hsa_circ_0009085
hsa-miR-765,hsa_circ_0013827
hsa-miR-1204,hsa_circ_0063886
hsa-miR-1204,hsa_circ_0063889
hsa-miR-1236-3p,hsa_circ_0040923
hsa-miR-1303,hsa_circ_0049495
hsa-miR-149-5p,hsa_circ_0082192
hsa-miR-1827,hsa_circ_0087427
hsa-miR-1827,hsa_circ_0087428
hsa-miR-214-3p,hsa_circ_0081149
hsa-miR-2355-3p,hsa_circ_0040923
hsa-miR-2355-3p,hsa_circ_0040925
hsa-miR-30b-3p,hsa_circ_0038126
hsa-miR-3154,hsa_circ_0049026
hsa-miR-3194-3p,hsa_circ_0016773
hsa-miR-3194-3p,hsa_circ_0034773
hsa-miR-3194-3p,hsa_circ_0048185
hsa-miR-34a-5p,hsa_circ_0082878
hsa-miR-34a-5p,hsa_circ_0082879
hsa-miR-3689b-3p,hsa_circ_0009099
hsa-miR-3689c,hsa_circ_0009099
hsa-miR-3918,hsa_circ_0026092
hsa-miR-3918,hsa_circ_0026093
hsa-miR-3918,hsa_circ_0026096
hsa-miR-3918,hsa_circ_0026097
hsa-miR-3929,hsa_circ_0000939
hsa-miR-3934-5p,hsa_circ_0037148
hsa-miR-3934-5p,hsa_circ_0081678
hsa-miR-3937,hsa_circ_0049813
hsa-miR-3937,hsa_circ_0049819
hsa-miR-4478,hsa_circ_0048844
hsa-miR-4493,hsa_circ_0091666
hsa-miR-4518,hsa_circ_0020282
hsa-miR-4518,hsa_circ_0020283
hsa-miR-4640-5p,hsa_circ_0023019
hsa-miR-4640-5p,hsa_circ_0023020
hsa-miR-4640-5p,hsa_circ_0023022
hsa-miR-4640-5p,hsa_circ_0023023
hsa-miR-4640-5p,hsa_circ_0057363
hsa-miR-4659b-3p,hsa_circ_0032989
hsa-miR-4691-3p,hsa_circ_0058888
hsa-miR-4691-3p,hsa_circ_0058889
hsa-miR-4722-5p,hsa_circ_0092331
hsa-miR-4728-5p,hsa_circ_0005558
hsa-miR-4733-3p,hsa_circ_0044504
hsa-miR-4733-3p,hsa_circ_0044525
hsa-miR-4733-3p,hsa_circ_0044537
hsa-miR-4763-3p,hsa_circ_0009180
hsa-miR-4778-3p,hsa_circ_0021567
hsa-miR-4778-3p,hsa_circ_0035737
hsa-miR-4778-3p,hsa_circ_0035738
hsa-miR-4778-3p,hsa_circ_0035739
hsa-miR-4778-3p,hsa_circ_0035740
hsa-miR-4778-3p,hsa_circ_0035741
hsa-miR-4778-3p,hsa_circ_0035742
hsa-miR-4778-3p,hsa_circ_0035743
hsa-miR-4778-3p,hsa_circ_0035744
hsa-miR-4778-3p,hsa_circ_0035745
hsa-miR-4778-3p,hsa_circ_0035746
hsa-miR-4778-3p,hsa_circ_0035749
hsa-miR-5787,hsa_circ_0045627
hsa-miR-590-3p,hsa_circ_0009032
hsa-miR-608,hsa_circ_0039128
hsa-miR-6504-5p,hsa_circ_0021992
hsa-miR-6504-5p,hsa_circ_0021993
hsa-miR-6504-5p,hsa_circ_0021994
hsa-miR-6720-5p,hsa_circ_0085899
hsa-miR-6720-5p,hsa_circ_0085900
hsa-miR-6721-5p,hsa_circ_0039075
hsa-miR-6721-5p,hsa_circ_0039087
hsa-miR-6721-5p,hsa_circ_0039090
hsa-miR-6721-5p,hsa_circ_0039099
hsa-miR-6721-5p,hsa_circ_0039105
hsa-miR-6722-3p,hsa_circ_0039075
hsa-miR-6724-5p,hsa_circ_0081633
hsa-miR-6735-5p,hsa_circ_0061080
hsa-miR-6736-3p,hsa_circ_0042029
hsa-miR-6736-3p,hsa_circ_0042030
hsa-miR-6752-5p,hsa_circ_0051929
hsa-miR-6756-5p,hsa_circ_0050037
hsa-miR-6779-5p,hsa_circ_0021403
hsa-miR-6792-3p,hsa_circ_0060070
hsa-miR-6792-3p,hsa_circ_0060071
hsa-miR-6792-3p,hsa_circ_0060073
hsa-miR-6812-5p,hsa_circ_0036260
hsa-miR-6837-5p,hsa_circ_0022862
hsa-miR-6843-3p,hsa_circ_0082732
hsa-miR-6849-3p,hsa_circ_0059143
hsa-miR-6849-3p,hsa_circ_0078934
hsa-miR-6873-3p,hsa_circ_0065414
hsa-miR-6873-3p,hsa_circ_0065415
hsa-miR-6881-3p,hsa_circ_0051785
hsa-miR-8073,hsa_circ_0009400
hsa-miR-873-3p,hsa_circ_0049106
hsa-miR-873-3p,hsa_circ_0049115
hsa-miR-1229-5p,hsa_circ_0005180
hsa-miR-1229-5p,hsa_circ_0017180
hsa-miR-1229-5p,hsa_circ_0017181
hsa-miR-1229-5p,hsa_circ_0017182
hsa-miR-1229-5p,hsa_circ_0017183
hsa-miR-1229-5p,hsa_circ_0017184
hsa-miR-148b-5p,hsa_circ_0078675
hsa-miR-148b-5p,hsa_circ_0078677
hsa-miR-1827,hsa_circ_0014789
hsa-miR-195-5p,hsa_circ_0091350
hsa-miR-196a-3p,hsa_circ_0072808
hsa-miR-196a-3p,hsa_circ_0072809
hsa-miR-196a-3p,hsa_circ_0072817
hsa-miR-196a-3p,hsa_circ_0072819
hsa-miR-196a-3p,hsa_circ_0072821
hsa-miR-196a-3p,hsa_circ_0072850
hsa-miR-196a-3p,hsa_circ_0072851
hsa-miR-2861,hsa_circ_0010653
hsa-miR-3065-5p,hsa_circ_0091667
hsa-miR-328-5p,hsa_circ_0033532
hsa-miR-362-3p,hsa_circ_0048085
hsa-miR-362-3p,hsa_circ_0048086
hsa-miR-362-3p,hsa_circ_0048087
hsa-miR-362-3p,hsa_circ_0048088
hsa-miR-362-3p,hsa_circ_0048089
hsa-miR-3916,hsa_circ_0016308
hsa-miR-4640-5p,hsa_circ_0044398
hsa-miR-4644,hsa_circ_0037995
hsa-miR-4644,hsa_circ_0037996
hsa-miR-4644,hsa_circ_0037997
hsa-miR-4685-3p,hsa_circ_0065418
hsa-miR-4685-3p,hsa_circ_0065419
hsa-miR-4685-3p,hsa_circ_0065420
hsa-miR-4691-5p,hsa_circ_0073314
hsa-miR-4691-5p,hsa_circ_0073317
hsa-miR-4691-5p,hsa_circ_0073318
hsa-miR-4691-5p,hsa_circ_0073320
hsa-miR-4691-5p,hsa_circ_0073321
hsa-miR-4691-5p,hsa_circ_0073322
hsa-miR-4691-5p,hsa_circ_0073323
hsa-miR-4691-5p,hsa_circ_0073324
hsa-miR-4695-5p,hsa_circ_0048698
hsa-miR-4695-5p,hsa_circ_0048709
hsa-miR-4698,hsa_circ_0056504
hsa-miR-4731-5p,hsa_circ_0058199
hsa-miR-4755-3p,hsa_circ_0089427
hsa-miR-4755-3p,hsa_circ_0089428
hsa-miR-4755-3p,hsa_circ_0089433
hsa-miR-4755-3p,hsa_circ_0089440
hsa-miR-4778-3p,hsa_circ_0055599
hsa-miR-484,hsa_circ_0065408
hsa-miR-484,hsa_circ_0065411
hsa-miR-484,hsa_circ_0065414
hsa-miR-505-5p,hsa_circ_0049115
hsa-miR-505-5p,hsa_circ_0049116
hsa-miR-505-5p,hsa_circ_0049125
hsa-miR-508-5p,hsa_circ_0004192
hsa-miR-548e-5p,hsa_circ_0000444
hsa-miR-5572,hsa_circ_0049111
hsa-miR-5572,hsa_circ_0049112
hsa-miR-5572,hsa_circ_0049113
hsa-miR-5572,hsa_circ_0049116
hsa-miR-5572,hsa_circ_0049120
hsa-miR-5584-5p,hsa_circ_0087132
hsa-miR-6081,hsa_circ_0065481
hsa-miR-619-5p,hsa_circ_0027540
hsa-miR-627-3p,hsa_circ_0024993
hsa-miR-6506-5p,hsa_circ_0064350
hsa-miR-661,hsa_circ_0045757
hsa-miR-665,hsa_circ_0081131
hsa-miR-665,hsa_circ_0081136
hsa-miR-6736-3p,hsa_circ_0063099
hsa-miR-6736-3p,hsa_circ_0063100
hsa-miR-6736-3p,hsa_circ_0063101
hsa-miR-6736-3p,hsa_circ_0063102
hsa-miR-6736-3p,hsa_circ_0063103
hsa-miR-6736-3p,hsa_circ_0063105
hsa-miR-6736-3p,hsa_circ_0063106
hsa-miR-6736-3p,hsa_circ_0063107
hsa-miR-6762-3p,hsa_circ_0060070
hsa-miR-6762-3p,hsa_circ_0060071
hsa-miR-6762-3p,hsa_circ_0060073
hsa-miR-6762-3p,hsa_circ_0060075
hsa-miR-6764-5p,hsa_circ_0065414
hsa-miR-6809-3p,hsa_circ_0072887
hsa-miR-6809-3p,hsa_circ_0072888
hsa-miR-6809-3p,hsa_circ_0075921
hsa-miR-6809-3p,hsa_circ_0078806
hsa-miR-6809-3p,hsa_circ_0078807
hsa-miR-6849-3p,hsa_circ_0081378
hsa-miR-6860,hsa_circ_0072817
hsa-miR-6860,hsa_circ_0072819
hsa-miR-6860,hsa_circ_0072821
hsa-miR-6867-5p,hsa_circ_0029891
hsa-miR-762,hsa_circ_0080685
hsa-miR-762,hsa_circ_0080686
hsa-miR-873-3p,hsa_circ_0049122
hsa-miR-873-3p,hsa_circ_0049125
hsa-miR-873-3p,hsa_circ_0049129
hsa-miR-1245b-5p,hsa_circ_0051055
hsa-miR-1266-5p,hsa_circ_0020282
hsa-miR-1266-5p,hsa_circ_0020283
hsa-miR-1269a,hsa_circ_0078315
hsa-miR-1827,hsa_circ_0052094
hsa-miR-1915-3p,hsa_circ_0082878
hsa-miR-1915-3p,hsa_circ_0082879
hsa-miR-214-3p,hsa_circ_0044537
hsa-miR-2861,hsa_circ_0089428
hsa-miR-2861,hsa_circ_0089433
hsa-miR-3064-5p,hsa_circ_0016773
hsa-miR-30b-3p,hsa_circ_0063474
hsa-miR-335-3p,hsa_circ_0025968
hsa-miR-3662,hsa_circ_0068067
hsa-miR-3662,hsa_circ_0068068
hsa-miR-3692-5p,hsa_circ_0025394
hsa-miR-377-5p,hsa_circ_0000388
hsa-miR-4268,hsa_circ_0059128
hsa-miR-4512,hsa_circ_0065990
hsa-miR-4685-3p,hsa_circ_0079155
hsa-miR-4733-3p,hsa_circ_0044541
hsa-miR-4733-3p,hsa_circ_0044557
hsa-miR-4747-5p,hsa_circ_0032902
hsa-miR-4753-3p,hsa_circ_0015700
hsa-miR-4753-3p,hsa_circ_0015708
hsa-miR-4753-3p,hsa_circ_0015709
hsa-miR-4778-3p,hsa_circ_0072890
hsa-miR-4778-3p,hsa_circ_0072891
hsa-miR-4778-3p,hsa_circ_0072895
hsa-miR-4778-3p,hsa_circ_0072896
hsa-miR-4778-3p,hsa_circ_0083449
hsa-miR-485-5p,hsa_circ_0050085
hsa-miR-485-5p,hsa_circ_0050086
hsa-miR-5089-5p,hsa_circ_0008352
hsa-miR-5090,hsa_circ_0082879
hsa-miR-5197-5p,hsa_circ_0087640
hsa-miR-5787,hsa_circ_0013419
hsa-miR-5787,hsa_circ_0052141
hsa-miR-590-3p,hsa_circ_0029649
hsa-miR-619-5p,hsa_circ_0043015
hsa-miR-619-5p,hsa_circ_0083350
hsa-miR-637,hsa_circ_0062445
hsa-miR-637,hsa_circ_0062446
hsa-miR-637,hsa_circ_0082878
hsa-miR-637,hsa_circ_0082879
hsa-miR-6720-5p,hsa_circ_0089191
hsa-miR-6722-3p,hsa_circ_0049826
hsa-miR-6722-3p,hsa_circ_0091803
hsa-miR-6722-3p,hsa_circ_0091804
hsa-miR-6754-5p,hsa_circ_0065399
hsa-miR-6754-5p,hsa_circ_0065400
hsa-miR-6754-5p,hsa_circ_0065401
hsa-miR-6754-5p,hsa_circ_0065402
hsa-miR-6754-5p,hsa_circ_0065403
hsa-miR-6754-5p,hsa_circ_0065404
hsa-miR-6754-5p,hsa_circ_0065407
hsa-miR-6754-5p,hsa_circ_0065408
hsa-miR-6756-5p,hsa_circ_0041571
hsa-miR-6756-5p,hsa_circ_0041572
hsa-miR-6756-5p,hsa_circ_0041573
hsa-miR-6756-5p,hsa_circ_0041574
hsa-miR-6756-5p,hsa_circ_0041575
hsa-miR-6756-5p,hsa_circ_0041576
hsa-miR-6756-5p,hsa_circ_0041577
hsa-miR-6756-5p,hsa_circ_0041578
hsa-miR-6779-5p,hsa_circ_0005266
hsa-miR-6779-5p,hsa_circ_0068940
hsa-miR-6787-5p,hsa_circ_0047890
hsa-miR-6856-5p,hsa_circ_0026672
hsa-miR-6865-5p,hsa_circ_0051279
hsa-miR-6865-5p,hsa_circ_0051281
hsa-miR-6865-5p,hsa_circ_0051285
hsa-miR-6883-5p,hsa_circ_0057955
hsa-miR-6886-3p,hsa_circ_0010542
hsa-miR-6886-3p,hsa_circ_0010549
hsa-miR-6886-3p,hsa_circ_0010553
hsa-miR-6886-3p,hsa_circ_0010559
hsa-miR-6886-3p,hsa_circ_0010560
hsa-miR-6886-3p,hsa_circ_0010573
hsa-miR-6886-3p,hsa_circ_0010574
hsa-miR-6886-3p,hsa_circ_0010581
hsa-miR-6886-3p,hsa_circ_0010582
hsa-miR-6886-3p,hsa_circ_0010583
hsa-miR-6886-3p,hsa_circ_0010599
hsa-miR-6886-3p,hsa_circ_0010600
hsa-miR-6886-3p,hsa_circ_0010601
hsa-miR-6886-3p,hsa_circ_0010602
hsa-miR-6886-3p,hsa_circ_0010603
hsa-miR-6886-3p,hsa_circ_0010604
hsa-miR-6886-3p,hsa_circ_0010605
hsa-miR-6886-3p,hsa_circ_0010606
hsa-miR-6886-3p,hsa_circ_0010607
hsa-miR-6886-3p,hsa_circ_0010608
hsa-miR-6886-3p,hsa_circ_0010609
hsa-miR-6886-3p,hsa_circ_0010610
hsa-miR-6886-3p,hsa_circ_0010623
hsa-miR-6886-3p,hsa_circ_0010624
hsa-miR-6886-3p,hsa_circ_0010625
hsa-miR-6886-3p,hsa_circ_0010626
hsa-miR-6886-3p,hsa_circ_0010633
hsa-miR-6886-3p,hsa_circ_0010641
hsa-miR-6886-3p,hsa_circ_0010642
hsa-miR-6886-3p,hsa_circ_0010643
hsa-miR-6886-3p,hsa_circ_0010644
hsa-miR-6886-3p,hsa_circ_0010645
hsa-miR-6886-3p,hsa_circ_0010646
hsa-miR-6886-3p,hsa_circ_0010647
hsa-miR-6886-3p,hsa_circ_0010648
hsa-miR-6886-3p,hsa_circ_0010649
hsa-miR-6886-3p,hsa_circ_0010650
hsa-miR-6886-3p,hsa_circ_0010654
hsa-miR-6886-3p,hsa_circ_0010657
hsa-miR-6886-3p,hsa_circ_0010658
hsa-miR-6886-3p,hsa_circ_0010662
hsa-miR-6886-3p,hsa_circ_0010663
hsa-miR-6886-3p,hsa_circ_0010664
hsa-miR-6886-3p,hsa_circ_0010668
hsa-miR-6886-3p,hsa_circ_0010669
hsa-miR-6886-3p,hsa_circ_0010670
hsa-miR-6886-3p,hsa_circ_0010671
hsa-miR-6886-3p,hsa_circ_0010672
hsa-miR-6886-3p,hsa_circ_0010677
hsa-miR-711,hsa_circ_0026092
hsa-miR-711,hsa_circ_0026093
hsa-miR-711,hsa_circ_0026096
hsa-miR-711,hsa_circ_0026097
hsa-miR-762,hsa_circ_0011484
hsa-miR-1200,hsa_circ_0020490
hsa-miR-1275,hsa_circ_0037995
hsa-miR-128-1-5p,hsa_circ_0051279
hsa-miR-153-5p,hsa_circ_0073610
hsa-miR-1827,hsa_circ_0052101
hsa-miR-1827,hsa_circ_0052103
hsa-miR-1827,hsa_circ_0071546
hsa-miR-1827,hsa_circ_0071547
hsa-miR-1909-3p,hsa_circ_0020555
hsa-miR-1976,hsa_circ_0016773
hsa-miR-1976,hsa_circ_0016775
hsa-miR-20b-3p,hsa_circ_0078998
hsa-miR-20b-3p,hsa_circ_0078999
hsa-miR-2114-3p,hsa_circ_0020282
hsa-miR-3074-5p,hsa_circ_0079394
hsa-miR-30b-3p,hsa_circ_0006983
hsa-miR-30b-3p,hsa_circ_0079399
hsa-miR-328-5p,hsa_circ_0051282
hsa-miR-328-5p,hsa_circ_0051284
hsa-miR-346,hsa_circ_0010542
hsa-miR-346,hsa_circ_0010549
hsa-miR-346,hsa_circ_0010553
hsa-miR-346,hsa_circ_0010559
hsa-miR-346,hsa_circ_0010560
hsa-miR-346,hsa_circ_0010572
hsa-miR-346,hsa_circ_0010573
hsa-miR-346,hsa_circ_0010574
hsa-miR-346,hsa_circ_0010581
hsa-miR-346,hsa_circ_0010582
hsa-miR-346,hsa_circ_0010583
hsa-miR-346,hsa_circ_0010599
hsa-miR-346,hsa_circ_0010600
hsa-miR-346,hsa_circ_0010601
hsa-miR-346,hsa_circ_0010602
hsa-miR-346,hsa_circ_0010603
hsa-miR-346,hsa_circ_0010604
hsa-miR-346,hsa_circ_0010605
hsa-miR-346,hsa_circ_0010606
hsa-miR-346,hsa_circ_0010607
hsa-miR-346,hsa_circ_0010608
hsa-miR-346,hsa_circ_0010609
hsa-miR-346,hsa_circ_0010610
hsa-miR-346,hsa_circ_0010622
hsa-miR-346,hsa_circ_0010623
hsa-miR-346,hsa_circ_0010624
hsa-miR-346,hsa_circ_0010625
hsa-miR-346,hsa_circ_0010626
hsa-miR-346,hsa_circ_0010633
hsa-miR-346,hsa_circ_0010640
hsa-miR-346,hsa_circ_0010641
hsa-miR-346,hsa_circ_0010642
hsa-miR-346,hsa_circ_0010643
hsa-miR-346,hsa_circ_0010644
hsa-miR-346,hsa_circ_0010645
hsa-miR-346,hsa_circ_0010646
hsa-miR-346,hsa_circ_0010647
hsa-miR-346,hsa_circ_0010648
hsa-miR-346,hsa_circ_0010649
hsa-miR-346,hsa_circ_0010650
hsa-miR-346,hsa_circ_0010653
hsa-miR-346,hsa_circ_0010654
hsa-miR-346,hsa_circ_0010657
hsa-miR-346,hsa_circ_0010658
hsa-miR-346,hsa_circ_0010662
hsa-miR-346,hsa_circ_0010663
hsa-miR-346,hsa_circ_0010664
hsa-miR-346,hsa_circ_0010668
hsa-miR-346,hsa_circ_0010669
hsa-miR-346,hsa_circ_0010670
hsa-miR-346,hsa_circ_0010671
hsa-miR-346,hsa_circ_0010672
hsa-miR-346,hsa_circ_0010676
hsa-miR-346,hsa_circ_0010677
hsa-miR-3665,hsa_circ_0049818
hsa-miR-3665,hsa_circ_0049820
hsa-miR-3692-3p,hsa_circ_0042202
hsa-miR-372-3p,hsa_circ_0064350
hsa-miR-4254,hsa_circ_0049125
hsa-miR-4284,hsa_circ_0000388
hsa-miR-4287,hsa_circ_0030855
hsa-miR-4287,hsa_circ_0030856
hsa-miR-4287,hsa_circ_0030857
hsa-miR-4287,hsa_circ_0030864
hsa-miR-4287,hsa_circ_0030869
hsa-miR-4478,hsa_circ_0050102
hsa-miR-4478,hsa_circ_0072817
hsa-miR-4478,hsa_circ_0072819
hsa-miR-4478,hsa_circ_0072821
hsa-miR-4505,hsa_circ_0089467
hsa-miR-4505,hsa_circ_0089468
hsa-miR-4656,hsa_circ_0038032
hsa-miR-4656,hsa_circ_0038209
hsa-miR-4659a-3p,hsa_circ_0069545
hsa-miR-4685-5p,hsa_circ_0065130
hsa-miR-4692,hsa_circ_0037451
hsa-miR-4753-3p,hsa_circ_0058592
hsa-miR-4753-3p,hsa_circ_0058594
hsa-miR-4753-3p,hsa_circ_0058595
hsa-miR-4753-3p,hsa_circ_0058596
hsa-miR-4775,hsa_circ_0068892
hsa-miR-4778-3p,hsa_circ_0042030
hsa-miR-5001-5p,hsa_circ_0008067
hsa-miR-500b-3p,hsa_circ_0006293
hsa-miR-508-5p,hsa_circ_0006648
hsa-miR-508-5p,hsa_circ_0063516
hsa-miR-508-5p,hsa_circ_0063533
hsa-miR-520g-3p,hsa_circ_0011819
hsa-miR-5787,hsa_circ_0085885
hsa-miR-587,hsa_circ_0009180
hsa-miR-6086,hsa_circ_0019519
hsa-miR-660-3p,hsa_circ_0060070
hsa-miR-660-3p,hsa_circ_0060071
hsa-miR-660-3p,hsa_circ_0060073
hsa-miR-660-3p,hsa_circ_0060075
hsa-miR-6722-3p,hsa_circ_0049825
hsa-miR-6762-3p,hsa_circ_0062093
hsa-miR-6772-5p,hsa_circ_0049129
hsa-miR-6781-5p,hsa_circ_0009372
hsa-miR-6825-5p,hsa_circ_0041578
hsa-miR-6833-3p,hsa_circ_0043961
hsa-miR-6848-5p,hsa_circ_0063518
hsa-miR-6849-3p,hsa_circ_0018825
hsa-miR-6849-3p,hsa_circ_0081678
hsa-miR-6873-3p,hsa_circ_0089445
hsa-miR-764,hsa_circ_0051048
hsa-miR-766-3p,hsa_circ_0014772
hsa-miR-181a-5p,hsa_circ_0081363
hsa-miR-181a-5p,hsa_circ_0081364
hsa-miR-181c-5p,hsa_circ_0073781
hsa-miR-1827,hsa_circ_0072808
hsa-miR-1827,hsa_circ_0072809
hsa-miR-1827,hsa_circ_0072850
hsa-miR-1827,hsa_circ_0072851
hsa-miR-185-3p,hsa_circ_0037199
hsa-miR-1909-3p,hsa_circ_0025078
hsa-miR-1909-3p,hsa_circ_0025082
hsa-miR-1909-3p,hsa_circ_0033538
hsa-miR-20b-3p,hsa_circ_0080029
hsa-miR-29b-3p,hsa_circ_0044551
hsa-miR-29b-3p,hsa_circ_0044552
hsa-miR-29b-3p,hsa_circ_0044553
hsa-miR-29b-3p,hsa_circ_0044555
hsa-miR-29b-3p,hsa_circ_0044558
hsa-miR-29b-3p,hsa_circ_0044559
hsa-miR-29b-3p,hsa_circ_0044560
hsa-miR-3064-5p,hsa_circ_0027195
hsa-miR-3064-5p,hsa_circ_0027202
hsa-miR-3154,hsa_circ_0038445
hsa-miR-3619-5p,hsa_circ_0034716
hsa-miR-3619-5p,hsa_circ_0034717
hsa-miR-3667-3p,hsa_circ_0006953
hsa-miR-4301,hsa_circ_0089761
hsa-miR-432-5p,hsa_circ_0026579
hsa-miR-4789-3p,hsa_circ_0089792
hsa-miR-5189-5p,hsa_circ_0041257
hsa-miR-5584-3p,hsa_circ_0076835
hsa-miR-6085,hsa_circ_0091846
hsa-miR-6085,hsa_circ_0091847
hsa-miR-6085,hsa_circ_0091848
hsa-miR-6085,hsa_circ_0091849
hsa-miR-6085,hsa_circ_0091869
hsa-miR-6085,hsa_circ_0091876
hsa-miR-665,hsa_circ_0057400
hsa-miR-6720-5p,hsa_circ_0038486
hsa-miR-6720-5p,hsa_circ_0044246
hsa-miR-6721-5p,hsa_circ_0049818
hsa-miR-6721-5p,hsa_circ_0049826
hsa-miR-6722-3p,hsa_circ_0049814
hsa-miR-6752-5p,hsa_circ_0033537
hsa-miR-6752-5p,hsa_circ_0033538
hsa-miR-6752-5p,hsa_circ_0033539
hsa-miR-6760-3p,hsa_circ_0055733
hsa-miR-6763-5p,hsa_circ_0016730
hsa-miR-6769a-5p,hsa_circ_0049111
hsa-miR-6769a-5p,hsa_circ_0049112
hsa-miR-6769a-5p,hsa_circ_0049116
hsa-miR-6769a-5p,hsa_circ_0049120
hsa-miR-6769a-5p,hsa_circ_0049122
hsa-miR-6769a-5p,hsa_circ_0049125
hsa-miR-6785-5p,hsa_circ_0055270
hsa-miR-6785-5p,hsa_circ_0055271
hsa-miR-6785-5p,hsa_circ_0055272
hsa-miR-6791-5p,hsa_circ_0030859
hsa-miR-6849-3p,hsa_circ_0000246
hsa-miR-6865-5p,hsa_circ_0009496
hsa-miR-6882-3p,hsa_circ_0010559
hsa-miR-6882-3p,hsa_circ_0010560
hsa-miR-6882-3p,hsa_circ_0010573
hsa-miR-6882-3p,hsa_circ_0010574
hsa-miR-6882-3p,hsa_circ_0010581
hsa-miR-6882-3p,hsa_circ_0010582
hsa-miR-6882-3p,hsa_circ_0010583
hsa-miR-6882-3p,hsa_circ_0010599
hsa-miR-6882-3p,hsa_circ_0010600
hsa-miR-6882-3p,hsa_circ_0010601
hsa-miR-6882-3p,hsa_circ_0010602
hsa-miR-6882-3p,hsa_circ_0010603
hsa-miR-6882-3p,hsa_circ_0010604
hsa-miR-6882-3p,hsa_circ_0010605
hsa-miR-6882-3p,hsa_circ_0010606
hsa-miR-6882-3p,hsa_circ_0010607
hsa-miR-6882-3p,hsa_circ_0010608
hsa-miR-6882-3p,hsa_circ_0010609
hsa-miR-6882-3p,hsa_circ_0010610
hsa-miR-6882-3p,hsa_circ_0010623
hsa-miR-6882-3p,hsa_circ_0010624
hsa-miR-6882-3p,hsa_circ_0010625
hsa-miR-6882-3p,hsa_circ_0010626
hsa-miR-6882-3p,hsa_circ_0010633
hsa-miR-6882-3p,hsa_circ_0010641
hsa-miR-6882-3p,hsa_circ_0010642
hsa-miR-6882-3p,hsa_circ_0010643
hsa-miR-6882-3p,hsa_circ_0010644
hsa-miR-6882-3p,hsa_circ_0010645
hsa-miR-6882-3p,hsa_circ_0010646
hsa-miR-6882-3p,hsa_circ_0010647
hsa-miR-6882-3p,hsa_circ_0010648
hsa-miR-6882-3p,hsa_circ_0010649
hsa-miR-6882-3p,hsa_circ_0010650
hsa-miR-6882-3p,hsa_circ_0010654
hsa-miR-6882-3p,hsa_circ_0010657
hsa-miR-6882-3p,hsa_circ_0010658
hsa-miR-6882-3p,hsa_circ_0010662
hsa-miR-6882-3p,hsa_circ_0010663
hsa-miR-6882-3p,hsa_circ_0010664
hsa-miR-6882-3p,hsa_circ_0010668
hsa-miR-6882-3p,hsa_circ_0010669
hsa-miR-6882-3p,hsa_circ_0010670
hsa-miR-6882-3p,hsa_circ_0010671
hsa-miR-6882-3p,hsa_circ_0010672
hsa-miR-6882-3p,hsa_circ_0010677
hsa-miR-6882-3p,hsa_circ_0010682
hsa-miR-6882-3p,hsa_circ_0010683
hsa-miR-7107-5p,hsa_circ_0006648
hsa-miR-7114-5p,hsa_circ_0049129
hsa-miR-9500,hsa_circ_0036323
hsa-miR-1587,hsa_circ_0051648
hsa-miR-1587,hsa_circ_0051649
hsa-miR-1909-3p,hsa_circ_0085812
hsa-miR-3137,hsa_circ_0049103
hsa-miR-3137,hsa_circ_0049108
hsa-miR-3187-5p,hsa_circ_0010700
hsa-miR-3200-3p,hsa_circ_0052115
hsa-miR-328-3p,hsa_circ_0081678
hsa-miR-3619-5p,hsa_circ_0065130
hsa-miR-378b,hsa_circ_0079070
hsa-miR-378f,hsa_circ_0079070
hsa-miR-4659a-3p,hsa_circ_0042029
hsa-miR-4673,hsa_circ_0074311
hsa-miR-4673,hsa_circ_0074312
hsa-miR-4691-5p,hsa_circ_0062583
hsa-miR-4726-5p,hsa_circ_0082878
hsa-miR-4726-5p,hsa_circ_0082879
hsa-miR-4757-5p,hsa_circ_0036129
hsa-miR-4763-3p,hsa_circ_0026144
hsa-miR-508-5p,hsa_circ_0000388
hsa-miR-5090,hsa_circ_0082878
hsa-miR-5193,hsa_circ_0049110
hsa-miR-5193,hsa_circ_0049113
hsa-miR-6720-5p,hsa_circ_0041843
hsa-miR-6720-5p,hsa_circ_0050271
hsa-miR-6726-5p,hsa_circ_0052194
hsa-miR-6739-5p,hsa_circ_0075953
hsa-miR-6753-5p,hsa_circ_0057377
hsa-miR-6787-5p,hsa_circ_0051279
hsa-miR-6787-5p,hsa_circ_0051285
hsa-miR-6805-5p,hsa_circ_0068917
hsa-miR-6849-3p,hsa_circ_0008352
hsa-miR-6849-3p,hsa_circ_0078962
hsa-miR-6858-5p,hsa_circ_0041089
hsa-miR-6858-5p,hsa_circ_0041099
hsa-miR-6858-5p,hsa_circ_0041116
hsa-miR-6860,hsa_circ_0065990
hsa-miR-6860,hsa_circ_0072808
hsa-miR-6860,hsa_circ_0072809
hsa-miR-6860,hsa_circ_0072850
hsa-miR-6860,hsa_circ_0072851
hsa-miR-6868-3p,hsa_circ_0024993
hsa-miR-6883-5p,hsa_circ_0003960
hsa-miR-6883-5p,hsa_circ_0009085
hsa-miR-6883-5p,hsa_circ_0013827
hsa-miR-7161-3p,hsa_circ_0061535
hsa-miR-7161-3p,hsa_circ_0061536
hsa-miR-7161-3p,hsa_circ_0061537
hsa-miR-181a-5p,hsa_circ_0018228
hsa-miR-2861,hsa_circ_0010544
hsa-miR-2861,hsa_circ_0010547
hsa-miR-2861,hsa_circ_0010548
hsa-miR-2861,hsa_circ_0010552
hsa-miR-2861,hsa_circ_0010555
hsa-miR-2861,hsa_circ_0010557
hsa-miR-2861,hsa_circ_0010558
hsa-miR-2861,hsa_circ_0010565
hsa-miR-2861,hsa_circ_0010569
hsa-miR-2861,hsa_circ_0010571
hsa-miR-2861,hsa_circ_0010622
hsa-miR-3064-5p,hsa_circ_0027151
hsa-miR-3064-5p,hsa_circ_0027155
hsa-miR-328-5p,hsa_circ_0062410
hsa-miR-33a-3p,hsa_circ_0007033
hsa-miR-3619-5p,hsa_circ_0044540
hsa-miR-3662,hsa_circ_0080692
hsa-miR-378g,hsa_circ_0060070
hsa-miR-3924,hsa_circ_0089771
hsa-miR-4476,hsa_circ_0032902
hsa-miR-4478,hsa_circ_0016162
hsa-miR-4478,hsa_circ_0016165
hsa-miR-4478,hsa_circ_0039972
hsa-miR-4498,hsa_circ_0049109
hsa-miR-4498,hsa_circ_0049110
hsa-miR-4498,hsa_circ_0049111
hsa-miR-4498,hsa_circ_0049112
hsa-miR-4632-5p,hsa_circ_0048698
hsa-miR-4632-5p,hsa_circ_0048709
hsa-miR-4659b-3p,hsa_circ_0042029
hsa-miR-4722-5p,hsa_circ_0065481
hsa-miR-4775,hsa_circ_0055960
hsa-miR-4775,hsa_circ_0055961
hsa-miR-4775,hsa_circ_0055962
hsa-miR-4775,hsa_circ_0055963
hsa-miR-5001-5p,hsa_circ_0051585
hsa-miR-508-5p,hsa_circ_0078998
hsa-miR-508-5p,hsa_circ_0078999
hsa-miR-5189-5p,hsa_circ_0072808
hsa-miR-5189-5p,hsa_circ_0072809
hsa-miR-5189-5p,hsa_circ_0072850
hsa-miR-5189-5p,hsa_circ_0072851
hsa-miR-518e-5p,hsa_circ_0048499
hsa-miR-519a-5p,hsa_circ_0048499
hsa-miR-519b-5p,hsa_circ_0048499
hsa-miR-519c-5p,hsa_circ_0048499
hsa-miR-522-5p,hsa_circ_0048499
hsa-miR-523-5p,hsa_circ_0048499
hsa-miR-5787,hsa_circ_0014031
hsa-miR-6132,hsa_circ_0079232
hsa-miR-6764-5p,hsa_circ_0065399
hsa-miR-6764-5p,hsa_circ_0065400
hsa-miR-6764-5p,hsa_circ_0065402
hsa-miR-6764-5p,hsa_circ_0065407
hsa-miR-6785-5p,hsa_circ_0021035
hsa-miR-6829-5p,hsa_circ_0063447
hsa-miR-6829-5p,hsa_circ_0063448
hsa-miR-6829-5p,hsa_circ_0063449
hsa-miR-6846-5p,hsa_circ_0010542
hsa-miR-6849-3p,hsa_circ_0000912
hsa-miR-6849-3p,hsa_circ_0041257
hsa-miR-6855-5p,hsa_circ_0000726
hsa-miR-6857-5p,hsa_circ_0037995
hsa-miR-6857-5p,hsa_circ_0037996
hsa-miR-93-3p,hsa_circ_0013872
hsa-miR-30b-3p,hsa_circ_0048843
hsa-miR-30b-3p,hsa_circ_0080692
hsa-miR-339-5p,hsa_circ_0065401
hsa-miR-339-5p,hsa_circ_0065403
hsa-miR-339-5p,hsa_circ_0065404
hsa-miR-3619-5p,hsa_circ_0081066
hsa-miR-3619-5p,hsa_circ_0081090
hsa-miR-3619-5p,hsa_circ_0081096
hsa-miR-3619-5p,hsa_circ_0081108
hsa-miR-3619-5p,hsa_circ_0081122
hsa-miR-3619-5p,hsa_circ_0081152
hsa-miR-4482-5p,hsa_circ_0061130
hsa-miR-4494,hsa_circ_0049105
hsa-miR-4494,hsa_circ_0049116
hsa-miR-4494,hsa_circ_0049120
hsa-miR-4741,hsa_circ_0051480
hsa-miR-4763-3p,hsa_circ_0037432
hsa-miR-661,hsa_circ_0065415
hsa-miR-6775-3p,hsa_circ_0046240
hsa-miR-6845-5p,hsa_circ_0044509
hsa-miR-6845-5p,hsa_circ_0044510
hsa-miR-6845-5p,hsa_circ_0044511
hsa-miR-6845-5p,hsa_circ_0044517
hsa-miR-6845-5p,hsa_circ_0044518
hsa-miR-6845-5p,hsa_circ_0044519
hsa-miR-6845-5p,hsa_circ_0044520
hsa-miR-6849-3p,hsa_circ_0004939
hsa-miR-6849-3p,hsa_circ_0018230
hsa-miR-6849-3p,hsa_circ_0029218
hsa-miR-6887-5p,hsa_circ_0003960
hsa-miR-1227-5p,hsa_circ_0089547
hsa-miR-1321,hsa_circ_0024264
hsa-miR-1321,hsa_circ_0024265
hsa-miR-181c-5p,hsa_circ_0035135
hsa-miR-181c-5p,hsa_circ_0035136
hsa-miR-181c-5p,hsa_circ_0035139
hsa-miR-181c-5p,hsa_circ_0035143
hsa-miR-181c-5p,hsa_circ_0035147
hsa-miR-181c-5p,hsa_circ_0035151
hsa-miR-181c-5p,hsa_circ_0035153
hsa-miR-188-3p,hsa_circ_0042202
hsa-miR-3145-3p,hsa_circ_0019043
hsa-miR-3974,hsa_circ_0049106
hsa-miR-3974,hsa_circ_0049111
hsa-miR-3974,hsa_circ_0049115
hsa-miR-3974,hsa_circ_0049116
hsa-miR-3974,hsa_circ_0049120
hsa-miR-3974,hsa_circ_0049122
hsa-miR-3974,hsa_circ_0049125
hsa-miR-4446-5p,hsa_circ_0080940
hsa-miR-4492,hsa_circ_0058199
hsa-miR-4640-5p,hsa_circ_0057391
hsa-miR-4640-5p,hsa_circ_0057400
hsa-miR-4685-5p,hsa_circ_0014770
hsa-miR-4685-5p,hsa_circ_0014771
hsa-miR-4685-5p,hsa_circ_0014772
hsa-miR-4747-5p,hsa_circ_0014328
hsa-miR-4778-3p,hsa_circ_0015702
hsa-miR-4778-3p,hsa_circ_0015707
hsa-miR-5100,hsa_circ_0020279
hsa-miR-586,hsa_circ_0005554
hsa-miR-608,hsa_circ_0091810
hsa-miR-608,hsa_circ_0091811
hsa-miR-608,hsa_circ_0091813
hsa-miR-619-5p,hsa_circ_0076315
hsa-miR-627-3p,hsa_circ_0066786
hsa-miR-627-3p,hsa_circ_0066787
hsa-miR-661,hsa_circ_0091307
hsa-miR-6720-5p,hsa_circ_0041657
hsa-miR-6762-3p,hsa_circ_0037652
hsa-miR-6768-3p,hsa_circ_0051055
hsa-miR-6809-3p,hsa_circ_0015199
hsa-miR-6809-3p,hsa_circ_0015204
hsa-miR-6809-3p,hsa_circ_0015212
hsa-miR-6809-3p,hsa_circ_0015213
hsa-miR-6809-3p,hsa_circ_0015214
hsa-miR-6809-3p,hsa_circ_0015216
hsa-miR-6809-3p,hsa_circ_0015217
hsa-miR-6809-3p,hsa_circ_0015218
hsa-miR-6849-3p,hsa_circ_0068269
hsa-miR-6895-5p,hsa_circ_0044554
hsa-miR-6895-5p,hsa_circ_0044555
hsa-miR-6895-5p,hsa_circ_0044557
hsa-miR-6895-5p,hsa_circ_0044558
hsa-miR-877-3p,hsa_circ_0016777
hsa-miR-877-3p,hsa_circ_0016778
hsa-miR-1208,hsa_circ_0033774
hsa-miR-1208,hsa_circ_0033775
hsa-miR-1208,hsa_circ_0033776
hsa-miR-1208,hsa_circ_0033892
hsa-miR-1233-3p,hsa_circ_0020280
hsa-miR-17-3p,hsa_circ_0081596
hsa-miR-21-3p,hsa_circ_0089629
hsa-miR-21-3p,hsa_circ_0089630
hsa-miR-21-3p,hsa_circ_0089631
hsa-miR-21-3p,hsa_circ_0089632
hsa-miR-21-3p,hsa_circ_0089633
hsa-miR-21-3p,hsa_circ_0089634
hsa-miR-3064-5p,hsa_circ_0027170
hsa-miR-3064-5p,hsa_circ_0027174
hsa-miR-3064-5p,hsa_circ_0027175
hsa-miR-3064-5p,hsa_circ_0027179
hsa-miR-3064-5p,hsa_circ_0027180
hsa-miR-3064-5p,hsa_circ_0027188
hsa-miR-3064-5p,hsa_circ_0027189
hsa-miR-30b-3p,hsa_circ_0016027
hsa-miR-30b-3p,hsa_circ_0065388
hsa-miR-3200-3p,hsa_circ_0052059
hsa-miR-3200-3p,hsa_circ_0052060
hsa-miR-326,hsa_circ_0060070
hsa-miR-326,hsa_circ_0060071
hsa-miR-326,hsa_circ_0060073
hsa-miR-331-3p,hsa_circ_0048473
hsa-miR-3619-5p,hsa_circ_0044551
hsa-miR-3652,hsa_circ_0015220
hsa-miR-3652,hsa_circ_0015224
hsa-miR-4659b-3p,hsa_circ_0069545
hsa-miR-5001-5p,hsa_circ_0037201
hsa-miR-5189-5p,hsa_circ_0086859
hsa-miR-5189-5p,hsa_circ_0086860
hsa-miR-5189-5p,hsa_circ_0086862
hsa-miR-5787,hsa_circ_0034156
hsa-miR-6728-3p,hsa_circ_0007600
hsa-miR-6744-3p,hsa_circ_0016778
hsa-miR-6754-5p,hsa_circ_0034196
hsa-miR-6754-5p,hsa_circ_0034203
hsa-miR-6754-5p,hsa_circ_0080192
hsa-miR-6762-3p,hsa_circ_0052003
hsa-miR-6849-3p,hsa_circ_0042176
hsa-miR-6849-3p,hsa_circ_0042177
hsa-miR-6849-3p,hsa_circ_0042178
hsa-miR-6849-3p,hsa_circ_0088723
hsa-miR-6849-3p,hsa_circ_0092179
hsa-miR-20b-3p,hsa_circ_0005266
hsa-miR-20b-3p,hsa_circ_0046155
hsa-miR-23c,hsa_circ_0050271
hsa-miR-511-3p,hsa_circ_0050272
hsa-miR-520h,hsa_circ_0027022
hsa-miR-6843-3p,hsa_circ_0089789
hsa-miR-762,hsa_circ_0063202
hsa-miR-762,hsa_circ_0063203
hsa-miR-8485,hsa_circ_0005885
hsa-miR-181b-2-3p,hsa_circ_0062083
hsa-miR-181b-2-3p,hsa_circ_0062084
hsa-miR-181b-2-3p,hsa_circ_0062085
hsa-miR-181b-2-3p,hsa_circ_0062086
hsa-miR-181b-2-3p,hsa_circ_0062087
hsa-miR-181b-2-3p,hsa_circ_0062088
hsa-miR-181b-2-3p,hsa_circ_0062089
hsa-miR-181b-2-3p,hsa_circ_0062090
hsa-miR-181b-2-3p,hsa_circ_0062091
hsa-miR-181b-2-3p,hsa_circ_0062092
hsa-miR-181b-2-3p,hsa_circ_0062093
hsa-miR-3183,hsa_circ_0041734
hsa-miR-3689a-3p,hsa_circ_0000912
hsa-miR-4254,hsa_circ_0049115
hsa-miR-4254,hsa_circ_0049116
hsa-miR-4722-5p,hsa_circ_0081596
hsa-miR-6736-3p,hsa_circ_0060210
hsa-miR-6736-3p,hsa_circ_0060215
hsa-miR-6736-3p,hsa_circ_0060217
hsa-miR-6804-5p,hsa_circ_0049109
hsa-miR-6804-5p,hsa_circ_0049110
hsa-miR-6804-5p,hsa_circ_0049112
hsa-miR-6804-5p,hsa_circ_0049113
hsa-miR-6804-5p,hsa_circ_0049120
hsa-miR-6804-5p,hsa_circ_0049122
hsa-miR-6849-3p,hsa_circ_0072026
hsa-miR-7843-3p,hsa_circ_0020490
hsa-miR-7977,hsa_circ_0020280
hsa-miR-1470,hsa_circ_0048085
hsa-miR-1470,hsa_circ_0048086
hsa-miR-1470,hsa_circ_0048088
hsa-miR-1470,hsa_circ_0048089
hsa-miR-1827,hsa_circ_0072817
hsa-miR-1827,hsa_circ_0072819
hsa-miR-1827,hsa_circ_0072821
hsa-miR-4478,hsa_circ_0031813
hsa-miR-4651,hsa_circ_0078009
hsa-miR-4651,hsa_circ_0078010
hsa-miR-4659a-3p,hsa_circ_0080940
hsa-miR-4763-3p,hsa_circ_0060448
hsa-miR-520g-3p,hsa_circ_0061235
hsa-miR-520g-3p,hsa_circ_0061244
hsa-miR-520g-3p,hsa_circ_0077011
hsa-miR-6072,hsa_circ_0058666
hsa-miR-6072,hsa_circ_0058671
hsa-miR-6072,hsa_circ_0058675
hsa-miR-612,hsa_circ_0042840
hsa-miR-646,hsa_circ_0075975
hsa-miR-646,hsa_circ_0075977
hsa-miR-646,hsa_circ_0075987
hsa-miR-646,hsa_circ_0075991
hsa-miR-646,hsa_circ_0076001
hsa-miR-646,hsa_circ_0076002
hsa-miR-646,hsa_circ_0076010
hsa-miR-6720-5p,hsa_circ_0027022
hsa-miR-6732-5p,hsa_circ_0009566
hsa-miR-6873-3p,hsa_circ_0055230
hsa-miR-6873-3p,hsa_circ_0055233
hsa-miR-6873-3p,hsa_circ_0055235
hsa-miR-6873-3p,hsa_circ_0055236
hsa-miR-6873-3p,hsa_circ_0055237
hsa-miR-6873-3p,hsa_circ_0055239
hsa-miR-6879-5p,hsa_circ_0062818
hsa-miR-6879-5p,hsa_circ_0062822
hsa-miR-6884-5p,hsa_circ_0037652
hsa-miR-1247-3p,hsa_circ_0016162
hsa-miR-1247-3p,hsa_circ_0016165
hsa-miR-29a-3p,hsa_circ_0044543
hsa-miR-29a-3p,hsa_circ_0044548
hsa-miR-29a-3p,hsa_circ_0044549
hsa-miR-29c-3p,hsa_circ_0081106
hsa-miR-29c-3p,hsa_circ_0081119
hsa-miR-29c-3p,hsa_circ_0081121
hsa-miR-29c-3p,hsa_circ_0081132
hsa-miR-3692-3p,hsa_circ_0034223
hsa-miR-3941,hsa_circ_0068939
hsa-miR-3941,hsa_circ_0068940
hsa-miR-4270,hsa_circ_0069071
hsa-miR-4722-5p,hsa_circ_0044246
hsa-miR-4778-3p,hsa_circ_0023703
hsa-miR-5088-3p,hsa_circ_0013872
hsa-miR-5088-3p,hsa_circ_0013875
hsa-miR-6849-3p,hsa_circ_0083253
hsa-miR-30b-3p,hsa_circ_0006177
hsa-miR-3916,hsa_circ_0078576
hsa-miR-3916,hsa_circ_0078579
hsa-miR-3916,hsa_circ_0078582
hsa-miR-4420,hsa_circ_0062083
hsa-miR-4420,hsa_circ_0062084
hsa-miR-4420,hsa_circ_0062085
hsa-miR-4420,hsa_circ_0062090
hsa-miR-4722-3p,hsa_circ_0016716
hsa-miR-4722-5p,hsa_circ_0000388
hsa-miR-5100,hsa_circ_0020283
hsa-miR-5189-5p,hsa_circ_0023418
hsa-miR-5189-5p,hsa_circ_0023419
hsa-miR-520h,hsa_circ_0011819
hsa-miR-6849-3p,hsa_circ_0050271
hsa-miR-6849-3p,hsa_circ_0050598
hsa-miR-6895-5p,hsa_circ_0049108
hsa-miR-3202,hsa_circ_0006648
hsa-miR-4284,hsa_circ_0000939
hsa-miR-4284,hsa_circ_0077011
hsa-miR-4307,hsa_circ_0013870
hsa-miR-4307,hsa_circ_0013871
hsa-miR-431-5p,hsa_circ_0013872
hsa-miR-4328,hsa_circ_0034138
hsa-miR-4533,hsa_circ_0032902
hsa-miR-5090,hsa_circ_0029351
hsa-miR-5090,hsa_circ_0029353
hsa-miR-665,hsa_circ_0049106
hsa-miR-665,hsa_circ_0049111
hsa-miR-665,hsa_circ_0049112
hsa-miR-665,hsa_circ_0049115
hsa-miR-665,hsa_circ_0049116
hsa-miR-665,hsa_circ_0049120
hsa-miR-665,hsa_circ_0049122
hsa-miR-6728-3p,hsa_circ_0057955
hsa-miR-6829-3p,hsa_circ_0062583
hsa-miR-6849-3p,hsa_circ_0027022
hsa-miR-6870-5p,hsa_circ_0057955
hsa-miR-7114-5p,hsa_circ_0049111
hsa-miR-7114-5p,hsa_circ_0049112
hsa-miR-7114-5p,hsa_circ_0049115
hsa-miR-7114-5p,hsa_circ_0049116
hsa-miR-7114-5p,hsa_circ_0049120
hsa-miR-7114-5p,hsa_circ_0049122
hsa-miR-7114-5p,hsa_circ_0049125
hsa-miR-4494,hsa_circ_0049129
hsa-miR-520g-3p,hsa_circ_0041843
hsa-miR-6895-5p,hsa_circ_0049115
hsa-miR-6895-5p,hsa_circ_0049116
hsa-miR-6895-5p,hsa_circ_0049120
hsa-miR-6895-5p,hsa_circ_0049122
hsa-miR-6895-5p,hsa_circ_0049125
hsa-miR-4642,hsa_circ_0020282
hsa-miR-4653-5p,hsa_circ_0029351
hsa-miR-4653-5p,hsa_circ_0029353
hsa-miR-6849-3p,hsa_circ_0038126
hsa-miR-6895-5p,hsa_circ_0044505
hsa-miR-6895-5p,hsa_circ_0044506
hsa-miR-6895-5p,hsa_circ_0044507
hsa-miR-6895-5p,hsa_circ_0044514
hsa-miR-6895-5p,hsa_circ_0044531
hsa-miR-6895-5p,hsa_circ_0044538
hsa-miR-8073,hsa_circ_0061537
hsa-miR-1285-3p,hsa_circ_0072807
hsa-miR-1285-3p,hsa_circ_0072849
hsa-miR-3154,hsa_circ_0038404
hsa-miR-4515,hsa_circ_0020282
hsa-miR-4515,hsa_circ_0020283
hsa-miR-4642,hsa_circ_0020279
hsa-miR-7976,hsa_circ_0051048
hsa-miR-4659b-3p,hsa_circ_0077110
hsa-miR-4659b-3p,hsa_circ_0077111
hsa-miR-4659b-3p,hsa_circ_0077115
hsa-miR-4659b-3p,hsa_circ_0077116
hsa-miR-6849-3p,hsa_circ_0000388
hsa-miR-8485,hsa_circ_0008282
hsa-miR-8485,hsa_circ_0008780
hsa-miR-1291,hsa_circ_0020282
hsa-miR-1291,hsa_circ_0020283
hsa-miR-205-5p,hsa_circ_0020283
hsa-miR-22-3p,hsa_circ_0020280
hsa-miR-382-3p,hsa_circ_0020282
hsa-miR-3914,hsa_circ_0089788
hsa-miR-3914,hsa_circ_0089789
hsa-miR-4446-5p,hsa_circ_0048473
hsa-miR-4687-5p,hsa_circ_0031813
hsa-miR-4720-5p,hsa_circ_0013876
hsa-miR-605-3p,hsa_circ_0055725
hsa-miR-605-3p,hsa_circ_0055740
hsa-miR-619-5p,hsa_circ_0011125
hsa-miR-619-5p,hsa_circ_0045221
hsa-miR-622,hsa_circ_0049104
hsa-miR-622,hsa_circ_0049105
hsa-miR-622,hsa_circ_0049120
hsa-miR-622,hsa_circ_0049122
hsa-miR-622,hsa_circ_0049125
hsa-miR-6719-3p,hsa_circ_0020282
hsa-miR-6719-3p,hsa_circ_0020283
hsa-miR-6758-5p,hsa_circ_0002172
hsa-miR-6758-5p,hsa_circ_0089776
hsa-miR-6783-3p,hsa_circ_0059100
hsa-miR-6783-3p,hsa_circ_0059101
hsa-miR-1285-3p,hsa_circ_0081590
hsa-miR-619-5p,hsa_circ_0038126
hsa-miR-619-5p,hsa_circ_0056703
hsa-miR-1285-3p,hsa_circ_0072823
hsa-miR-1285-3p,hsa_circ_0072826
hsa-miR-619-5p,hsa_circ_0017742
hsa-miR-619-5p,hsa_circ_0017749
hsa-miR-619-5p,hsa_circ_0090835
hsa-miR-619-5p,hsa_circ_0090836
hsa-miR-619-5p,hsa_circ_0041342
hsa-miR-619-5p,hsa_circ_0041343
hsa-miR-619-5p,hsa_circ_0041344
hsa-miR-619-5p,hsa_circ_0005277
hsa-miR-1285-3p,hsa_circ_0056703
hsa-miR-619-5p,hsa_circ_0048940
hsa-miR-619-5p,hsa_circ_0055328
hsa-miR-619-5p,hsa_circ_0055329
hsa-miR-8485,hsa_circ_0087119
hsa-miR-1285-3p,hsa_circ_0042176
hsa-miR-1285-3p,hsa_circ_0042177
hsa-miR-1285-3p,hsa_circ_0042178
hsa-miR-1285-3p,hsa_circ_0041843
hsa-miR-619-5p,hsa_circ_0000346
hsa-miR-619-5p,hsa_circ_0089810
hsa-miR-619-5p,hsa_circ_0089812
hsa-miR-8485,hsa_circ_0028434
hsa-miR-8485,hsa_circ_0028442
hsa-miR-8485,hsa_circ_0028444
hsa-miR-8485,hsa_circ_0049488
hsa-miR-8485,hsa_circ_0049489
hsa-miR-8485,hsa_circ_0049490
hsa-miR-8485,hsa_circ_0049491
hsa-miR-619-5p,hsa_circ_0040578
hsa-miR-619-5p,hsa_circ_0040583
hsa-miR-619-5p,hsa_circ_0040584
hsa-miR-1285-3p,hsa_circ_0041257
hsa-miR-1285-3p,hsa_circ_0006983
hsa-miR-619-5p,hsa_circ_0014049
hsa-miR-619-5p,hsa_circ_0080466
hsa-miR-619-5p,hsa_circ_0002147
hsa-miR-619-5p,hsa_circ_0004779
hsa-miR-619-5p,hsa_circ_0018976
hsa-miR-619-5p,hsa_circ_0052258
hsa-miR-1277-5p,hsa_circ_0011331
hsa-miR-1277-5p,hsa_circ_0011332
hsa-miR-1277-5p,hsa_circ_0011333
hsa-miR-1277-5p,hsa_circ_0011334
hsa-miR-619-5p,hsa_circ_0085002
hsa-miR-619-5p,hsa_circ_0085004
hsa-miR-619-5p,hsa_circ_0085005
hsa-miR-619-5p,hsa_circ_0085007
hsa-miR-619-5p,hsa_circ_0085008
hsa-miR-6873-3p,hsa_circ_0000965
hsa-miR-8485,hsa_circ_0021353
hsa-miR-619-5p,hsa_circ_0078858
hsa-miR-1285-3p,hsa_circ_0086740
hsa-miR-619-5p,hsa_circ_0087132
hsa-miR-1285-3p,hsa_circ_0074024
hsa-miR-1285-3p,hsa_circ_0074025
hsa-miR-619-5p,hsa_circ_0023580
hsa-miR-619-5p,hsa_circ_0023581
hsa-miR-619-5p,hsa_circ_0005141
hsa-miR-619-5p,hsa_circ_0049494
hsa-miR-1285-3p,hsa_circ_0038486
hsa-miR-7851-3p,hsa_circ_0063516
hsa-miR-7851-3p,hsa_circ_0063533
hsa-miR-619-5p,hsa_circ_0009679
hsa-miR-619-5p,hsa_circ_0009681
hsa-miR-619-5p,hsa_circ_0032370
hsa-miR-619-5p,hsa_circ_0049905
hsa-miR-619-5p,hsa_circ_0057747
hsa-miR-619-5p,hsa_circ_0078794
hsa-miR-619-5p,hsa_circ_0078812
hsa-miR-619-5p,hsa_circ_0078968
hsa-miR-1285-3p,hsa_circ_0000346
hsa-miR-1285-3p,hsa_circ_0013821
hsa-miR-8485,hsa_circ_0007033
hsa-miR-1285-3p,hsa_circ_0018230
hsa-miR-619-5p,hsa_circ_0070969
hsa-miR-619-5p,hsa_circ_0070970
hsa-miR-619-5p,hsa_circ_0063516
hsa-miR-619-5p,hsa_circ_0063533
hsa-miR-1285-3p,hsa_circ_0005858
hsa-miR-1285-3p,hsa_circ_0008959
hsa-miR-1285-3p,hsa_circ_0052316
hsa-miR-619-5p,hsa_circ_0049973
hsa-miR-619-5p,hsa_circ_0072720
hsa-miR-619-5p,hsa_circ_0078962
hsa-miR-6756-5p,hsa_circ_0075115
hsa-miR-619-5p,hsa_circ_0071546
hsa-miR-619-5p,hsa_circ_0071547
hsa-miR-619-5p,hsa_circ_0081596
hsa-miR-1304-3p,hsa_circ_0037111
hsa-miR-1277-5p,hsa_circ_0005752
hsa-miR-1304-3p,hsa_circ_0002139
hsa-miR-1304-3p,hsa_circ_0008493
hsa-miR-3192-5p,hsa_circ_0020316
hsa-miR-1304-3p,hsa_circ_0025834
hsa-miR-619-5p,hsa_circ_0050233
hsa-miR-619-5p,hsa_circ_0063474
hsa-miR-1304-3p,hsa_circ_0005873
hsa-miR-1304-3p,hsa_circ_0008351
hsa-miR-1304-3p,hsa_circ_0068732
hsa-miR-1304-3p,hsa_circ_0068741
hsa-miR-1304-3p,hsa_circ_0068752
hsa-miR-1304-3p,hsa_circ_0068761
hsa-miR-1304-3p,hsa_circ_0068762
hsa-miR-574-5p,hsa_circ_0034111
hsa-miR-6089,hsa_circ_0078998
hsa-miR-6089,hsa_circ_0078999
hsa-miR-619-5p,hsa_circ_0042935
hsa-miR-4739,hsa_circ_0062512
hsa-miR-619-5p,hsa_circ_0078808
hsa-miR-4452,hsa_circ_0062544
hsa-miR-4644,hsa_circ_0065975
hsa-miR-619-5p,hsa_circ_0029218
hsa-miR-1285-3p,hsa_circ_0005558
hsa-miR-1285-3p,hsa_circ_0038126
hsa-miR-619-5p,hsa_circ_0031813
hsa-miR-877-3p,hsa_circ_0051929
hsa-miR-1277-5p,hsa_circ_0009028
hsa-miR-1285-3p,hsa_circ_0050131
hsa-miR-1285-3p,hsa_circ_0050134
hsa-miR-1285-3p,hsa_circ_0050138
hsa-miR-1277-5p,hsa_circ_0070564
hsa-miR-1285-3p,hsa_circ_0038605
hsa-miR-619-5p,hsa_circ_0000449
hsa-miR-8485,hsa_circ_0075949
hsa-miR-1273h-5p,hsa_circ_0007346
hsa-miR-1304-3p,hsa_circ_0013310
hsa-miR-1304-3p,hsa_circ_0064350
hsa-miR-619-5p,hsa_circ_0016162
hsa-miR-619-5p,hsa_circ_0016165
hsa-miR-6807-3p,hsa_circ_0041843
hsa-miR-7851-3p,hsa_circ_0038209
hsa-miR-1285-5p,hsa_circ_0080666
hsa-miR-619-5p,hsa_circ_0009717
hsa-miR-619-5p,hsa_circ_0019519
hsa-miR-619-5p,hsa_circ_0089771
hsa-miR-6743-5p,hsa_circ_0007680
hsa-miR-6743-5p,hsa_circ_0025801
hsa-miR-6743-5p,hsa_circ_0025819
hsa-miR-6743-5p,hsa_circ_0025820
hsa-miR-6743-5p,hsa_circ_0025827
hsa-miR-6743-5p,hsa_circ_0025831
hsa-miR-8089,hsa_circ_0049109
hsa-miR-8089,hsa_circ_0049111
hsa-miR-8089,hsa_circ_0049112
hsa-miR-8089,hsa_circ_0049115
hsa-miR-8089,hsa_circ_0049116
hsa-miR-8089,hsa_circ_0049120
hsa-miR-8089,hsa_circ_0049122
hsa-miR-8089,hsa_circ_0049125
hsa-miR-1273h-5p,hsa_circ_0089048
hsa-miR-1285-3p,hsa_circ_0041657
hsa-miR-1285-3p,hsa_circ_0041658
hsa-miR-1285-3p,hsa_circ_0041660
hsa-miR-1285-3p,hsa_circ_0041662
hsa-miR-1285-3p,hsa_circ_0041663
hsa-miR-1285-3p,hsa_circ_0041664
hsa-miR-4769-3p,hsa_circ_0009180
hsa-miR-619-5p,hsa_circ_0052599
hsa-miR-762,hsa_circ_0083847
hsa-miR-5193,hsa_circ_0051929
hsa-miR-6803-5p,hsa_circ_0050815
hsa-miR-1285-3p,hsa_circ_0004939
hsa-miR-1285-3p,hsa_circ_0088567
hsa-miR-1285-5p,hsa_circ_0027022
hsa-miR-619-5p,hsa_circ_0008441
hsa-miR-619-5p,hsa_circ_0041657
hsa-miR-619-5p,hsa_circ_0041658
hsa-miR-619-5p,hsa_circ_0041660
hsa-miR-619-5p,hsa_circ_0041662
hsa-miR-619-5p,hsa_circ_0041663
hsa-miR-619-5p,hsa_circ_0041664
hsa-miR-373-3p,hsa_circ_0092348
hsa-miR-4712-5p,hsa_circ_0027206
hsa-miR-4712-5p,hsa_circ_0027207
hsa-miR-6758-5p,hsa_circ_0080413
hsa-miR-6873-3p,hsa_circ_0057773
hsa-miR-6886-3p,hsa_circ_0089427
hsa-miR-1277-5p,hsa_circ_0076781
hsa-miR-1304-3p,hsa_circ_0026321
hsa-miR-4452,hsa_circ_0008161
hsa-miR-4668-5p,hsa_circ_0014192
hsa-miR-619-5p,hsa_circ_0031544
hsa-miR-7161-3p,hsa_circ_0029350
hsa-miR-1268b,hsa_circ_0014984
hsa-miR-3960,hsa_circ_0051922
hsa-miR-4685-5p,hsa_circ_0049128
hsa-miR-4685-5p,hsa_circ_0049129
hsa-miR-5193,hsa_circ_0040433
hsa-miR-5193,hsa_circ_0040435
hsa-miR-5193,hsa_circ_0040437
hsa-miR-619-5p,hsa_circ_0005303
hsa-miR-762,hsa_circ_0075305
hsa-miR-8485,hsa_circ_0014736
hsa-miR-1236-3p,hsa_circ_0081440
hsa-miR-1285-3p,hsa_circ_0001146
hsa-miR-619-5p,hsa_circ_0032494
hsa-miR-6775-5p,hsa_circ_0026923
hsa-miR-6775-5p,hsa_circ_0026924
hsa-miR-6775-5p,hsa_circ_0026925
hsa-miR-6775-5p,hsa_circ_0026926
hsa-miR-6775-5p,hsa_circ_0026927
hsa-miR-6775-5p,hsa_circ_0026928
hsa-miR-6775-5p,hsa_circ_0026929
hsa-miR-3614-3p,hsa_circ_0055740
hsa-miR-520c-3p,hsa_circ_0092348
hsa-miR-6756-5p,hsa_circ_0039069
hsa-miR-6756-5p,hsa_circ_0039070
hsa-miR-6780b-3p,hsa_circ_0065397
hsa-miR-6780b-3p,hsa_circ_0065406
hsa-miR-8072,hsa_circ_0046338
hsa-miR-877-3p,hsa_circ_0039128
hsa-miR-1183,hsa_circ_0049111
hsa-miR-1183,hsa_circ_0049115
hsa-miR-1183,hsa_circ_0049116
hsa-miR-1909-3p,hsa_circ_0039128
hsa-miR-4646-5p,hsa_circ_0020279
hsa-miR-4646-5p,hsa_circ_0020280
hsa-miR-4646-5p,hsa_circ_0020282
hsa-miR-4646-5p,hsa_circ_0020283
hsa-miR-4668-5p,hsa_circ_0047718
hsa-miR-5193,hsa_circ_0036063
hsa-miR-5193,hsa_circ_0036064
hsa-miR-6873-3p,hsa_circ_0004200
hsa-miR-7109-3p,hsa_circ_0059522
hsa-miR-7109-3p,hsa_circ_0059523
hsa-miR-7109-3p,hsa_circ_0059524
hsa-miR-7109-3p,hsa_circ_0059525
hsa-miR-877-3p,hsa_circ_0091093
hsa-miR-1277-5p,hsa_circ_0034144
hsa-miR-1304-3p,hsa_circ_0043314
hsa-miR-3620-5p,hsa_circ_0020280
hsa-miR-3620-5p,hsa_circ_0020282
hsa-miR-3620-5p,hsa_circ_0020283
hsa-miR-3925-3p,hsa_circ_0042130
hsa-miR-3925-3p,hsa_circ_0042131
hsa-miR-6085,hsa_circ_0022944
hsa-miR-6085,hsa_circ_0022949
hsa-miR-6085,hsa_circ_0022951
hsa-miR-6758-5p,hsa_circ_0069071
hsa-miR-466,hsa_circ_0015996
hsa-miR-5193,hsa_circ_0089191
hsa-miR-6775-5p,hsa_circ_0029298
hsa-miR-6803-5p,hsa_circ_0081505
hsa-miR-6803-5p,hsa_circ_0081506
hsa-miR-6803-5p,hsa_circ_0081507
hsa-miR-6803-5p,hsa_circ_0081508
hsa-miR-6803-5p,hsa_circ_0081509
hsa-miR-6803-5p,hsa_circ_0081510
hsa-miR-7851-3p,hsa_circ_0000912
hsa-miR-877-3p,hsa_circ_0013998
hsa-miR-3614-3p,hsa_circ_0055727
hsa-miR-4685-5p,hsa_circ_0086135
hsa-miR-5193,hsa_circ_0062174
hsa-miR-6089,hsa_circ_0022834
hsa-miR-619-5p,hsa_circ_0079396
hsa-miR-6770-5p,hsa_circ_0055601
hsa-miR-6811-3p,hsa_circ_0085899
hsa-miR-6811-3p,hsa_circ_0085900
hsa-miR-6879-5p,hsa_circ_0022960
hsa-miR-7851-3p,hsa_circ_0085541
hsa-miR-877-3p,hsa_circ_0074490
hsa-miR-1183,hsa_circ_0049125
hsa-miR-1304-3p,hsa_circ_0076315
hsa-miR-4760-3p,hsa_circ_0072815
hsa-miR-5193,hsa_circ_0036066
hsa-miR-541-3p,hsa_circ_0049111
hsa-miR-541-3p,hsa_circ_0049112
hsa-miR-6756-5p,hsa_circ_0043821
hsa-miR-6756-5p,hsa_circ_0043822
hsa-miR-1277-5p,hsa_circ_0044666
hsa-miR-1304-3p,hsa_circ_0008352
hsa-miR-1304-3p,hsa_circ_0087637
hsa-miR-1304-3p,hsa_circ_0087638
hsa-miR-1304-3p,hsa_circ_0087639
hsa-miR-1304-3p,hsa_circ_0087640
hsa-miR-4644,hsa_circ_0011111
hsa-miR-6089,hsa_circ_0050102
hsa-miR-7851-3p,hsa_circ_0038032
hsa-miR-8485,hsa_circ_0018291
hsa-miR-143-5p,hsa_circ_0075924
hsa-miR-5193,hsa_circ_0055452
hsa-miR-5193,hsa_circ_0055453
hsa-miR-5193,hsa_circ_0055455
hsa-miR-612,hsa_circ_0053643
hsa-miR-612,hsa_circ_0053651
hsa-miR-612,hsa_circ_0053680
hsa-miR-612,hsa_circ_0053698
hsa-miR-612,hsa_circ_0053699
hsa-miR-612,hsa_circ_0053722
hsa-miR-612,hsa_circ_0053724
hsa-miR-612,hsa_circ_0080702
hsa-miR-612,hsa_circ_0080703
hsa-miR-619-5p,hsa_circ_0000444
hsa-miR-619-5p,hsa_circ_0025972
hsa-miR-6796-5p,hsa_circ_0049125
hsa-miR-6803-5p,hsa_circ_0058374
hsa-miR-6803-5p,hsa_circ_0081678
hsa-miR-877-3p,hsa_circ_0044768
hsa-miR-20a-5p,hsa_circ_0038209
hsa-miR-3620-5p,hsa_circ_0020316
hsa-miR-5193,hsa_circ_0049980
hsa-miR-6085,hsa_circ_0037995
hsa-miR-6085,hsa_circ_0037996
hsa-miR-6085,hsa_circ_0037997
hsa-miR-6756-5p,hsa_circ_0022747
hsa-miR-7851-3p,hsa_circ_0049494
hsa-miR-1273h-5p,hsa_circ_0005266
hsa-miR-1303,hsa_circ_0003360
hsa-miR-143-5p,hsa_circ_0081678
hsa-miR-4685-5p,hsa_circ_0086140
hsa-miR-5193,hsa_circ_0048115
hsa-miR-5193,hsa_circ_0090585
hsa-miR-541-3p,hsa_circ_0049106
hsa-miR-6866-3p,hsa_circ_0076276
hsa-miR-877-3p,hsa_circ_0064817
hsa-miR-1303,hsa_circ_0080677
hsa-miR-4685-5p,hsa_circ_0079119
hsa-miR-543,hsa_circ_0055601
hsa-miR-612,hsa_circ_0010638
hsa-miR-612,hsa_circ_0010639
hsa-miR-6803-5p,hsa_circ_0051577
hsa-miR-6803-5p,hsa_circ_0051929
hsa-miR-6827-5p,hsa_circ_0010638
hsa-miR-6873-3p,hsa_circ_0016130
hsa-miR-765,hsa_circ_0037575
hsa-miR-1273h-5p,hsa_circ_0085541
hsa-miR-1285-3p,hsa_circ_0072026
hsa-miR-3613-3p,hsa_circ_0042235
hsa-miR-3613-3p,hsa_circ_0042239
hsa-miR-4668-5p,hsa_circ_0032452
hsa-miR-4668-5p,hsa_circ_0032458
hsa-miR-877-3p,hsa_circ_0069822
hsa-miR-877-3p,hsa_circ_0089654
hsa-miR-106a-5p,hsa_circ_0038209
hsa-miR-1273h-5p,hsa_circ_0009046
hsa-miR-1273h-5p,hsa_circ_0089771
hsa-miR-17-5p,hsa_circ_0038209
hsa-miR-1909-3p,hsa_circ_0066062
hsa-miR-20b-5p,hsa_circ_0038209
hsa-miR-4640-5p,hsa_circ_0048184
hsa-miR-4640-5p,hsa_circ_0048185
hsa-miR-4640-5p,hsa_circ_0048188
hsa-miR-4640-5p,hsa_circ_0048189
hsa-miR-4700-5p,hsa_circ_0055601
hsa-miR-4726-5p,hsa_circ_0019928
hsa-miR-4726-5p,hsa_circ_0019929
hsa-miR-609,hsa_circ_0049026
hsa-miR-619-5p,hsa_circ_0070887
hsa-miR-762,hsa_circ_0045804
hsa-miR-762,hsa_circ_0045808
hsa-miR-106a-5p,hsa_circ_0026973
hsa-miR-1287-3p,hsa_circ_0034138
hsa-miR-17-5p,hsa_circ_0026973
hsa-miR-1908-3p,hsa_circ_0042830
hsa-miR-1908-3p,hsa_circ_0077687
hsa-miR-20a-5p,hsa_circ_0026973
hsa-miR-3159,hsa_circ_0003384
hsa-miR-3960,hsa_circ_0078388
hsa-miR-4452,hsa_circ_0043298
hsa-miR-450b-5p,hsa_circ_0070895
hsa-miR-4668-5p,hsa_circ_0008578
hsa-miR-4685-5p,hsa_circ_0055208
hsa-miR-4712-5p,hsa_circ_0027151
hsa-miR-4712-5p,hsa_circ_0049111
hsa-miR-4712-5p,hsa_circ_0049112
hsa-miR-4712-5p,hsa_circ_0049116
hsa-miR-4712-5p,hsa_circ_0049120
hsa-miR-4763-3p,hsa_circ_0024595
hsa-miR-4763-3p,hsa_circ_0033539
hsa-miR-6751-5p,hsa_circ_0061535
hsa-miR-6751-5p,hsa_circ_0061536
hsa-miR-6751-5p,hsa_circ_0061537
hsa-miR-6756-5p,hsa_circ_0080416
hsa-miR-6786-5p,hsa_circ_0029292
hsa-miR-6786-5p,hsa_circ_0029294
hsa-miR-6786-5p,hsa_circ_0029296
hsa-miR-6848-5p,hsa_circ_0022613
hsa-miR-7107-3p,hsa_circ_0025471
hsa-miR-7851-3p,hsa_circ_0056703
hsa-miR-877-3p,hsa_circ_0028531
hsa-miR-877-3p,hsa_circ_0028536
hsa-miR-877-3p,hsa_circ_0028537
hsa-miR-885-3p,hsa_circ_0026926
hsa-miR-885-3p,hsa_circ_0026927
hsa-miR-885-3p,hsa_circ_0026928
hsa-miR-939-5p,hsa_circ_0075234
hsa-miR-106b-5p,hsa_circ_0005983
hsa-miR-106b-5p,hsa_circ_0080666
hsa-miR-1273h-5p,hsa_circ_0027928
hsa-miR-1273h-5p,hsa_circ_0086624
hsa-miR-1273h-5p,hsa_circ_0086625
hsa-miR-1273h-5p,hsa_circ_0086626
hsa-miR-1273h-5p,hsa_circ_0086627
hsa-miR-1285-5p,hsa_circ_0009652
hsa-miR-1908-3p,hsa_circ_0060213
hsa-miR-1909-3p,hsa_circ_0091805
hsa-miR-30b-3p,hsa_circ_0055407
hsa-miR-4640-5p,hsa_circ_0051048
hsa-miR-4763-3p,hsa_circ_0058976
hsa-miR-5193,hsa_circ_0023066
hsa-miR-5585-3p,hsa_circ_0005503
hsa-miR-6085,hsa_circ_0089552
hsa-miR-6756-5p,hsa_circ_0029686
hsa-miR-6774-5p,hsa_circ_0034156
hsa-miR-6797-5p,hsa_circ_0020208
hsa-miR-6797-5p,hsa_circ_0020212
hsa-miR-106b-5p,hsa_circ_0041843
hsa-miR-1277-5p,hsa_circ_0014546
hsa-miR-181b-5p,hsa_circ_0002735
hsa-miR-181b-5p,hsa_circ_0053902
hsa-miR-181d-5p,hsa_circ_0002735
hsa-miR-181d-5p,hsa_circ_0053902
hsa-miR-330-5p,hsa_circ_0063778
hsa-miR-4640-5p,hsa_circ_0086110
hsa-miR-4640-5p,hsa_circ_0086113
hsa-miR-4668-5p,hsa_circ_0025374
hsa-miR-4685-5p,hsa_circ_0020663
hsa-miR-4685-5p,hsa_circ_0020664
hsa-miR-4685-5p,hsa_circ_0020665
hsa-miR-5787,hsa_circ_0049109
hsa-miR-5787,hsa_circ_0049110
hsa-miR-5787,hsa_circ_0049112
hsa-miR-5787,hsa_circ_0049113
hsa-miR-5787,hsa_circ_0049122
hsa-miR-6089,hsa_circ_0078934
hsa-miR-608,hsa_circ_0075305
hsa-miR-6752-5p,hsa_circ_0050806
hsa-miR-6756-5p,hsa_circ_0025125
hsa-miR-6756-5p,hsa_circ_0048032
hsa-miR-6787-5p,hsa_circ_0068828
hsa-miR-6807-3p,hsa_circ_0055407
hsa-miR-6851-5p,hsa_circ_0005620
hsa-miR-6851-5p,hsa_circ_0019874
hsa-miR-6851-5p,hsa_circ_0019875
hsa-miR-939-5p,hsa_circ_0081504
hsa-miR-106a-5p,hsa_circ_0062544
hsa-miR-1249-5p,hsa_circ_0022613
hsa-miR-1273h-5p,hsa_circ_0041143
hsa-miR-135a-5p,hsa_circ_0051372
hsa-miR-17-5p,hsa_circ_0062544
hsa-miR-181b-5p,hsa_circ_0035142
hsa-miR-181b-5p,hsa_circ_0042130
hsa-miR-181b-5p,hsa_circ_0042131
hsa-miR-20a-5p,hsa_circ_0062544
hsa-miR-20b-5p,hsa_circ_0062544
hsa-miR-4479,hsa_circ_0030834
hsa-miR-4537,hsa_circ_0020681
hsa-miR-4685-5p,hsa_circ_0009510
hsa-miR-4685-5p,hsa_circ_0034157
hsa-miR-4712-5p,hsa_circ_0027189
hsa-miR-4723-3p,hsa_circ_0034140
hsa-miR-4739,hsa_circ_0022829
hsa-miR-4739,hsa_circ_0022830
hsa-miR-4763-3p,hsa_circ_0008447
hsa-miR-4763-3p,hsa_circ_0063270
hsa-miR-520d-3p,hsa_circ_0092348
hsa-miR-6751-5p,hsa_circ_0033537
hsa-miR-6751-5p,hsa_circ_0033538
hsa-miR-6751-5p,hsa_circ_0033539
hsa-miR-6803-5p,hsa_circ_0080686
hsa-miR-6894-5p,hsa_circ_0049111
hsa-miR-6894-5p,hsa_circ_0049115
hsa-miR-6894-5p,hsa_circ_0049116
hsa-miR-6894-5p,hsa_circ_0049120
hsa-miR-6894-5p,hsa_circ_0049125
hsa-miR-6894-5p,hsa_circ_0049128
hsa-miR-762,hsa_circ_0011669
hsa-miR-93-5p,hsa_circ_0026973
hsa-miR-1303,hsa_circ_0080665
hsa-miR-181b-5p,hsa_circ_0073789
hsa-miR-181d-5p,hsa_circ_0073789
hsa-miR-1915-5p,hsa_circ_0048387
hsa-miR-3613-3p,hsa_circ_0089771
hsa-miR-3667-3p,hsa_circ_0029350
hsa-miR-373-3p,hsa_circ_0064330
hsa-miR-466,hsa_circ_0007033
hsa-miR-4722-5p,hsa_circ_0013869
hsa-miR-4739,hsa_circ_0058222
hsa-miR-4763-3p,hsa_circ_0052245
hsa-miR-4763-3p,hsa_circ_0081247
hsa-miR-4763-3p,hsa_circ_0081248
hsa-miR-4763-3p,hsa_circ_0081254
hsa-miR-6089,hsa_circ_0008323
hsa-miR-612,hsa_circ_0090386
hsa-miR-661,hsa_circ_0064191
hsa-miR-6722-3p,hsa_circ_0033537
hsa-miR-6722-3p,hsa_circ_0033539
hsa-miR-6722-3p,hsa_circ_0051279
hsa-miR-6722-3p,hsa_circ_0051285
hsa-miR-6756-5p,hsa_circ_0039128
hsa-miR-6797-5p,hsa_circ_0089512
hsa-miR-6886-3p,hsa_circ_0075259
hsa-miR-762,hsa_circ_0041666
hsa-miR-762,hsa_circ_0041667
hsa-miR-762,hsa_circ_0041668
hsa-miR-7851-3p,hsa_circ_0038898
hsa-miR-106a-5p,hsa_circ_0055327
hsa-miR-1273h-5p,hsa_circ_0044031
hsa-miR-1304-3p,hsa_circ_0004036
hsa-miR-1304-3p,hsa_circ_0044246
hsa-miR-1538,hsa_circ_0041852
hsa-miR-17-5p,hsa_circ_0055327
hsa-miR-20b-5p,hsa_circ_0026973
hsa-miR-3192-5p,hsa_circ_0039972
hsa-miR-328-5p,hsa_circ_0025103
hsa-miR-3662,hsa_circ_0003960
hsa-miR-3662,hsa_circ_0009085
hsa-miR-3960,hsa_circ_0038934
hsa-miR-4524a-3p,hsa_circ_0051585
hsa-miR-4685-5p,hsa_circ_0062028
hsa-miR-4739,hsa_circ_0018655
hsa-miR-4739,hsa_circ_0018656
hsa-miR-4739,hsa_circ_0018657
hsa-miR-5196-5p,hsa_circ_0038032
hsa-miR-548a-3p,hsa_circ_0056727
hsa-miR-612,hsa_circ_0035610
hsa-miR-619-5p,hsa_circ_0014195
hsa-miR-6756-5p,hsa_circ_0015199
hsa-miR-6756-5p,hsa_circ_0015204
hsa-miR-6756-5p,hsa_circ_0015212
hsa-miR-6756-5p,hsa_circ_0015213
hsa-miR-6756-5p,hsa_circ_0015214
hsa-miR-6756-5p,hsa_circ_0015216
hsa-miR-6756-5p,hsa_circ_0015217
hsa-miR-6756-5p,hsa_circ_0015218
hsa-miR-6756-5p,hsa_circ_0015221
hsa-miR-6756-5p,hsa_circ_0015222
hsa-miR-6756-5p,hsa_circ_0015223
hsa-miR-6756-5p,hsa_circ_0015226
hsa-miR-6756-5p,hsa_circ_0015227
hsa-miR-6756-5p,hsa_circ_0050799
hsa-miR-6756-5p,hsa_circ_0050815
hsa-miR-6803-5p,hsa_circ_0076614
hsa-miR-6836-5p,hsa_circ_0040228
hsa-miR-6836-5p,hsa_circ_0040229
hsa-miR-6836-5p,hsa_circ_0040230
hsa-miR-6836-5p,hsa_circ_0040232
hsa-miR-6846-5p,hsa_circ_0012044
hsa-miR-6846-5p,hsa_circ_0012046
hsa-miR-6858-5p,hsa_circ_0062512
hsa-miR-93-5p,hsa_circ_0050270
hsa-miR-93-5p,hsa_circ_0050271
hsa-miR-939-3p,hsa_circ_0026583
hsa-miR-939-3p,hsa_circ_0026585
hsa-miR-1207-5p,hsa_circ_0010703
hsa-miR-1285-3p,hsa_circ_0002379
hsa-miR-181d-5p,hsa_circ_0073796
hsa-miR-181d-5p,hsa_circ_0073797
hsa-miR-3613-3p,hsa_circ_0013749
hsa-miR-3929,hsa_circ_0087087
hsa-miR-3960,hsa_circ_0027720
hsa-miR-4726-5p,hsa_circ_0019924
hsa-miR-548i,hsa_circ_0011617
hsa-miR-6081,hsa_circ_0051315
hsa-miR-6081,hsa_circ_0051320
hsa-miR-6873-3p,hsa_circ_0091438
hsa-miR-6891-3p,hsa_circ_0042655
hsa-miR-6891-3p,hsa_circ_0050838
hsa-miR-7703,hsa_circ_0027022
hsa-miR-7851-3p,hsa_circ_0078934
hsa-miR-7851-3p,hsa_circ_0081596
hsa-miR-877-3p,hsa_circ_0090585
hsa-miR-877-3p,hsa_circ_0090586
hsa-miR-1234-3p,hsa_circ_0046240
hsa-miR-1236-3p,hsa_circ_0087657
hsa-miR-1277-5p,hsa_circ_0084515
hsa-miR-1304-3p,hsa_circ_0080677
hsa-miR-181d-5p,hsa_circ_0035142
hsa-miR-1909-3p,hsa_circ_0066071
hsa-miR-2277-5p,hsa_circ_0040310
hsa-miR-3620-5p,hsa_circ_0073943
hsa-miR-3620-5p,hsa_circ_0073944
hsa-miR-3620-5p,hsa_circ_0073949
hsa-miR-370-3p,hsa_circ_0014805
hsa-miR-373-3p,hsa_circ_0004454
hsa-miR-373-3p,hsa_circ_0005983
hsa-miR-4685-5p,hsa_circ_0049119
hsa-miR-4728-5p,hsa_circ_0055206
hsa-miR-4728-5p,hsa_circ_0055208
hsa-miR-4739,hsa_circ_0056160
hsa-miR-4763-3p,hsa_circ_0009234
hsa-miR-4763-3p,hsa_circ_0009235
hsa-miR-4763-3p,hsa_circ_0037391
hsa-miR-4787-5p,hsa_circ_0029483
hsa-miR-5088-5p,hsa_circ_0014211
hsa-miR-5193,hsa_circ_0080007
hsa-miR-5193,hsa_circ_0080009
hsa-miR-520f-3p,hsa_circ_0092348
hsa-miR-612,hsa_circ_0053568
hsa-miR-612,hsa_circ_0053579
hsa-miR-612,hsa_circ_0053591
hsa-miR-612,hsa_circ_0053604
hsa-miR-612,hsa_circ_0053605
hsa-miR-612,hsa_circ_0053612
hsa-miR-612,hsa_circ_0053617
hsa-miR-619-5p,hsa_circ_0069773
hsa-miR-6756-3p,hsa_circ_0016773
hsa-miR-6756-3p,hsa_circ_0016775
hsa-miR-6756-3p,hsa_circ_0016776
hsa-miR-6756-3p,hsa_circ_0016777
hsa-miR-6756-3p,hsa_circ_0016778
hsa-miR-6756-5p,hsa_circ_0033606
hsa-miR-6756-5p,hsa_circ_0033607
hsa-miR-6786-5p,hsa_circ_0044510
hsa-miR-6786-5p,hsa_circ_0044511
hsa-miR-6786-5p,hsa_circ_0044512
hsa-miR-6786-5p,hsa_circ_0044518
hsa-miR-6786-5p,hsa_circ_0044519
hsa-miR-6786-5p,hsa_circ_0044522
hsa-miR-6807-3p,hsa_circ_0081378
hsa-miR-6827-5p,hsa_circ_0010594
hsa-miR-6827-5p,hsa_circ_0010595
hsa-miR-6827-5p,hsa_circ_0010618
hsa-miR-6838-5p,hsa_circ_0090294
hsa-miR-6870-3p,hsa_circ_0051116
hsa-miR-6876-3p,hsa_circ_0023414
hsa-miR-7851-3p,hsa_circ_0078998
hsa-miR-7851-3p,hsa_circ_0078999
hsa-miR-8089,hsa_circ_0042730
hsa-miR-106a-5p,hsa_circ_0005983
hsa-miR-1236-3p,hsa_circ_0050831
hsa-miR-143-5p,hsa_circ_0009652
hsa-miR-1587,hsa_circ_0020316
hsa-miR-17-5p,hsa_circ_0005983
hsa-miR-20a-5p,hsa_circ_0005983
hsa-miR-20b-5p,hsa_circ_0005983
hsa-miR-3159,hsa_circ_0015946
hsa-miR-339-5p,hsa_circ_0049105
hsa-miR-339-5p,hsa_circ_0049106
hsa-miR-3613-3p,hsa_circ_0009652
hsa-miR-373-3p,hsa_circ_0077011
hsa-miR-4640-5p,hsa_circ_0039890
hsa-miR-4711-3p,hsa_circ_0072883
hsa-miR-4711-3p,hsa_circ_0072884
hsa-miR-4711-3p,hsa_circ_0072886
hsa-miR-4711-3p,hsa_circ_0072887
hsa-miR-4711-3p,hsa_circ_0072888
hsa-miR-4711-3p,hsa_circ_0072890
hsa-miR-4711-3p,hsa_circ_0072891
hsa-miR-4711-3p,hsa_circ_0072892
hsa-miR-4711-3p,hsa_circ_0072894
hsa-miR-4711-3p,hsa_circ_0072895
hsa-miR-4711-3p,hsa_circ_0072896
hsa-miR-4711-3p,hsa_circ_0072897
hsa-miR-4728-5p,hsa_circ_0008578
hsa-miR-4763-3p,hsa_circ_0011484
hsa-miR-519d-5p,hsa_circ_0073302
hsa-miR-548ab,hsa_circ_0011617
hsa-miR-612,hsa_circ_0086914
hsa-miR-612,hsa_circ_0086915
hsa-miR-612,hsa_circ_0086919
hsa-miR-612,hsa_circ_0086922
hsa-miR-612,hsa_circ_0086923
hsa-miR-612,hsa_circ_0086926
hsa-miR-6743-5p,hsa_circ_0049010
hsa-miR-6769b-3p,hsa_circ_0042204
hsa-miR-6803-5p,hsa_circ_0010089
hsa-miR-6803-5p,hsa_circ_0049171
hsa-miR-6810-3p,hsa_circ_0088171
hsa-miR-6810-3p,hsa_circ_0088172
hsa-miR-6836-5p,hsa_circ_0021006
hsa-miR-6836-5p,hsa_circ_0021016
hsa-miR-6836-5p,hsa_circ_0021017
hsa-miR-6836-5p,hsa_circ_0021019
hsa-miR-6836-5p,hsa_circ_0021020
hsa-miR-6836-5p,hsa_circ_0021023
hsa-miR-6836-5p,hsa_circ_0021024
hsa-miR-6836-5p,hsa_circ_0021028
hsa-miR-6836-5p,hsa_circ_0021029
hsa-miR-6836-5p,hsa_circ_0021032
hsa-miR-6837-5p,hsa_circ_0058374
hsa-miR-6881-3p,hsa_circ_0039780
hsa-miR-7110-3p,hsa_circ_0030189
hsa-miR-877-3p,hsa_circ_0060070
hsa-miR-877-3p,hsa_circ_0060071
hsa-miR-877-3p,hsa_circ_0060073
hsa-miR-877-3p,hsa_circ_0060075
hsa-miR-106a-5p,hsa_circ_0003384
hsa-miR-1249-5p,hsa_circ_0026668
hsa-miR-1277-5p,hsa_circ_0067844
hsa-miR-138-5p,hsa_circ_0039035
hsa-miR-17-5p,hsa_circ_0003384
hsa-miR-20a-5p,hsa_circ_0003384
hsa-miR-20b-5p,hsa_circ_0000062
hsa-miR-329-3p,hsa_circ_0048085
hsa-miR-329-3p,hsa_circ_0048086
hsa-miR-329-3p,hsa_circ_0048087
hsa-miR-329-3p,hsa_circ_0048088
hsa-miR-329-3p,hsa_circ_0048089
hsa-miR-329-5p,hsa_circ_0076826
hsa-miR-329-5p,hsa_circ_0076835
hsa-miR-3925-5p,hsa_circ_0066439
hsa-miR-4644,hsa_circ_0088609
hsa-miR-466,hsa_circ_0060987
hsa-miR-4685-5p,hsa_circ_0064377
hsa-miR-4691-5p,hsa_circ_0037513
hsa-miR-4691-5p,hsa_circ_0063923
hsa-miR-5047,hsa_circ_0026092
hsa-miR-5047,hsa_circ_0026093
hsa-miR-5047,hsa_circ_0026096
hsa-miR-5047,hsa_circ_0026097
hsa-miR-597-3p,hsa_circ_0034154
hsa-miR-6743-5p,hsa_circ_0037694
hsa-miR-6780a-5p,hsa_circ_0088567
hsa-miR-6787-3p,hsa_circ_0025023
hsa-miR-6791-5p,hsa_circ_0068940
hsa-miR-6832-3p,hsa_circ_0089785
hsa-miR-6839-3p,hsa_circ_0013869
hsa-miR-6839-3p,hsa_circ_0013874
hsa-miR-6860,hsa_circ_0081678
hsa-miR-6867-5p,hsa_circ_0004933
hsa-miR-6870-3p,hsa_circ_0013875
hsa-miR-6884-5p,hsa_circ_0075482
hsa-miR-6884-5p,hsa_circ_0075483
hsa-miR-7703,hsa_circ_0019789
hsa-miR-7703,hsa_circ_0019793
hsa-miR-7703,hsa_circ_0019795
hsa-miR-7703,hsa_circ_0019796
hsa-miR-93-5p,hsa_circ_0080666
hsa-miR-1249-5p,hsa_circ_0010420
hsa-miR-1285-5p,hsa_circ_0035119
hsa-miR-1972,hsa_circ_0042290
hsa-miR-3187-5p,hsa_circ_0026099
hsa-miR-3613-3p,hsa_circ_0060123
hsa-miR-3619-5p,hsa_circ_0040229
hsa-miR-373-3p,hsa_circ_0003384
hsa-miR-373-3p,hsa_circ_0055327
hsa-miR-4433a-3p,hsa_circ_0049104
hsa-miR-4433a-3p,hsa_circ_0049108
hsa-miR-4685-5p,hsa_circ_0053011
hsa-miR-4685-5p,hsa_circ_0092076
hsa-miR-4763-3p,hsa_circ_0045972
hsa-miR-5193,hsa_circ_0021822
hsa-miR-5193,hsa_circ_0021824
hsa-miR-5193,hsa_circ_0068968
hsa-miR-5193,hsa_circ_0068969
hsa-miR-5193,hsa_circ_0068987
hsa-miR-5193,hsa_circ_0068988
hsa-miR-548az-3p,hsa_circ_0056727
hsa-miR-548az-5p,hsa_circ_0052976
hsa-miR-548az-5p,hsa_circ_0052977
hsa-miR-597-5p,hsa_circ_0029350
hsa-miR-637,hsa_circ_0041664
hsa-miR-663b,hsa_circ_0051922
hsa-miR-665,hsa_circ_0008323
hsa-miR-665,hsa_circ_0039569
hsa-miR-671-5p,hsa_circ_0061080
hsa-miR-671-5p,hsa_circ_0061088
hsa-miR-6743-5p,hsa_circ_0010114
hsa-miR-6797-5p,hsa_circ_0010162
hsa-miR-6809-3p,hsa_circ_0030189
hsa-miR-6812-5p,hsa_circ_0058196
hsa-miR-6812-5p,hsa_circ_0058197
hsa-miR-6832-3p,hsa_circ_0082480
hsa-miR-762,hsa_circ_0081693
hsa-miR-766-5p,hsa_circ_0061420
hsa-miR-766-5p,hsa_circ_0061421
hsa-miR-766-5p,hsa_circ_0061422
hsa-miR-766-5p,hsa_circ_0061423
hsa-miR-766-5p,hsa_circ_0061425
hsa-miR-766-5p,hsa_circ_0061426
hsa-miR-766-5p,hsa_circ_0061427
hsa-miR-7703,hsa_circ_0002379
hsa-miR-8056,hsa_circ_0040333
hsa-miR-8056,hsa_circ_0040334
hsa-miR-8056,hsa_circ_0040335
hsa-miR-8056,hsa_circ_0040336
hsa-miR-8070,hsa_circ_0052115
hsa-miR-8485,hsa_circ_0001800
hsa-miR-877-3p,hsa_circ_0088156
hsa-miR-93-5p,hsa_circ_0041843
hsa-miR-942-5p,hsa_circ_0060070
hsa-miR-942-5p,hsa_circ_0060071
hsa-miR-942-5p,hsa_circ_0060073
hsa-miR-942-5p,hsa_circ_0060075
hsa-miR-1273h-5p,hsa_circ_0038317
hsa-miR-1273h-5p,hsa_circ_0038318
hsa-miR-1285-5p,hsa_circ_0062544
hsa-miR-3192-5p,hsa_circ_0055407
hsa-miR-328-5p,hsa_circ_0025091
hsa-miR-328-5p,hsa_circ_0025094
hsa-miR-328-5p,hsa_circ_0025095
hsa-miR-3929,hsa_circ_0049621
hsa-miR-4640-5p,hsa_circ_0022226
hsa-miR-4668-5p,hsa_circ_0068067
hsa-miR-4668-5p,hsa_circ_0068068
hsa-miR-4668-5p,hsa_circ_0080692
hsa-miR-4685-5p,hsa_circ_0062704
hsa-miR-4726-5p,hsa_circ_0057434
hsa-miR-4726-5p,hsa_circ_0057435
hsa-miR-4726-5p,hsa_circ_0057436
hsa-miR-4726-5p,hsa_circ_0057437
hsa-miR-4728-5p,hsa_circ_0038032
hsa-miR-4739,hsa_circ_0036323
hsa-miR-4739,hsa_circ_0036324
hsa-miR-4763-3p,hsa_circ_0065995
hsa-miR-4763-3p,hsa_circ_0075975
hsa-miR-5001-5p,hsa_circ_0073944
hsa-miR-5001-5p,hsa_circ_0073949
hsa-miR-5001-5p,hsa_circ_0073950
hsa-miR-5001-5p,hsa_circ_0073951
hsa-miR-5001-5p,hsa_circ_0073952
hsa-miR-5001-5p,hsa_circ_0073953
hsa-miR-5001-5p,hsa_circ_0073954
hsa-miR-5193,hsa_circ_0089654
hsa-miR-612,hsa_circ_0022834
hsa-miR-619-5p,hsa_circ_0076781
hsa-miR-661,hsa_circ_0089428
hsa-miR-661,hsa_circ_0089433
hsa-miR-665,hsa_circ_0009046
hsa-miR-6754-5p,hsa_circ_0074901
hsa-miR-6756-5p,hsa_circ_0080677
hsa-miR-6803-5p,hsa_circ_0059128
hsa-miR-6803-5p,hsa_circ_0059130
hsa-miR-6829-3p,hsa_circ_0029296
hsa-miR-6829-3p,hsa_circ_0029297
hsa-miR-6829-3p,hsa_circ_0029298
hsa-miR-6829-3p,hsa_circ_0029299
hsa-miR-6829-3p,hsa_circ_0029300
hsa-miR-6847-5p,hsa_circ_0091672
hsa-miR-6884-5p,hsa_circ_0080029
hsa-miR-93-5p,hsa_circ_0050102
hsa-miR-106a-5p,hsa_circ_0050102
hsa-miR-106b-5p,hsa_circ_0017040
hsa-miR-1236-3p,hsa_circ_0011584
hsa-miR-1236-3p,hsa_circ_0011586
hsa-miR-1268b,hsa_circ_0004454
hsa-miR-1303,hsa_circ_0073739
hsa-miR-1303,hsa_circ_0073742
hsa-miR-143-5p,hsa_circ_0075790
hsa-miR-17-5p,hsa_circ_0050102
hsa-miR-181a-5p,hsa_circ_0035149
hsa-miR-181a-5p,hsa_circ_0035152
hsa-miR-1972,hsa_circ_0038126
hsa-miR-20a-5p,hsa_circ_0050102
hsa-miR-20b-5p,hsa_circ_0050102
hsa-miR-328-5p,hsa_circ_0051309
hsa-miR-3613-3p,hsa_circ_0029218
hsa-miR-3613-3p,hsa_circ_0069401
hsa-miR-3620-5p,hsa_circ_0010549
hsa-miR-3620-5p,hsa_circ_0010553
hsa-miR-3620-5p,hsa_circ_0010582
hsa-miR-3620-5p,hsa_circ_0010603
hsa-miR-3620-5p,hsa_circ_0010604
hsa-miR-3620-5p,hsa_circ_0010605
hsa-miR-3620-5p,hsa_circ_0010623
hsa-miR-3620-5p,hsa_circ_0010644
hsa-miR-3620-5p,hsa_circ_0010645
hsa-miR-3620-5p,hsa_circ_0010646
hsa-miR-3620-5p,hsa_circ_0010657
hsa-miR-3620-5p,hsa_circ_0010670
hsa-miR-3620-5p,hsa_circ_0010671
hsa-miR-3620-5p,hsa_circ_0010677
hsa-miR-3667-3p,hsa_circ_0016773
hsa-miR-3667-3p,hsa_circ_0016775
hsa-miR-3667-3p,hsa_circ_0016776
hsa-miR-3667-3p,hsa_circ_0016777
hsa-miR-3667-3p,hsa_circ_0016778
hsa-miR-373-3p,hsa_circ_0026973
hsa-miR-378g,hsa_circ_0086858
hsa-miR-378g,hsa_circ_0086859
hsa-miR-378g,hsa_circ_0086860
hsa-miR-378g,hsa_circ_0086862
hsa-miR-3929,hsa_circ_0087427
hsa-miR-3929,hsa_circ_0087428
hsa-miR-3936,hsa_circ_0042235
hsa-miR-3936,hsa_circ_0042239
hsa-miR-4270,hsa_circ_0010541
hsa-miR-4270,hsa_circ_0010544
hsa-miR-4270,hsa_circ_0010548
hsa-miR-4270,hsa_circ_0010552
hsa-miR-4270,hsa_circ_0010555
hsa-miR-4270,hsa_circ_0010558
hsa-miR-4270,hsa_circ_0010559
hsa-miR-4644,hsa_circ_0003052
hsa-miR-4712-5p,hsa_circ_0049106
hsa-miR-4739,hsa_circ_0063474
hsa-miR-5193,hsa_circ_0041325
hsa-miR-5580-5p,hsa_circ_0049115
hsa-miR-5580-5p,hsa_circ_0049116
hsa-miR-5580-5p,hsa_circ_0049120
hsa-miR-5589-5p,hsa_circ_0010645
hsa-miR-5589-5p,hsa_circ_0010646
hsa-miR-5589-5p,hsa_circ_0010647
hsa-miR-5589-5p,hsa_circ_0010648
hsa-miR-5589-5p,hsa_circ_0010649
hsa-miR-5589-5p,hsa_circ_0010650
hsa-miR-5589-5p,hsa_circ_0010654
hsa-miR-5589-5p,hsa_circ_0010657
hsa-miR-5589-5p,hsa_circ_0010658
hsa-miR-5589-5p,hsa_circ_0010664
hsa-miR-5589-5p,hsa_circ_0010670
hsa-miR-5589-5p,hsa_circ_0010671
hsa-miR-5589-5p,hsa_circ_0010677
hsa-miR-5589-5p,hsa_circ_0010683
hsa-miR-5589-5p,hsa_circ_0010691
hsa-miR-5589-5p,hsa_circ_0010694
hsa-miR-5589-5p,hsa_circ_0010695
hsa-miR-5589-5p,hsa_circ_0010702
hsa-miR-5589-5p,hsa_circ_0010703
hsa-miR-5787,hsa_circ_0028231
hsa-miR-593-5p,hsa_circ_0051293
hsa-miR-593-5p,hsa_circ_0051297
hsa-miR-593-5p,hsa_circ_0051300
hsa-miR-593-5p,hsa_circ_0051301
hsa-miR-612,hsa_circ_0010617
hsa-miR-612,hsa_circ_0010630
hsa-miR-619-5p,hsa_circ_0004753
hsa-miR-671-5p,hsa_circ_0080006
hsa-miR-6752-5p,hsa_circ_0050795
hsa-miR-6752-5p,hsa_circ_0050798
hsa-miR-6756-5p,hsa_circ_0059132
hsa-miR-6756-5p,hsa_circ_0059324
hsa-miR-6787-5p,hsa_circ_0048520
hsa-miR-6791-5p,hsa_circ_0036129
hsa-miR-6807-3p,hsa_circ_0008323
hsa-miR-6827-5p,hsa_circ_0010675
hsa-miR-6827-5p,hsa_circ_0010681
hsa-miR-6827-5p,hsa_circ_0010688
hsa-miR-6860,hsa_circ_0090386
hsa-miR-6874-5p,hsa_circ_0052245
hsa-miR-6891-5p,hsa_circ_0018142
hsa-miR-6894-5p,hsa_circ_0049130
hsa-miR-877-3p,hsa_circ_0063075
hsa-miR-877-3p,hsa_circ_0063076
hsa-miR-877-3p,hsa_circ_0063077
hsa-miR-877-3p,hsa_circ_0063078
hsa-miR-877-3p,hsa_circ_0063079
hsa-miR-877-3p,hsa_circ_0063080
hsa-miR-877-3p,hsa_circ_0063081
hsa-miR-877-3p,hsa_circ_0063082
hsa-miR-877-3p,hsa_circ_0063083
hsa-miR-877-3p,hsa_circ_0063084
hsa-miR-877-3p,hsa_circ_0063086
hsa-miR-877-3p,hsa_circ_0063087
hsa-miR-877-3p,hsa_circ_0090741
hsa-miR-93-5p,hsa_circ_0005983
hsa-miR-942-5p,hsa_circ_0034998
hsa-miR-106a-5p,hsa_circ_0000062
hsa-miR-106a-5p,hsa_circ_0078873
hsa-miR-1207-5p,hsa_circ_0010682
hsa-miR-1207-5p,hsa_circ_0010683
hsa-miR-1207-5p,hsa_circ_0010685
hsa-miR-1207-5p,hsa_circ_0010689
hsa-miR-1207-5p,hsa_circ_0010694
hsa-miR-1207-5p,hsa_circ_0010695
hsa-miR-1207-5p,hsa_circ_0010697
hsa-miR-1207-5p,hsa_circ_0010698
hsa-miR-1207-5p,hsa_circ_0010699
hsa-miR-1207-5p,hsa_circ_0010700
hsa-miR-1273h-5p,hsa_circ_0018490
hsa-miR-1277-5p,hsa_circ_0067979
hsa-miR-1277-5p,hsa_circ_0067988
hsa-miR-1277-5p,hsa_circ_0068009
hsa-miR-1277-5p,hsa_circ_0073814
hsa-miR-1303,hsa_circ_0006177
hsa-miR-143-5p,hsa_circ_0005983
hsa-miR-17-5p,hsa_circ_0000062
hsa-miR-17-5p,hsa_circ_0078873
hsa-miR-20a-5p,hsa_circ_0000062
hsa-miR-3171,hsa_circ_0007950
hsa-miR-3187-5p,hsa_circ_0050799
hsa-miR-328-5p,hsa_circ_0049801
hsa-miR-3613-3p,hsa_circ_0007710
hsa-miR-3692-5p,hsa_circ_0011220
hsa-miR-3692-5p,hsa_circ_0011225
hsa-miR-3692-5p,hsa_circ_0011226
hsa-miR-3692-5p,hsa_circ_0011229
hsa-miR-3692-5p,hsa_circ_0011230
hsa-miR-3692-5p,hsa_circ_0011232
hsa-miR-3692-5p,hsa_circ_0011234
hsa-miR-373-3p,hsa_circ_0041843
hsa-miR-373-3p,hsa_circ_0064350
hsa-miR-4474-3p,hsa_circ_0038674
hsa-miR-4474-3p,hsa_circ_0038675
hsa-miR-4665-3p,hsa_circ_0049963
hsa-miR-4763-3p,hsa_circ_0033575
hsa-miR-4763-3p,hsa_circ_0033576
hsa-miR-5193,hsa_circ_0022605
hsa-miR-5196-5p,hsa_circ_0039608
hsa-miR-5196-5p,hsa_circ_0039609
hsa-miR-5196-5p,hsa_circ_0039610
hsa-miR-5196-5p,hsa_circ_0039611
hsa-miR-548aa,hsa_circ_0018409
hsa-miR-548b-5p,hsa_circ_0011617
hsa-miR-548t-3p,hsa_circ_0018409
hsa-miR-574-5p,hsa_circ_0005414
hsa-miR-608,hsa_circ_0026093
hsa-miR-608,hsa_circ_0026096
hsa-miR-608,hsa_circ_0026097
hsa-miR-612,hsa_circ_0009401
hsa-miR-615-5p,hsa_circ_0062037
hsa-miR-665,hsa_circ_0078202
hsa-miR-6721-5p,hsa_circ_0089549
hsa-miR-6734-3p,hsa_circ_0010090
hsa-miR-6760-5p,hsa_circ_0089788
hsa-miR-6760-5p,hsa_circ_0089789
hsa-miR-6786-5p,hsa_circ_0051929
hsa-miR-6791-5p,hsa_circ_0059128
hsa-miR-6794-5p,hsa_circ_0060172
hsa-miR-877-3p,hsa_circ_0046926
hsa-miR-877-3p,hsa_circ_0046928
hsa-miR-877-3p,hsa_circ_0046931
hsa-miR-877-3p,hsa_circ_0046932
hsa-miR-939-5p,hsa_circ_0046246
hsa-miR-1205,hsa_circ_0049111
hsa-miR-1205,hsa_circ_0049115
hsa-miR-1205,hsa_circ_0049116
hsa-miR-1273h-5p,hsa_circ_0011369
hsa-miR-1273h-5p,hsa_circ_0081673
hsa-miR-1277-5p,hsa_circ_0008279
hsa-miR-1292-3p,hsa_circ_0001668
hsa-miR-3175,hsa_circ_0005200
hsa-miR-3175,hsa_circ_0038912
hsa-miR-3187-5p,hsa_circ_0062410
hsa-miR-3190-5p,hsa_circ_0057955
hsa-miR-3192-5p,hsa_circ_0003384
hsa-miR-3662,hsa_circ_0042791
hsa-miR-3662,hsa_circ_0042792
hsa-miR-3662,hsa_circ_0042793
hsa-miR-3662,hsa_circ_0042794
hsa-miR-3662,hsa_circ_0042795
hsa-miR-3692-3p,hsa_circ_0058888
hsa-miR-3692-3p,hsa_circ_0058889
hsa-miR-3692-3p,hsa_circ_0058890
hsa-miR-4270,hsa_circ_0082877
hsa-miR-4640-5p,hsa_circ_0024590
hsa-miR-4640-5p,hsa_circ_0031137
hsa-miR-4640-5p,hsa_circ_0031138
hsa-miR-4640-5p,hsa_circ_0031140
hsa-miR-4685-5p,hsa_circ_0020669
hsa-miR-4739,hsa_circ_0038209
hsa-miR-4739,hsa_circ_0038898
hsa-miR-4763-3p,hsa_circ_0065363
hsa-miR-4787-5p,hsa_circ_0049837
hsa-miR-5684,hsa_circ_0049494
hsa-miR-593-5p,hsa_circ_0004886
hsa-miR-612,hsa_circ_0026098
hsa-miR-612,hsa_circ_0086865
hsa-miR-612,hsa_circ_0086884
hsa-miR-6722-3p,hsa_circ_0051922
hsa-miR-6726-5p,hsa_circ_0081503
hsa-miR-6726-5p,hsa_circ_0081504
hsa-miR-6732-3p,hsa_circ_0000939
hsa-miR-6735-5p,hsa_circ_0026925
hsa-miR-6735-5p,hsa_circ_0026926
hsa-miR-6735-5p,hsa_circ_0026927
hsa-miR-6735-5p,hsa_circ_0026928
hsa-miR-6735-5p,hsa_circ_0026929
hsa-miR-6735-5p,hsa_circ_0051922
hsa-miR-6739-3p,hsa_circ_0082980
hsa-miR-6743-5p,hsa_circ_0082881
hsa-miR-6756-5p,hsa_circ_0075041
hsa-miR-6778-5p,hsa_circ_0059143
hsa-miR-6782-5p,hsa_circ_0088723
hsa-miR-6782-5p,hsa_circ_0088724
hsa-miR-6782-5p,hsa_circ_0088725
hsa-miR-6812-5p,hsa_circ_0039109
hsa-miR-6812-5p,hsa_circ_0041890
hsa-miR-6812-5p,hsa_circ_0041891
hsa-miR-6844,hsa_circ_0056729
hsa-miR-6873-3p,hsa_circ_0087788
hsa-miR-6878-3p,hsa_circ_0063082
hsa-miR-6878-3p,hsa_circ_0063083
hsa-miR-6878-3p,hsa_circ_0063084
hsa-miR-1249-3p,hsa_circ_0089453
hsa-miR-1249-3p,hsa_circ_0089456
hsa-miR-1249-3p,hsa_circ_0089457
hsa-miR-1268b,hsa_circ_0059143
hsa-miR-1273h-5p,hsa_circ_0076600
hsa-miR-1277-5p,hsa_circ_0052935
hsa-miR-23a-5p,hsa_circ_0091306
hsa-miR-328-5p,hsa_circ_0014031
hsa-miR-3613-3p,hsa_circ_0068269
hsa-miR-3620-5p,hsa_circ_0042657
hsa-miR-3620-5p,hsa_circ_0042658
hsa-miR-3620-5p,hsa_circ_0042662
hsa-miR-3620-5p,hsa_circ_0042663
hsa-miR-3620-5p,hsa_circ_0042674
hsa-miR-3620-5p,hsa_circ_0042680
hsa-miR-3667-3p,hsa_circ_0037914
hsa-miR-4685-5p,hsa_circ_0026585
hsa-miR-4726-5p,hsa_circ_0057439
hsa-miR-4763-3p,hsa_circ_0086981
hsa-miR-4763-3p,hsa_circ_0086982
hsa-miR-4778-3p,hsa_circ_0084231
hsa-miR-5006-5p,hsa_circ_0010541
hsa-miR-5006-5p,hsa_circ_0010542
hsa-miR-593-5p,hsa_circ_0051308
hsa-miR-593-5p,hsa_circ_0051309
hsa-miR-612,hsa_circ_0090560
hsa-miR-665,hsa_circ_0006940
hsa-miR-6721-5p,hsa_circ_0063365
hsa-miR-6754-5p,hsa_circ_0010640
hsa-miR-6754-5p,hsa_circ_0010653
hsa-miR-6754-5p,hsa_circ_0010676
hsa-miR-6754-5p,hsa_circ_0010685
hsa-miR-6754-5p,hsa_circ_0010697
hsa-miR-6812-5p,hsa_circ_0026092
hsa-miR-6836-5p,hsa_circ_0049825
hsa-miR-6848-5p,hsa_circ_0045804
hsa-miR-6881-3p,hsa_circ_0028531
hsa-miR-762,hsa_circ_0049104
hsa-miR-762,hsa_circ_0049108
hsa-miR-762,hsa_circ_0088612
hsa-miR-1301-3p,hsa_circ_0064817
hsa-miR-1304-3p,hsa_circ_0060123
hsa-miR-143-5p,hsa_circ_0004454
hsa-miR-3135b,hsa_circ_0039780
hsa-miR-3613-3p,hsa_circ_0037987
hsa-miR-3662,hsa_circ_0087132
hsa-miR-4452,hsa_circ_0064330
hsa-miR-4524a-3p,hsa_circ_0080677
hsa-miR-4685-5p,hsa_circ_0016130
hsa-miR-4685-5p,hsa_circ_0026092
hsa-miR-4685-5p,hsa_circ_0026093
hsa-miR-4685-5p,hsa_circ_0026096
hsa-miR-4685-5p,hsa_circ_0026097
hsa-miR-4763-3p,hsa_circ_0081517
hsa-miR-5088-3p,hsa_circ_0065420
hsa-miR-6089,hsa_circ_0030855
hsa-miR-6089,hsa_circ_0030856
hsa-miR-6089,hsa_circ_0030857
hsa-miR-6089,hsa_circ_0030864
hsa-miR-6089,hsa_circ_0030869
hsa-miR-6089,hsa_circ_0059143
hsa-miR-637,hsa_circ_0089529
hsa-miR-637,hsa_circ_0089530
hsa-miR-6734-3p,hsa_circ_0050767
hsa-miR-6734-3p,hsa_circ_0058196
hsa-miR-6734-3p,hsa_circ_0058197
hsa-miR-6741-5p,hsa_circ_0049128
hsa-miR-6756-5p,hsa_circ_0013662
hsa-miR-6756-5p,hsa_circ_0016730
hsa-miR-6803-5p,hsa_circ_0039069
hsa-miR-6803-5p,hsa_circ_0039070
hsa-miR-6807-3p,hsa_circ_0019795
hsa-miR-6807-3p,hsa_circ_0019796
hsa-miR-6807-3p,hsa_circ_0063516
hsa-miR-6807-3p,hsa_circ_0080029
hsa-miR-6884-5p,hsa_circ_0075477
hsa-miR-762,hsa_circ_0049120
hsa-miR-762,hsa_circ_0049125
hsa-miR-7851-3p,hsa_circ_0006648
hsa-miR-8089,hsa_circ_0041666
hsa-miR-877-3p,hsa_circ_0031279
hsa-miR-877-3p,hsa_circ_0084899
hsa-miR-877-3p,hsa_circ_0084900
hsa-miR-877-3p,hsa_circ_0084901
hsa-miR-877-3p,hsa_circ_0084903
hsa-miR-877-3p,hsa_circ_0084906
hsa-miR-877-3p,hsa_circ_0084909
hsa-miR-877-3p,hsa_circ_0084910
hsa-miR-877-3p,hsa_circ_0084911
hsa-miR-877-3p,hsa_circ_0084912
hsa-miR-877-3p,hsa_circ_0084913
hsa-miR-877-3p,hsa_circ_0084914
hsa-miR-877-3p,hsa_circ_0084915
hsa-miR-877-3p,hsa_circ_0084916
hsa-miR-877-3p,hsa_circ_0084917
hsa-miR-877-3p,hsa_circ_0084918
hsa-miR-877-3p,hsa_circ_0084919
hsa-miR-106b-5p,hsa_circ_0000062
hsa-miR-106b-5p,hsa_circ_0037111
hsa-miR-1273h-5p,hsa_circ_0061235
hsa-miR-1273h-5p,hsa_circ_0061244
hsa-miR-1304-3p,hsa_circ_0076600
hsa-miR-143-5p,hsa_circ_0017040
hsa-miR-143-5p,hsa_circ_0073819
hsa-miR-143-5p,hsa_circ_0073820
hsa-miR-143-5p,hsa_circ_0073821
hsa-miR-143-5p,hsa_circ_0073822
hsa-miR-149-3p,hsa_circ_0039097
hsa-miR-20b-5p,hsa_circ_0003384
hsa-miR-3613-3p,hsa_circ_0044091
hsa-miR-3613-3p,hsa_circ_0044092
hsa-miR-3613-3p,hsa_circ_0044093
hsa-miR-3613-3p,hsa_circ_0044094
hsa-miR-373-3p,hsa_circ_0015946
hsa-miR-3916,hsa_circ_0018655
hsa-miR-3916,hsa_circ_0018656
hsa-miR-3916,hsa_circ_0018657
hsa-miR-4467,hsa_circ_0079928
hsa-miR-4524a-3p,hsa_circ_0025023
hsa-miR-4640-5p,hsa_circ_0081678
hsa-miR-4667-5p,hsa_circ_0055601
hsa-miR-4691-5p,hsa_circ_0034771
hsa-miR-4728-5p,hsa_circ_0078794
hsa-miR-4728-5p,hsa_circ_0078812
hsa-miR-4728-5p,hsa_circ_0078968
hsa-miR-4763-3p,hsa_circ_0013776
hsa-miR-4786-3p,hsa_circ_0011484
hsa-miR-5001-3p,hsa_circ_0042205
hsa-miR-5189-5p,hsa_circ_0041999
hsa-miR-5189-5p,hsa_circ_0042001
hsa-miR-5189-5p,hsa_circ_0042003
hsa-miR-5193,hsa_circ_0051755
hsa-miR-615-5p,hsa_circ_0089424
hsa-miR-615-5p,hsa_circ_0089425
hsa-miR-615-5p,hsa_circ_0089426
hsa-miR-615-5p,hsa_circ_0089438
hsa-miR-615-5p,hsa_circ_0089439
hsa-miR-615-5p,hsa_circ_0089444
hsa-miR-665,hsa_circ_0039097
hsa-miR-6741-5p,hsa_circ_0045680
hsa-miR-6741-5p,hsa_circ_0045681
hsa-miR-6741-5p,hsa_circ_0045682
hsa-miR-6756-5p,hsa_circ_0037652
hsa-miR-6756-5p,hsa_circ_0091809
hsa-miR-6860,hsa_circ_0090560
hsa-miR-6873-3p,hsa_circ_0008352
hsa-miR-7161-3p,hsa_circ_0082980
hsa-miR-877-3p,hsa_circ_0031207
hsa-miR-920,hsa_circ_0052194
hsa-miR-3132,hsa_circ_0026670
hsa-miR-3132,hsa_circ_0026671
hsa-miR-3132,hsa_circ_0026672
hsa-miR-3159,hsa_circ_0038126
hsa-miR-3613-3p,hsa_circ_0050318
hsa-miR-3613-3p,hsa_circ_0065511
hsa-miR-3692-5p,hsa_circ_0037571
hsa-miR-3692-5p,hsa_circ_0037573
hsa-miR-378c,hsa_circ_0087885
hsa-miR-4430,hsa_circ_0050102
hsa-miR-4433a-3p,hsa_circ_0049125
hsa-miR-4433a-3p,hsa_circ_0049128
hsa-miR-4632-5p,hsa_circ_0037434
hsa-miR-4632-5p,hsa_circ_0037436
hsa-miR-4632-5p,hsa_circ_0037437
hsa-miR-4646-5p,hsa_circ_0018655
hsa-miR-4646-5p,hsa_circ_0018656
hsa-miR-4646-5p,hsa_circ_0018657
hsa-miR-4685-5p,hsa_circ_0026538
hsa-miR-4685-5p,hsa_circ_0026544
hsa-miR-4685-5p,hsa_circ_0026545
hsa-miR-4725-5p,hsa_circ_0049125
hsa-miR-4739,hsa_circ_0024486
hsa-miR-4753-3p,hsa_circ_0032979
hsa-miR-4753-3p,hsa_circ_0032981
hsa-miR-4758-3p,hsa_circ_0085812
hsa-miR-4763-3p,hsa_circ_0015199
hsa-miR-4763-3p,hsa_circ_0015204
hsa-miR-4763-3p,hsa_circ_0015213
hsa-miR-4763-3p,hsa_circ_0015214
hsa-miR-4763-3p,hsa_circ_0015218
hsa-miR-4763-3p,hsa_circ_0015223
hsa-miR-4763-3p,hsa_circ_0015227
hsa-miR-5001-5p,hsa_circ_0037434
hsa-miR-5001-5p,hsa_circ_0037436
hsa-miR-5001-5p,hsa_circ_0037437
hsa-miR-504-3p,hsa_circ_0004454
hsa-miR-5684,hsa_circ_0037987
hsa-miR-5684,hsa_circ_0056703
hsa-miR-6081,hsa_circ_0051293
hsa-miR-6081,hsa_circ_0051297
hsa-miR-6081,hsa_circ_0051300
hsa-miR-6081,hsa_circ_0051301
hsa-miR-608,hsa_circ_0039099
hsa-miR-608,hsa_circ_0039105
hsa-miR-671-5p,hsa_circ_0091300
hsa-miR-671-5p,hsa_circ_0091302
hsa-miR-6735-5p,hsa_circ_0062547
hsa-miR-6780a-5p,hsa_circ_0008352
hsa-miR-6791-5p,hsa_circ_0089373
hsa-miR-6805-3p,hsa_circ_0023414
hsa-miR-6812-5p,hsa_circ_0065481
hsa-miR-6818-3p,hsa_circ_0042205
hsa-miR-6880-5p,hsa_circ_0026926
hsa-miR-6880-5p,hsa_circ_0026927
hsa-miR-6880-5p,hsa_circ_0074307
hsa-miR-6880-5p,hsa_circ_0074308
hsa-miR-6880-5p,hsa_circ_0074309
hsa-miR-6880-5p,hsa_circ_0074310
hsa-miR-6880-5p,hsa_circ_0074311
hsa-miR-6880-5p,hsa_circ_0074312
hsa-miR-6880-5p,hsa_circ_0074314
hsa-miR-6880-5p,hsa_circ_0074315
hsa-miR-6880-5p,hsa_circ_0074316
hsa-miR-6880-5p,hsa_circ_0074317
hsa-miR-6880-5p,hsa_circ_0074318
hsa-miR-6880-5p,hsa_circ_0074319
hsa-miR-6880-5p,hsa_circ_0074320
hsa-miR-6884-5p,hsa_circ_0006983
hsa-miR-762,hsa_circ_0036260
hsa-miR-762,hsa_circ_0091854
hsa-miR-762,hsa_circ_0091855
hsa-miR-762,hsa_circ_0091856
hsa-miR-762,hsa_circ_0091857
hsa-miR-762,hsa_circ_0091858
hsa-miR-762,hsa_circ_0091866
hsa-miR-762,hsa_circ_0091867
hsa-miR-762,hsa_circ_0091870
hsa-miR-7703,hsa_circ_0000246
hsa-miR-7703,hsa_circ_0041843
hsa-miR-7703,hsa_circ_0065388
hsa-miR-877-3p,hsa_circ_0049366
hsa-miR-891a-3p,hsa_circ_0070741
hsa-miR-93-5p,hsa_circ_0037111
hsa-miR-106a-5p,hsa_circ_0037111
hsa-miR-1285-3p,hsa_circ_0076614
hsa-miR-1470,hsa_circ_0007600
hsa-miR-1538,hsa_circ_0016773
hsa-miR-1538,hsa_circ_0016775
hsa-miR-1538,hsa_circ_0016776
hsa-miR-1538,hsa_circ_0016777
hsa-miR-17-5p,hsa_circ_0037111
hsa-miR-1913,hsa_circ_0010681
hsa-miR-1913,hsa_circ_0010697
hsa-miR-20a-5p,hsa_circ_0037111
hsa-miR-20b-5p,hsa_circ_0037111
hsa-miR-3189-3p,hsa_circ_0030864
hsa-miR-3189-3p,hsa_circ_0030869
hsa-miR-3613-3p,hsa_circ_0000939
hsa-miR-3620-5p,hsa_circ_0086853
hsa-miR-3620-5p,hsa_circ_0086854
hsa-miR-3620-5p,hsa_circ_0086855
hsa-miR-3620-5p,hsa_circ_0086856
hsa-miR-3620-5p,hsa_circ_0086857
hsa-miR-367-5p,hsa_circ_0013869
hsa-miR-367-5p,hsa_circ_0013874
hsa-miR-373-3p,hsa_circ_0055902
hsa-miR-3929,hsa_circ_0020596
hsa-miR-3972,hsa_circ_0026583
hsa-miR-4726-5p,hsa_circ_0024590
hsa-miR-4726-5p,hsa_circ_0024591
hsa-miR-4763-3p,hsa_circ_0029881
hsa-miR-4763-3p,hsa_circ_0029882
hsa-miR-4763-3p,hsa_circ_0029883
hsa-miR-4763-3p,hsa_circ_0064015
hsa-miR-4775,hsa_circ_0045221
hsa-miR-5088-3p,hsa_circ_0018628
hsa-miR-5088-3p,hsa_circ_0018629
hsa-miR-5193,hsa_circ_0064817
hsa-miR-548am-5p,hsa_circ_0011617
hsa-miR-548as-5p,hsa_circ_0011617
hsa-miR-548c-5p,hsa_circ_0011617
hsa-miR-548o-5p,hsa_circ_0011617
hsa-miR-587,hsa_circ_0013869
hsa-miR-6089,hsa_circ_0078483
hsa-miR-612,hsa_circ_0010667
hsa-miR-634,hsa_circ_0020316
hsa-miR-661,hsa_circ_0091771
hsa-miR-6722-3p,hsa_circ_0062410
hsa-miR-6753-5p,hsa_circ_0044554
hsa-miR-6769b-5p,hsa_circ_0020316
hsa-miR-6785-5p,hsa_circ_0042730
hsa-miR-6797-5p,hsa_circ_0088612
hsa-miR-6813-5p,hsa_circ_0063446
hsa-miR-6827-5p,hsa_circ_0010547
hsa-miR-6848-5p,hsa_circ_0012044
hsa-miR-6848-5p,hsa_circ_0012046
hsa-miR-6867-5p,hsa_circ_0055230
hsa-miR-6867-5p,hsa_circ_0055233
hsa-miR-6867-5p,hsa_circ_0055235
hsa-miR-6867-5p,hsa_circ_0055236
hsa-miR-6867-5p,hsa_circ_0055237
hsa-miR-6867-5p,hsa_circ_0055239
hsa-miR-6881-3p,hsa_circ_0090706
hsa-miR-6881-3p,hsa_circ_0090715
hsa-miR-6881-3p,hsa_circ_0090716
hsa-miR-6881-3p,hsa_circ_0090717
hsa-miR-6881-3p,hsa_circ_0090719
hsa-miR-6881-3p,hsa_circ_0090724
hsa-miR-6881-3p,hsa_circ_0090725
hsa-miR-6881-3p,hsa_circ_0090741
hsa-miR-7107-3p,hsa_circ_0083104
hsa-miR-7703,hsa_circ_0038898
hsa-miR-8075,hsa_circ_0010574
hsa-miR-8075,hsa_circ_0010583
hsa-miR-8075,hsa_circ_0010605
hsa-miR-8075,hsa_circ_0010606
hsa-miR-8075,hsa_circ_0010607
hsa-miR-8075,hsa_circ_0010608
hsa-miR-8075,hsa_circ_0010609
hsa-miR-8075,hsa_circ_0010610
hsa-miR-939-5p,hsa_circ_0026092
hsa-miR-939-5p,hsa_circ_0026093
hsa-miR-939-5p,hsa_circ_0026096
hsa-miR-939-5p,hsa_circ_0026097
hsa-miR-1260a,hsa_circ_0081673
hsa-miR-1273h-5p,hsa_circ_0050779
hsa-miR-1273h-5p,hsa_circ_0055696
hsa-miR-1273h-5p,hsa_circ_0084661
hsa-miR-1273h-5p,hsa_circ_0084662
hsa-miR-1301-3p,hsa_circ_0065110
hsa-miR-143-5p,hsa_circ_0041843
hsa-miR-149-3p,hsa_circ_0022944
hsa-miR-149-3p,hsa_circ_0022949
hsa-miR-149-3p,hsa_circ_0022951
hsa-miR-149-3p,hsa_circ_0022952
hsa-miR-149-3p,hsa_circ_0022958
hsa-miR-3147,hsa_circ_0015199
hsa-miR-3147,hsa_circ_0015204
hsa-miR-3147,hsa_circ_0015212
hsa-miR-3147,hsa_circ_0015213
hsa-miR-3147,hsa_circ_0015214
hsa-miR-3159,hsa_circ_0080666
hsa-miR-3185,hsa_circ_0075975
hsa-miR-3185,hsa_circ_0075987
hsa-miR-3185,hsa_circ_0076010
hsa-miR-3185,hsa_circ_0076016
hsa-miR-3189-5p,hsa_circ_0049109
hsa-miR-3189-5p,hsa_circ_0049110
hsa-miR-3189-5p,hsa_circ_0049112
hsa-miR-3189-5p,hsa_circ_0049113
hsa-miR-328-5p,hsa_circ_0050637
hsa-miR-3613-3p,hsa_circ_0068783
hsa-miR-3620-5p,hsa_circ_0061080
hsa-miR-3620-5p,hsa_circ_0061088
hsa-miR-367-3p,hsa_circ_0038027
hsa-miR-3929,hsa_circ_0028998
hsa-miR-3929,hsa_circ_0029003
hsa-miR-3929,hsa_circ_0029011
hsa-miR-3929,hsa_circ_0029013
hsa-miR-3929,hsa_circ_0029014
hsa-miR-3929,hsa_circ_0029015
hsa-miR-4452,hsa_circ_0048499
hsa-miR-4476,hsa_circ_0006298
hsa-miR-4640-5p,hsa_circ_0081101
hsa-miR-4640-5p,hsa_circ_0081105
hsa-miR-4668-5p,hsa_circ_0029891
hsa-miR-4685-5p,hsa_circ_0021017
hsa-miR-4685-5p,hsa_circ_0021019
hsa-miR-4685-5p,hsa_circ_0021029
hsa-miR-4685-5p,hsa_circ_0021032
hsa-miR-4686,hsa_circ_0083071
hsa-miR-4686,hsa_circ_0083074
hsa-miR-4686,hsa_circ_0083075
hsa-miR-4703-5p,hsa_circ_0004314
hsa-miR-4728-5p,hsa_circ_0026670
hsa-miR-4728-5p,hsa_circ_0026671
hsa-miR-4728-5p,hsa_circ_0026672
hsa-miR-4728-5p,hsa_circ_0059136
hsa-miR-4739,hsa_circ_0031207
hsa-miR-4739,hsa_circ_0037199
hsa-miR-4751,hsa_circ_0057400
hsa-miR-4763-3p,hsa_circ_0041089
hsa-miR-4763-3p,hsa_circ_0041099
hsa-miR-4763-3p,hsa_circ_0041116
hsa-miR-4775,hsa_circ_0091456
hsa-miR-5001-5p,hsa_circ_0051281
hsa-miR-5001-5p,hsa_circ_0051283
hsa-miR-5189-5p,hsa_circ_0026092
hsa-miR-5189-5p,hsa_circ_0026097
hsa-miR-5193,hsa_circ_0034998
hsa-miR-5193,hsa_circ_0063099
hsa-miR-5193,hsa_circ_0063100
hsa-miR-5193,hsa_circ_0063101
hsa-miR-5193,hsa_circ_0063102
hsa-miR-5193,hsa_circ_0063103
hsa-miR-5193,hsa_circ_0063105
hsa-miR-5193,hsa_circ_0063106
hsa-miR-5193,hsa_circ_0063107
hsa-miR-5193,hsa_circ_0063108
hsa-miR-5193,hsa_circ_0063109
hsa-miR-5193,hsa_circ_0063110
hsa-miR-548d-5p,hsa_circ_0011617
hsa-miR-6085,hsa_circ_0058199
hsa-miR-665,hsa_circ_0089789
hsa-miR-6722-3p,hsa_circ_0066036
hsa-miR-6756-5p,hsa_circ_0037543
hsa-miR-6756-5p,hsa_circ_0075121
hsa-miR-6780a-5p,hsa_circ_0085541
hsa-miR-6783-3p,hsa_circ_0060079
hsa-miR-6785-5p,hsa_circ_0006648
hsa-miR-6797-5p,hsa_circ_0063778
hsa-miR-6836-3p,hsa_circ_0052003
hsa-miR-6877-3p,hsa_circ_0034773
hsa-miR-6881-3p,hsa_circ_0051929
hsa-miR-6891-3p,hsa_circ_0039087
hsa-miR-6894-5p,hsa_circ_0005558
hsa-miR-762,hsa_circ_0042657
hsa-miR-762,hsa_circ_0042658
hsa-miR-762,hsa_circ_0042662
hsa-miR-762,hsa_circ_0042663
hsa-miR-762,hsa_circ_0042674
hsa-miR-762,hsa_circ_0042680
hsa-miR-762,hsa_circ_0067139
hsa-miR-765,hsa_circ_0039097
hsa-miR-766-3p,hsa_circ_0040861
hsa-miR-766-3p,hsa_circ_0040863
hsa-miR-766-3p,hsa_circ_0040867
hsa-miR-766-3p,hsa_circ_0040875
hsa-miR-766-5p,hsa_circ_0090652
hsa-miR-7703,hsa_circ_0017040
hsa-miR-7703,hsa_circ_0028998
hsa-miR-7703,hsa_circ_0029003
hsa-miR-7703,hsa_circ_0029011
hsa-miR-7703,hsa_circ_0029013
hsa-miR-7703,hsa_circ_0029014
hsa-miR-7703,hsa_circ_0029015
hsa-miR-8089,hsa_circ_0050085
hsa-miR-8089,hsa_circ_0050086
hsa-miR-877-3p,hsa_circ_0052201
hsa-miR-877-3p,hsa_circ_0052202
hsa-miR-877-3p,hsa_circ_0052203
hsa-miR-877-3p,hsa_circ_0052204
hsa-miR-877-3p,hsa_circ_0052205
hsa-miR-877-3p,hsa_circ_0058671
hsa-miR-885-3p,hsa_circ_0082878
hsa-miR-885-3p,hsa_circ_0082879
hsa-miR-942-5p,hsa_circ_0076826
hsa-miR-942-5p,hsa_circ_0076835
hsa-miR-1184,hsa_circ_0081252
hsa-miR-1205,hsa_circ_0086865
hsa-miR-1205,hsa_circ_0086866
hsa-miR-1207-5p,hsa_circ_0041852
hsa-miR-1249-5p,hsa_circ_0031207
hsa-miR-1273h-5p,hsa_circ_0011819
hsa-miR-1273h-5p,hsa_circ_0078808
hsa-miR-1304-5p,hsa_circ_0080692
hsa-miR-20a-5p,hsa_circ_0023580
hsa-miR-20a-5p,hsa_circ_0023581
hsa-miR-20b-5p,hsa_circ_0023580
hsa-miR-20b-5p,hsa_circ_0023581
hsa-miR-2113,hsa_circ_0020490
hsa-miR-3064-5p,hsa_circ_0089467
hsa-miR-3064-5p,hsa_circ_0089468
hsa-miR-3135b,hsa_circ_0080702
hsa-miR-3135b,hsa_circ_0080703
hsa-miR-3158-3p,hsa_circ_0079395
hsa-miR-4656,hsa_circ_0061235
hsa-miR-4656,hsa_circ_0061244
hsa-miR-4665-3p,hsa_circ_0048450
hsa-miR-4685-5p,hsa_circ_0038871
hsa-miR-4685-5p,hsa_circ_0060070
hsa-miR-4685-5p,hsa_circ_0060071
hsa-miR-4722-5p,hsa_circ_0063778
hsa-miR-4725-5p,hsa_circ_0049099
hsa-miR-4726-5p,hsa_circ_0091300
hsa-miR-4733-3p,hsa_circ_0037453
hsa-miR-4733-3p,hsa_circ_0037455
hsa-miR-4772-3p,hsa_circ_0027022
hsa-miR-4775,hsa_circ_0071546
hsa-miR-5001-5p,hsa_circ_0037854
hsa-miR-5011-5p,hsa_circ_0002777
hsa-miR-501-5p,hsa_circ_0055727
hsa-miR-513a-3p,hsa_circ_0043315
hsa-miR-513c-3p,hsa_circ_0043315
hsa-miR-5189-5p,hsa_circ_0010617
hsa-miR-593-5p,hsa_circ_0081058
hsa-miR-593-5p,hsa_circ_0081059
hsa-miR-593-5p,hsa_circ_0081060
hsa-miR-593-5p,hsa_circ_0081061
hsa-miR-593-5p,hsa_circ_0081064
hsa-miR-593-5p,hsa_circ_0081073
hsa-miR-593-5p,hsa_circ_0081079
hsa-miR-593-5p,hsa_circ_0081083
hsa-miR-593-5p,hsa_circ_0081084
hsa-miR-593-5p,hsa_circ_0081093
hsa-miR-593-5p,hsa_circ_0081094
hsa-miR-593-5p,hsa_circ_0081098
hsa-miR-593-5p,hsa_circ_0081099
hsa-miR-593-5p,hsa_circ_0081100
hsa-miR-593-5p,hsa_circ_0081101
hsa-miR-593-5p,hsa_circ_0081105
hsa-miR-593-5p,hsa_circ_0081110
hsa-miR-593-5p,hsa_circ_0081111
hsa-miR-608,hsa_circ_0026089
hsa-miR-612,hsa_circ_0063387
hsa-miR-6134,hsa_circ_0078998
hsa-miR-6134,hsa_circ_0078999
hsa-miR-631,hsa_circ_0082878
hsa-miR-631,hsa_circ_0082879
hsa-miR-663a,hsa_circ_0009661
hsa-miR-663b,hsa_circ_0019891
hsa-miR-663b,hsa_circ_0019892
hsa-miR-663b,hsa_circ_0019893
hsa-miR-663b,hsa_circ_0019911
hsa-miR-6724-5p,hsa_circ_0092076
hsa-miR-6747-3p,hsa_circ_0010114
hsa-miR-6752-5p,hsa_circ_0000731
hsa-miR-6754-5p,hsa_circ_0010598
hsa-miR-6754-5p,hsa_circ_0010621
hsa-miR-6754-5p,hsa_circ_0041852
hsa-miR-6772-5p,hsa_circ_0041890
hsa-miR-6772-5p,hsa_circ_0041891
hsa-miR-6794-5p,hsa_circ_0044524
hsa-miR-6794-5p,hsa_circ_0044529
hsa-miR-6794-5p,hsa_circ_0044535
hsa-miR-6794-5p,hsa_circ_0044536
hsa-miR-6813-5p,hsa_circ_0048698
hsa-miR-6813-5p,hsa_circ_0048709
hsa-miR-6836-5p,hsa_circ_0022728
hsa-miR-6879-3p,hsa_circ_0051048
hsa-miR-6882-3p,hsa_circ_0065481
hsa-miR-7110-5p,hsa_circ_0081678
hsa-miR-7111-3p,hsa_circ_0049716
hsa-miR-7113-5p,hsa_circ_0091310
hsa-miR-7843-3p,hsa_circ_0059522
hsa-miR-7843-3p,hsa_circ_0059523
hsa-miR-7843-3p,hsa_circ_0059524
hsa-miR-7843-3p,hsa_circ_0059525
hsa-miR-877-3p,hsa_circ_0090662
hsa-miR-877-3p,hsa_circ_0090678
hsa-miR-877-3p,hsa_circ_0090679
hsa-miR-1249-5p,hsa_circ_0087436
hsa-miR-1272,hsa_circ_0015762
hsa-miR-1285-5p,hsa_circ_0038605
hsa-miR-185-3p,hsa_circ_0016716
hsa-miR-1913,hsa_circ_0051649
hsa-miR-1913,hsa_circ_0059350
hsa-miR-1913,hsa_circ_0059351
hsa-miR-193b-5p,hsa_circ_0050085
hsa-miR-193b-5p,hsa_circ_0050086
hsa-miR-193b-5p,hsa_circ_0050087
hsa-miR-23a-5p,hsa_circ_0091310
hsa-miR-29b-1-5p,hsa_circ_0030465
hsa-miR-29b-1-5p,hsa_circ_0030474
hsa-miR-30b-3p,hsa_circ_0000388
hsa-miR-3158-3p,hsa_circ_0048499
hsa-miR-3187-5p,hsa_circ_0050791
hsa-miR-328-5p,hsa_circ_0049813
hsa-miR-3613-3p,hsa_circ_0007913
hsa-miR-3619-5p,hsa_circ_0050660
hsa-miR-378a-5p,hsa_circ_0089191
hsa-miR-3929,hsa_circ_0084661
hsa-miR-3929,hsa_circ_0084662
hsa-miR-4524a-3p,hsa_circ_0039778
hsa-miR-4524a-3p,hsa_circ_0039779
hsa-miR-4524a-3p,hsa_circ_0039780
hsa-miR-4530,hsa_circ_0081132
hsa-miR-4695-5p,hsa_circ_0091771
hsa-miR-4695-5p,hsa_circ_0091772
hsa-miR-4763-3p,hsa_circ_0039070
hsa-miR-4763-3p,hsa_circ_0039071
hsa-miR-4763-3p,hsa_circ_0040850
hsa-miR-4763-3p,hsa_circ_0063387
hsa-miR-4778-3p,hsa_circ_0064836
hsa-miR-548ay-5p,hsa_circ_0011617
hsa-miR-5684,hsa_circ_0005558
hsa-miR-5787,hsa_circ_0009561
hsa-miR-5787,hsa_circ_0009562
hsa-miR-5787,hsa_circ_0009563
hsa-miR-5787,hsa_circ_0009564
hsa-miR-5787,hsa_circ_0009565
hsa-miR-5787,hsa_circ_0009566
hsa-miR-612,hsa_circ_0078934
hsa-miR-612,hsa_circ_0081678
hsa-miR-637,hsa_circ_0089423
hsa-miR-637,hsa_circ_0089443
hsa-miR-661,hsa_circ_0023019
hsa-miR-661,hsa_circ_0023020
hsa-miR-6721-5p,hsa_circ_0010664
hsa-miR-6722-3p,hsa_circ_0070047
hsa-miR-6722-3p,hsa_circ_0070050
hsa-miR-6724-5p,hsa_circ_0046240
hsa-miR-6739-5p,hsa_circ_0007740
hsa-miR-6756-3p,hsa_circ_0079155
hsa-miR-6756-5p,hsa_circ_0044498
hsa-miR-6756-5p,hsa_circ_0044499
hsa-miR-6758-5p,hsa_circ_0007740
hsa-miR-6772-3p,hsa_circ_0052003
hsa-miR-6773-5p,hsa_circ_0039075
hsa-miR-6773-5p,hsa_circ_0039087
hsa-miR-6773-5p,hsa_circ_0039090
hsa-miR-6775-3p,hsa_circ_0018291
hsa-miR-6813-5p,hsa_circ_0050631
hsa-miR-6871-3p,hsa_circ_0081062
hsa-miR-6871-3p,hsa_circ_0081063
hsa-miR-6871-3p,hsa_circ_0081065
hsa-miR-6871-3p,hsa_circ_0081066
hsa-miR-6871-3p,hsa_circ_0081080
hsa-miR-6871-3p,hsa_circ_0081081
hsa-miR-6871-3p,hsa_circ_0081085
hsa-miR-6871-3p,hsa_circ_0081089
hsa-miR-6871-3p,hsa_circ_0081090
hsa-miR-6871-3p,hsa_circ_0081091
hsa-miR-6871-3p,hsa_circ_0081095
hsa-miR-6871-3p,hsa_circ_0081096
hsa-miR-7111-5p,hsa_circ_0024595
hsa-miR-762,hsa_circ_0024899
hsa-miR-762,hsa_circ_0041954
hsa-miR-766-3p,hsa_circ_0044768
hsa-miR-766-3p,hsa_circ_0044769
hsa-miR-7703,hsa_circ_0004192
hsa-miR-7703,hsa_circ_0043314
hsa-miR-7703,hsa_circ_0050271
hsa-miR-7851-3p,hsa_circ_0091222
hsa-miR-7974,hsa_circ_0075974
hsa-miR-8089,hsa_circ_0075946
hsa-miR-877-3p,hsa_circ_0082817
hsa-miR-939-3p,hsa_circ_0023414
hsa-miR-939-5p,hsa_circ_0048387
hsa-miR-939-5p,hsa_circ_0048389
hsa-miR-939-5p,hsa_circ_0048390
hsa-miR-942-5p,hsa_circ_0023414
hsa-miR-1207-5p,hsa_circ_0010547
hsa-miR-1207-5p,hsa_circ_0010571
hsa-miR-1207-5p,hsa_circ_0010594
hsa-miR-1207-5p,hsa_circ_0010595
hsa-miR-1207-5p,hsa_circ_0010617
hsa-miR-1207-5p,hsa_circ_0010618
hsa-miR-1249-5p,hsa_circ_0016670
hsa-miR-1249-5p,hsa_circ_0016671
hsa-miR-1266-5p,hsa_circ_0062028
hsa-miR-1277-5p,hsa_circ_0077011
hsa-miR-149-3p,hsa_circ_0038209
hsa-miR-15b-5p,hsa_circ_0009717
hsa-miR-18a-3p,hsa_circ_0004886
hsa-miR-1913,hsa_circ_0010571
hsa-miR-1913,hsa_circ_0010594
hsa-miR-1913,hsa_circ_0010595
hsa-miR-1913,hsa_circ_0010618
hsa-miR-1913,hsa_circ_0041852
hsa-miR-212-5p,hsa_circ_0075924
hsa-miR-3065-3p,hsa_circ_0081123
hsa-miR-3065-3p,hsa_circ_0081134
hsa-miR-3135a,hsa_circ_0002013
hsa-miR-3192-5p,hsa_circ_0038027
hsa-miR-3194-5p,hsa_circ_0039097
hsa-miR-330-5p,hsa_circ_0072883
hsa-miR-330-5p,hsa_circ_0072884
hsa-miR-330-5p,hsa_circ_0072886
hsa-miR-330-5p,hsa_circ_0072887
hsa-miR-330-5p,hsa_circ_0072888
hsa-miR-330-5p,hsa_circ_0072890
hsa-miR-330-5p,hsa_circ_0072891
hsa-miR-330-5p,hsa_circ_0072892
hsa-miR-330-5p,hsa_circ_0072894
hsa-miR-330-5p,hsa_circ_0072895
hsa-miR-330-5p,hsa_circ_0072896
hsa-miR-330-5p,hsa_circ_0072897
hsa-miR-3613-3p,hsa_circ_0055407
hsa-miR-3613-3p,hsa_circ_0068940
hsa-miR-3616-5p,hsa_circ_0017433
hsa-miR-3620-5p,hsa_circ_0082879
hsa-miR-3692-3p,hsa_circ_0052054
hsa-miR-378a-5p,hsa_circ_0081678
hsa-miR-378j,hsa_circ_0001666
hsa-miR-378j,hsa_circ_0078767
hsa-miR-378j,hsa_circ_0078768
hsa-miR-378j,hsa_circ_0078769
hsa-miR-378j,hsa_circ_0078770
hsa-miR-378j,hsa_circ_0078771
hsa-miR-3929,hsa_circ_0009652
hsa-miR-3929,hsa_circ_0010148
hsa-miR-3929,hsa_circ_0027928
hsa-miR-3960,hsa_circ_0010948
hsa-miR-4270,hsa_circ_0037557
hsa-miR-4420,hsa_circ_0056729
hsa-miR-4421,hsa_circ_0067105
hsa-miR-4421,hsa_circ_0067106
hsa-miR-4425,hsa_circ_0041843
hsa-miR-4430,hsa_circ_0091222
hsa-miR-4433a-3p,hsa_circ_0049129
hsa-miR-4632-5p,hsa_circ_0037454
hsa-miR-4632-5p,hsa_circ_0037459
hsa-miR-4632-5p,hsa_circ_0037460
hsa-miR-4632-5p,hsa_circ_0037462
hsa-miR-4632-5p,hsa_circ_0037463
hsa-miR-4632-5p,hsa_circ_0037464
hsa-miR-4640-5p,hsa_circ_0019924
hsa-miR-4640-5p,hsa_circ_0019926
hsa-miR-4640-5p,hsa_circ_0019928
hsa-miR-4640-5p,hsa_circ_0019929
hsa-miR-4640-5p,hsa_circ_0089461
hsa-miR-4640-5p,hsa_circ_0089462
hsa-miR-4640-5p,hsa_circ_0089463
hsa-miR-4644,hsa_circ_0027289
hsa-miR-4663,hsa_circ_0037199
hsa-miR-4667-5p,hsa_circ_0015996
hsa-miR-4685-5p,hsa_circ_0062700
hsa-miR-4690-3p,hsa_circ_0065481
hsa-miR-4728-5p,hsa_circ_0058234
hsa-miR-4731-5p,hsa_circ_0085833
hsa-miR-4763-3p,hsa_circ_0040734
hsa-miR-4763-3p,hsa_circ_0040735
hsa-miR-4763-3p,hsa_circ_0046345
hsa-miR-4763-3p,hsa_circ_0046349
hsa-miR-4763-3p,hsa_circ_0068969
hsa-miR-4763-3p,hsa_circ_0068987
hsa-miR-4763-3p,hsa_circ_0068988
hsa-miR-4775,hsa_circ_0080701
hsa-miR-4775,hsa_circ_0080702
hsa-miR-4775,hsa_circ_0080703
hsa-miR-4778-3p,hsa_circ_0013846
hsa-miR-509-5p,hsa_circ_0051048
hsa-miR-520a-3p,hsa_circ_0092348
hsa-miR-5684,hsa_circ_0081596
hsa-miR-5684,hsa_circ_0086740
hsa-miR-6085,hsa_circ_0048698
hsa-miR-6085,hsa_circ_0048709
hsa-miR-612,hsa_circ_0050991
hsa-miR-612,hsa_circ_0058199
hsa-miR-661,hsa_circ_0020136
hsa-miR-661,hsa_circ_0020137
hsa-miR-661,hsa_circ_0020138
hsa-miR-661,hsa_circ_0020490
hsa-miR-661,hsa_circ_0091809
hsa-miR-661,hsa_circ_0091811
hsa-miR-661,hsa_circ_0091822
hsa-miR-665,hsa_circ_0060490
hsa-miR-671-5p,hsa_circ_0026092
hsa-miR-671-5p,hsa_circ_0026093
hsa-miR-671-5p,hsa_circ_0026096
hsa-miR-671-5p,hsa_circ_0026097
hsa-miR-6727-5p,hsa_circ_0048387
hsa-miR-6727-5p,hsa_circ_0048389
hsa-miR-6727-5p,hsa_circ_0048390
hsa-miR-6727-5p,hsa_circ_0048391
hsa-miR-6734-3p,hsa_circ_0026923
hsa-miR-6735-5p,hsa_circ_0075946
hsa-miR-6738-3p,hsa_circ_0060070
hsa-miR-6738-3p,hsa_circ_0060071
hsa-miR-6741-5p,hsa_circ_0010574
hsa-miR-6741-5p,hsa_circ_0010583
hsa-miR-6741-5p,hsa_circ_0010606
hsa-miR-6741-5p,hsa_circ_0010607
hsa-miR-6741-5p,hsa_circ_0010608
hsa-miR-6741-5p,hsa_circ_0010609
hsa-miR-6741-5p,hsa_circ_0010610
hsa-miR-6741-5p,hsa_circ_0010624
hsa-miR-6741-5p,hsa_circ_0010625
hsa-miR-6741-5p,hsa_circ_0010626
hsa-miR-6741-5p,hsa_circ_0010647
hsa-miR-6741-5p,hsa_circ_0010648
hsa-miR-6741-5p,hsa_circ_0010649
hsa-miR-6741-5p,hsa_circ_0010650
hsa-miR-6741-5p,hsa_circ_0010654
hsa-miR-6741-5p,hsa_circ_0010658
hsa-miR-6741-5p,hsa_circ_0010664
hsa-miR-6741-5p,hsa_circ_0010691
hsa-miR-6741-5p,hsa_circ_0010703
hsa-miR-6754-5p,hsa_circ_0020316
hsa-miR-6794-5p,hsa_circ_0044520
hsa-miR-6807-3p,hsa_circ_0044246
hsa-miR-6807-3p,hsa_circ_0049494
hsa-miR-6809-3p,hsa_circ_0075946
hsa-miR-6836-5p,hsa_circ_0020556
hsa-miR-6837-5p,hsa_circ_0069157
hsa-miR-6837-5p,hsa_circ_0069158
hsa-miR-6837-5p,hsa_circ_0069159
hsa-miR-6852-5p,hsa_circ_0088167
hsa-miR-6852-5p,hsa_circ_0088171
hsa-miR-6852-5p,hsa_circ_0088172
hsa-miR-6881-3p,hsa_circ_0013998
hsa-miR-6893-5p,hsa_circ_0055985
hsa-miR-6893-5p,hsa_circ_0055990
hsa-miR-6893-5p,hsa_circ_0055993
hsa-miR-7112-5p,hsa_circ_0010549
hsa-miR-7112-5p,hsa_circ_0010553
hsa-miR-7112-5p,hsa_circ_0010574
hsa-miR-7112-5p,hsa_circ_0010582
hsa-miR-7112-5p,hsa_circ_0010583
hsa-miR-7112-5p,hsa_circ_0010602
hsa-miR-7112-5p,hsa_circ_0010603
hsa-miR-7112-5p,hsa_circ_0010604
hsa-miR-7112-5p,hsa_circ_0010605
hsa-miR-7112-5p,hsa_circ_0010606
hsa-miR-7112-5p,hsa_circ_0010607
hsa-miR-7112-5p,hsa_circ_0010608
hsa-miR-7112-5p,hsa_circ_0010609
hsa-miR-7112-5p,hsa_circ_0010610
hsa-miR-7112-5p,hsa_circ_0010623
hsa-miR-7112-5p,hsa_circ_0010624
hsa-miR-7112-5p,hsa_circ_0010625
hsa-miR-7112-5p,hsa_circ_0010626
hsa-miR-7112-5p,hsa_circ_0010644
hsa-miR-7112-5p,hsa_circ_0010645
hsa-miR-7112-5p,hsa_circ_0010646
hsa-miR-7112-5p,hsa_circ_0010647
hsa-miR-7112-5p,hsa_circ_0010648
hsa-miR-7112-5p,hsa_circ_0010649
hsa-miR-7112-5p,hsa_circ_0010650
hsa-miR-7112-5p,hsa_circ_0010654
hsa-miR-7112-5p,hsa_circ_0010657
hsa-miR-7112-5p,hsa_circ_0010658
hsa-miR-7112-5p,hsa_circ_0010664
hsa-miR-7112-5p,hsa_circ_0010670
hsa-miR-7112-5p,hsa_circ_0010671
hsa-miR-7112-5p,hsa_circ_0010677
hsa-miR-7851-3p,hsa_circ_0002379
hsa-miR-1226-3p,hsa_circ_0016773
hsa-miR-1236-3p,hsa_circ_0058196
hsa-miR-1236-3p,hsa_circ_0058197
hsa-miR-1236-3p,hsa_circ_0062544
hsa-miR-1236-3p,hsa_circ_0068893
hsa-miR-1266-5p,hsa_circ_0065481
hsa-miR-1273h-5p,hsa_circ_0020316
hsa-miR-1273h-5p,hsa_circ_0052098
hsa-miR-1273h-5p,hsa_circ_0052100
hsa-miR-1-3p,hsa_circ_0034138
hsa-miR-1913,hsa_circ_0025553
hsa-miR-197-3p,hsa_circ_0045754
hsa-miR-197-3p,hsa_circ_0045755
hsa-miR-197-3p,hsa_circ_0045756
hsa-miR-197-3p,hsa_circ_0045757
hsa-miR-3064-5p,hsa_circ_0025082
hsa-miR-3064-5p,hsa_circ_0025086
hsa-miR-3064-5p,hsa_circ_0025094
hsa-miR-3127-3p,hsa_circ_0013869
hsa-miR-3127-3p,hsa_circ_0013874
hsa-miR-3184-3p,hsa_circ_0076600
hsa-miR-3192-5p,hsa_circ_0016162
hsa-miR-3192-5p,hsa_circ_0016165
hsa-miR-335-3p,hsa_circ_0091100
hsa-miR-335-3p,hsa_circ_0091101
hsa-miR-3613-3p,hsa_circ_0003591
hsa-miR-3613-3p,hsa_circ_0052935
hsa-miR-3613-3p,hsa_circ_0089191
hsa-miR-3929,hsa_circ_0084515
hsa-miR-4452,hsa_circ_0080666
hsa-miR-4685-5p,hsa_circ_0062544
hsa-miR-4739,hsa_circ_0026668
hsa-miR-4747-5p,hsa_circ_0041457
hsa-miR-4753-3p,hsa_circ_0041734
hsa-miR-4775,hsa_circ_0026321
hsa-miR-484,hsa_circ_0013875
hsa-miR-5001-5p,hsa_circ_0065481
hsa-miR-5189-5p,hsa_circ_0010557
hsa-miR-5189-5p,hsa_circ_0010569
hsa-miR-548au-5p,hsa_circ_0011617
hsa-miR-548s,hsa_circ_0020279
hsa-miR-5684,hsa_circ_0078962
hsa-miR-612,hsa_circ_0086852
hsa-miR-612,hsa_circ_0086936
hsa-miR-612,hsa_circ_0086938
hsa-miR-637,hsa_circ_0080942
hsa-miR-637,hsa_circ_0080943
hsa-miR-6724-5p,hsa_circ_0050112
hsa-miR-6756-5p,hsa_circ_0016307
hsa-miR-6768-5p,hsa_circ_0089788
hsa-miR-6768-5p,hsa_circ_0089789
hsa-miR-6780a-5p,hsa_circ_0044246
hsa-miR-6781-3p,hsa_circ_0016773
hsa-miR-6781-3p,hsa_circ_0016775
hsa-miR-6782-5p,hsa_circ_0090558
hsa-miR-6782-5p,hsa_circ_0090559
hsa-miR-6782-5p,hsa_circ_0090560
hsa-miR-6782-5p,hsa_circ_0090561
hsa-miR-6791-5p,hsa_circ_0051666
hsa-miR-6796-5p,hsa_circ_0014736
hsa-miR-6807-3p,hsa_circ_0072824
hsa-miR-6860,hsa_circ_0026538
hsa-miR-6881-3p,hsa_circ_0046925
hsa-miR-6884-5p,hsa_circ_0000388
hsa-miR-6884-5p,hsa_circ_0005503
hsa-miR-6884-5p,hsa_circ_0050270
hsa-miR-7110-3p,hsa_circ_0079155
hsa-miR-7113-3p,hsa_circ_0081673
hsa-miR-7150,hsa_circ_0074522
hsa-miR-7150,hsa_circ_0074523
hsa-miR-762,hsa_circ_0022725
hsa-miR-762,hsa_circ_0051048
hsa-miR-762,hsa_circ_0051283
hsa-miR-762,hsa_circ_0075115
hsa-miR-1207-5p,hsa_circ_0051922
hsa-miR-1233-5p,hsa_circ_0089530
hsa-miR-1236-3p,hsa_circ_0060796
hsa-miR-1248,hsa_circ_0075975
hsa-miR-1268a,hsa_circ_0059143
hsa-miR-149-5p,hsa_circ_0052104
hsa-miR-185-3p,hsa_circ_0046033
hsa-miR-185-3p,hsa_circ_0066036
hsa-miR-185-3p,hsa_circ_0066046
hsa-miR-20a-5p,hsa_circ_0017351
hsa-miR-302a-3p,hsa_circ_0019125
hsa-miR-3064-5p,hsa_circ_0029294
hsa-miR-3135b,hsa_circ_0027022
hsa-miR-3187-5p,hsa_circ_0008161
hsa-miR-3192-5p,hsa_circ_0004192
hsa-miR-328-5p,hsa_circ_0029292
hsa-miR-3613-3p,hsa_circ_0045221
hsa-miR-3613-3p,hsa_circ_0052104
hsa-miR-3620-5p,hsa_circ_0086862
hsa-miR-3620-5p,hsa_circ_0086872
hsa-miR-3620-5p,hsa_circ_0086873
hsa-miR-3620-5p,hsa_circ_0086881
hsa-miR-3620-5p,hsa_circ_0086889
hsa-miR-3620-5p,hsa_circ_0086890
hsa-miR-3620-5p,hsa_circ_0086891
hsa-miR-3620-5p,hsa_circ_0086904
hsa-miR-3620-5p,hsa_circ_0086916
hsa-miR-3620-5p,hsa_circ_0086917
hsa-miR-378a-5p,hsa_circ_0077011
hsa-miR-3929,hsa_circ_0021851
hsa-miR-4270,hsa_circ_0010573
hsa-miR-4270,hsa_circ_0010581
hsa-miR-4270,hsa_circ_0010582
hsa-miR-4270,hsa_circ_0010583
hsa-miR-4430,hsa_circ_0013310
hsa-miR-4433b-3p,hsa_circ_0049104
hsa-miR-4433b-3p,hsa_circ_0049108
hsa-miR-4644,hsa_circ_0006298
hsa-miR-4644,hsa_circ_0006648
hsa-miR-4649-5p,hsa_circ_0029291
hsa-miR-4649-5p,hsa_circ_0029292
hsa-miR-4649-5p,hsa_circ_0029294
hsa-miR-4649-5p,hsa_circ_0029296
hsa-miR-4649-5p,hsa_circ_0029297
hsa-miR-4668-5p,hsa_circ_0038915
hsa-miR-4684-5p,hsa_circ_0000388
hsa-miR-4691-5p,hsa_circ_0016777
hsa-miR-4691-5p,hsa_circ_0016778
hsa-miR-4725-3p,hsa_circ_0090561
hsa-miR-4726-5p,hsa_circ_0019892
hsa-miR-4726-5p,hsa_circ_0019893
hsa-miR-4726-5p,hsa_circ_0019894
hsa-miR-4726-5p,hsa_circ_0019895
hsa-miR-4726-5p,hsa_circ_0019896
hsa-miR-4726-5p,hsa_circ_0019897
hsa-miR-4728-5p,hsa_circ_0076614
hsa-miR-4739,hsa_circ_0016308
hsa-miR-4755-3p,hsa_circ_0065130
hsa-miR-4763-3p,hsa_circ_0010569
hsa-miR-4763-3p,hsa_circ_0010571
hsa-miR-4763-3p,hsa_circ_0063778
hsa-miR-4763-3p,hsa_circ_0092076
hsa-miR-4763-3p,hsa_circ_0092080
hsa-miR-4776-5p,hsa_circ_0081102
hsa-miR-4776-5p,hsa_circ_0081110
hsa-miR-4776-5p,hsa_circ_0081114
hsa-miR-4776-5p,hsa_circ_0081115
hsa-miR-5001-5p,hsa_circ_0010715
hsa-miR-504-3p,hsa_circ_0004036
hsa-miR-548ad-5p,hsa_circ_0011617
hsa-miR-548ae-5p,hsa_circ_0011617
hsa-miR-6089,hsa_circ_0049494
hsa-miR-608,hsa_circ_0061083
hsa-miR-646,hsa_circ_0028355
hsa-miR-6511a-5p,hsa_circ_0061235
hsa-miR-663a,hsa_circ_0048520
hsa-miR-665,hsa_circ_0000939
hsa-miR-665,hsa_circ_0059143
hsa-miR-671-5p,hsa_circ_0049031
hsa-miR-6721-5p,hsa_circ_0020759
hsa-miR-6721-5p,hsa_circ_0020760
hsa-miR-6722-3p,hsa_circ_0066071
hsa-miR-6751-5p,hsa_circ_0014736
hsa-miR-6752-5p,hsa_circ_0009372
hsa-miR-6753-5p,hsa_circ_0044540
hsa-miR-6753-5p,hsa_circ_0044541
hsa-miR-6756-5p,hsa_circ_0029883
hsa-miR-6756-5p,hsa_circ_0083091
hsa-miR-6756-5p,hsa_circ_0083095
hsa-miR-6756-5p,hsa_circ_0083102
hsa-miR-6756-5p,hsa_circ_0083103
hsa-miR-6756-5p,hsa_circ_0083104
hsa-miR-6780b-5p,hsa_circ_0037574
hsa-miR-6781-3p,hsa_circ_0007339
hsa-miR-6782-5p,hsa_circ_0037694
hsa-miR-6782-5p,hsa_circ_0063270
hsa-miR-6791-5p,hsa_circ_0020554
hsa-miR-6792-3p,hsa_circ_0021064
hsa-miR-6797-5p,hsa_circ_0050085
hsa-miR-6797-5p,hsa_circ_0050086
hsa-miR-6797-5p,hsa_circ_0050087
hsa-miR-6797-5p,hsa_circ_0059136
hsa-miR-6807-3p,hsa_circ_0063518
hsa-miR-6812-5p,hsa_circ_0039075
hsa-miR-6827-5p,hsa_circ_0010700
hsa-miR-6827-5p,hsa_circ_0010702
hsa-miR-6840-3p,hsa_circ_0081673
hsa-miR-6848-5p,hsa_circ_0033561
hsa-miR-6884-5p,hsa_circ_0050598
hsa-miR-7110-5p,hsa_circ_0058374
hsa-miR-762,hsa_circ_0089468
hsa-miR-7703,hsa_circ_0065511
hsa-miR-7851-3p,hsa_circ_0008323
hsa-miR-877-3p,hsa_circ_0012789
hsa-miR-93-5p,hsa_circ_0023580
hsa-miR-93-5p,hsa_circ_0023581
hsa-miR-106b-5p,hsa_circ_0003384
hsa-miR-1184,hsa_circ_0062093
hsa-miR-1184,hsa_circ_0062099
hsa-miR-1205,hsa_circ_0049128
hsa-miR-1205,hsa_circ_0049129
hsa-miR-1207-5p,hsa_circ_0050991
hsa-miR-1273h-5p,hsa_circ_0050991
hsa-miR-1301-3p,hsa_circ_0086854
hsa-miR-1301-3p,hsa_circ_0086855
hsa-miR-1301-3p,hsa_circ_0086856
hsa-miR-1301-3p,hsa_circ_0086857
hsa-miR-1301-3p,hsa_circ_0086858
hsa-miR-1301-3p,hsa_circ_0086859
hsa-miR-1301-3p,hsa_circ_0086860
hsa-miR-1301-3p,hsa_circ_0086862
hsa-miR-1301-3p,hsa_circ_0086864
hsa-miR-1301-3p,hsa_circ_0086867
hsa-miR-1301-3p,hsa_circ_0086871
hsa-miR-143-5p,hsa_circ_0075921
hsa-miR-143-5p,hsa_circ_0078806
hsa-miR-143-5p,hsa_circ_0078807
hsa-miR-185-3p,hsa_circ_0043821
hsa-miR-185-3p,hsa_circ_0043822
hsa-miR-188-3p,hsa_circ_0052049
hsa-miR-188-3p,hsa_circ_0052050
hsa-miR-3064-5p,hsa_circ_0086856
hsa-miR-3064-5p,hsa_circ_0086857
hsa-miR-3064-5p,hsa_circ_0086864
hsa-miR-30b-3p,hsa_circ_0063515
hsa-miR-3135a,hsa_circ_0055902
hsa-miR-3135b,hsa_circ_0043298
hsa-miR-3159,hsa_circ_0021851
hsa-miR-3189-5p,hsa_circ_0046335
hsa-miR-3189-5p,hsa_circ_0046336
hsa-miR-3189-5p,hsa_circ_0046337
hsa-miR-3189-5p,hsa_circ_0046338
hsa-miR-3189-5p,hsa_circ_0046345
hsa-miR-3613-3p,hsa_circ_0005798
hsa-miR-3613-3p,hsa_circ_0050270
hsa-miR-3613-3p,hsa_circ_0075961
hsa-miR-3620-5p,hsa_circ_0079254
hsa-miR-3663-3p,hsa_circ_0044543
hsa-miR-4270,hsa_circ_0042204
hsa-miR-4430,hsa_circ_0005873
hsa-miR-4430,hsa_circ_0008351
hsa-miR-4430,hsa_circ_0068732
hsa-miR-4430,hsa_circ_0068741
hsa-miR-4430,hsa_circ_0068752
hsa-miR-4430,hsa_circ_0068761
hsa-miR-4430,hsa_circ_0068762
hsa-miR-4430,hsa_circ_0080666
hsa-miR-4430,hsa_circ_0080677
hsa-miR-4467,hsa_circ_0010948
hsa-miR-4467,hsa_circ_0091699
hsa-miR-4640-5p,hsa_circ_0031403
hsa-miR-4640-5p,hsa_circ_0081083
hsa-miR-4640-5p,hsa_circ_0081093
hsa-miR-4644,hsa_circ_0090141
hsa-miR-4691-5p,hsa_circ_0025078
hsa-miR-4691-5p,hsa_circ_0025082
hsa-miR-4691-5p,hsa_circ_0025086
hsa-miR-4691-5p,hsa_circ_0078579
hsa-miR-4692,hsa_circ_0011303
hsa-miR-4739,hsa_circ_0049122
hsa-miR-4739,hsa_circ_0089244
hsa-miR-4739,hsa_circ_0089245
hsa-miR-4763-3p,hsa_circ_0029495
hsa-miR-4763-3p,hsa_circ_0029496
hsa-miR-4763-3p,hsa_circ_0029497
hsa-miR-4763-3p,hsa_circ_0082885
hsa-miR-4772-3p,hsa_circ_0081678
hsa-miR-5001-5p,hsa_circ_0010682
hsa-miR-5001-5p,hsa_circ_0010689
hsa-miR-5001-5p,hsa_circ_0010694
hsa-miR-5001-5p,hsa_circ_0010695
hsa-miR-5001-5p,hsa_circ_0010700
hsa-miR-5001-5p,hsa_circ_0010702
hsa-miR-5189-5p,hsa_circ_0010632
hsa-miR-5193,hsa_circ_0090706
hsa-miR-5193,hsa_circ_0090715
hsa-miR-5193,hsa_circ_0090716
hsa-miR-5193,hsa_circ_0090717
hsa-miR-5193,hsa_circ_0090719
hsa-miR-5193,hsa_circ_0090724
hsa-miR-5193,hsa_circ_0090725
hsa-miR-637,hsa_circ_0014031
hsa-miR-660-3p,hsa_circ_0006293
hsa-miR-6722-3p,hsa_circ_0069071
hsa-miR-6726-5p,hsa_circ_0080666
hsa-miR-6726-5p,hsa_circ_0080668
hsa-miR-6752-5p,hsa_circ_0024591
hsa-miR-6753-5p,hsa_circ_0044537
hsa-miR-6756-5p,hsa_circ_0080517
hsa-miR-6764-5p,hsa_circ_0039109
hsa-miR-6769a-5p,hsa_circ_0091808
hsa-miR-6779-5p,hsa_circ_0051279
hsa-miR-6779-5p,hsa_circ_0051285
hsa-miR-6783-3p,hsa_circ_0028231
hsa-miR-6784-5p,hsa_circ_0029292
hsa-miR-6784-5p,hsa_circ_0029294
hsa-miR-6784-5p,hsa_circ_0029296
hsa-miR-6784-5p,hsa_circ_0029297
hsa-miR-6784-5p,hsa_circ_0029298
hsa-miR-6792-3p,hsa_circ_0066013
hsa-miR-6792-3p,hsa_circ_0066014
hsa-miR-6798-5p,hsa_circ_0044555
hsa-miR-6798-5p,hsa_circ_0044558
hsa-miR-6803-5p,hsa_circ_0039608
hsa-miR-6803-5p,hsa_circ_0039609
hsa-miR-6803-5p,hsa_circ_0039610
hsa-miR-6803-5p,hsa_circ_0075115
hsa-miR-6807-3p,hsa_circ_0050102
hsa-miR-6819-5p,hsa_circ_0041864
hsa-miR-6829-5p,hsa_circ_0058374
hsa-miR-6836-5p,hsa_circ_0065990
hsa-miR-6860,hsa_circ_0009399
hsa-miR-6860,hsa_circ_0009400
hsa-miR-6860,hsa_circ_0009401
hsa-miR-6860,hsa_circ_0034156
hsa-miR-6871-3p,hsa_circ_0081673
hsa-miR-6875-3p,hsa_circ_0010399
hsa-miR-6879-5p,hsa_circ_0082881
hsa-miR-6883-3p,hsa_circ_0078794
hsa-miR-6883-3p,hsa_circ_0078812
hsa-miR-6883-3p,hsa_circ_0078968
hsa-miR-6884-5p,hsa_circ_0059143
hsa-miR-7112-5p,hsa_circ_0049818
hsa-miR-7112-5p,hsa_circ_0049820
hsa-miR-744-5p,hsa_circ_0044504
hsa-miR-744-5p,hsa_circ_0044505
hsa-miR-744-5p,hsa_circ_0044506
hsa-miR-744-5p,hsa_circ_0044507
hsa-miR-744-5p,hsa_circ_0044508
hsa-miR-744-5p,hsa_circ_0044509
hsa-miR-744-5p,hsa_circ_0044514
hsa-miR-744-5p,hsa_circ_0044515
hsa-miR-744-5p,hsa_circ_0044516
hsa-miR-744-5p,hsa_circ_0044517
hsa-miR-744-5p,hsa_circ_0044520
hsa-miR-744-5p,hsa_circ_0044521
hsa-miR-744-5p,hsa_circ_0044523
hsa-miR-762,hsa_circ_0010715
hsa-miR-762,hsa_circ_0020316
hsa-miR-762,hsa_circ_0036605
hsa-miR-762,hsa_circ_0036606
hsa-miR-769-3p,hsa_circ_0024011
hsa-miR-769-3p,hsa_circ_0024013
hsa-miR-7703,hsa_circ_0003360
hsa-miR-873-5p,hsa_circ_0075990
hsa-miR-873-5p,hsa_circ_0075991
hsa-miR-873-5p,hsa_circ_0075995
hsa-miR-1207-5p,hsa_circ_0049818
hsa-miR-1249-5p,hsa_circ_0035116
hsa-miR-1268b,hsa_circ_0049494
hsa-miR-1268b,hsa_circ_0051748
hsa-miR-1268b,hsa_circ_0051750
hsa-miR-1268b,hsa_circ_0051751
hsa-miR-1273h-5p,hsa_circ_0028214
hsa-miR-1273h-5p,hsa_circ_0052101
hsa-miR-1273h-5p,hsa_circ_0052103
hsa-miR-1273h-5p,hsa_circ_0077011
hsa-miR-1277-5p,hsa_circ_0016756
hsa-miR-1277-5p,hsa_circ_0032107
hsa-miR-1277-5p,hsa_circ_0032110
hsa-miR-1301-3p,hsa_circ_0034772
hsa-miR-143-5p,hsa_circ_0049973
hsa-miR-197-3p,hsa_circ_0045753
hsa-miR-208b-5p,hsa_circ_0078326
hsa-miR-214-3p,hsa_circ_0022858
hsa-miR-214-3p,hsa_circ_0022859
hsa-miR-214-3p,hsa_circ_0022861
hsa-miR-214-3p,hsa_circ_0022862
hsa-miR-214-3p,hsa_circ_0022870
hsa-miR-29b-2-5p,hsa_circ_0009652
hsa-miR-3065-3p,hsa_circ_0044533
hsa-miR-3117-3p,hsa_circ_0020283
hsa-miR-3150b-3p,hsa_circ_0065481
hsa-miR-3187-5p,hsa_circ_0006940
hsa-miR-3192-5p,hsa_circ_0005266
hsa-miR-3192-5p,hsa_circ_0081378
hsa-miR-3613-3p,hsa_circ_0049157
hsa-miR-3620-5p,hsa_circ_0011212
hsa-miR-3663-3p,hsa_circ_0034156
hsa-miR-3929,hsa_circ_0011418
hsa-miR-3929,hsa_circ_0045221
hsa-miR-424-5p,hsa_circ_0073784
hsa-miR-424-5p,hsa_circ_0073786
hsa-miR-4640-5p,hsa_circ_0065398
hsa-miR-4640-5p,hsa_circ_0065405
hsa-miR-4668-5p,hsa_circ_0000444
hsa-miR-4685-5p,hsa_circ_0013419
hsa-miR-4688,hsa_circ_0009640
hsa-miR-4688,hsa_circ_0009641
hsa-miR-4688,hsa_circ_0009642
hsa-miR-4691-5p,hsa_circ_0033537
hsa-miR-4739,hsa_circ_0021353
hsa-miR-4753-3p,hsa_circ_0082480
hsa-miR-4763-3p,hsa_circ_0025801
hsa-miR-4763-3p,hsa_circ_0025819
hsa-miR-4763-3p,hsa_circ_0025827
hsa-miR-4763-3p,hsa_circ_0025831
hsa-miR-4763-3p,hsa_circ_0039090
hsa-miR-4763-3p,hsa_circ_0051281
hsa-miR-5001-5p,hsa_circ_0009744
hsa-miR-5008-5p,hsa_circ_0065397
hsa-miR-5008-5p,hsa_circ_0065398
hsa-miR-5008-5p,hsa_circ_0065405
hsa-miR-5008-5p,hsa_circ_0065406
hsa-miR-5088-3p,hsa_circ_0065415
hsa-miR-548j-5p,hsa_circ_0011617
hsa-miR-608,hsa_circ_0050799
hsa-miR-608,hsa_circ_0050815
hsa-miR-608,hsa_circ_0063778
hsa-miR-637,hsa_circ_0019930
hsa-miR-637,hsa_circ_0019931
hsa-miR-665,hsa_circ_0037543
hsa-miR-6721-5p,hsa_circ_0086110
hsa-miR-6724-5p,hsa_circ_0020555
hsa-miR-6735-5p,hsa_circ_0089373
hsa-miR-6752-5p,hsa_circ_0075115
hsa-miR-6756-5p,hsa_circ_0020759
hsa-miR-6756-5p,hsa_circ_0020760
hsa-miR-6756-5p,hsa_circ_0020761
hsa-miR-6756-5p,hsa_circ_0020762
hsa-miR-6756-5p,hsa_circ_0050631
hsa-miR-6760-5p,hsa_circ_0069071
hsa-miR-6765-5p,hsa_circ_0058374
hsa-miR-6775-3p,hsa_circ_0082192
hsa-miR-6775-3p,hsa_circ_0082195
hsa-miR-6775-3p,hsa_circ_0082199
hsa-miR-6775-3p,hsa_circ_0082201
hsa-miR-6775-3p,hsa_circ_0082202
hsa-miR-6775-3p,hsa_circ_0082203
hsa-miR-6775-3p,hsa_circ_0082208
hsa-miR-6787-5p,hsa_circ_0075556
hsa-miR-6787-5p,hsa_circ_0075557
hsa-miR-6787-5p,hsa_circ_0075558
hsa-miR-6796-5p,hsa_circ_0037199
hsa-miR-6803-5p,hsa_circ_0034639
hsa-miR-6803-5p,hsa_circ_0034640
hsa-miR-6803-5p,hsa_circ_0034641
hsa-miR-6803-5p,hsa_circ_0034642
hsa-miR-6803-5p,hsa_circ_0048844
hsa-miR-6803-5p,hsa_circ_0068940
hsa-miR-6803-5p,hsa_circ_0082878
hsa-miR-6809-3p,hsa_circ_0011584
hsa-miR-6809-3p,hsa_circ_0011592
hsa-miR-6812-5p,hsa_circ_0049442
hsa-miR-6827-5p,hsa_circ_0044507
hsa-miR-6827-5p,hsa_circ_0044508
hsa-miR-6833-3p,hsa_circ_0020136
hsa-miR-6833-3p,hsa_circ_0020137
hsa-miR-6833-3p,hsa_circ_0020138
hsa-miR-6833-3p,hsa_circ_0042205
hsa-miR-6836-5p,hsa_circ_0022725
hsa-miR-6840-3p,hsa_circ_0066066
hsa-miR-6848-5p,hsa_circ_0051480
hsa-miR-6876-5p,hsa_circ_0042235
hsa-miR-6876-5p,hsa_circ_0042239
hsa-miR-7110-5p,hsa_circ_0041951
hsa-miR-7110-5p,hsa_circ_0041952
hsa-miR-7110-5p,hsa_circ_0051577
hsa-miR-765,hsa_circ_0058199
hsa-miR-7703,hsa_circ_0016162
hsa-miR-7703,hsa_circ_0016165
hsa-miR-7703,hsa_circ_0088567
hsa-miR-7851-3p,hsa_circ_0019901
hsa-miR-7851-3p,hsa_circ_0019902
hsa-miR-7851-3p,hsa_circ_0019903
hsa-miR-7851-3p,hsa_circ_0019904
hsa-miR-7851-3p,hsa_circ_0019905
hsa-miR-7851-3p,hsa_circ_0019906
hsa-miR-7851-3p,hsa_circ_0019907
hsa-miR-7851-3p,hsa_circ_0019908
hsa-miR-7851-3p,hsa_circ_0019909
hsa-miR-7851-3p,hsa_circ_0019913
hsa-miR-7851-3p,hsa_circ_0019914
hsa-miR-8089,hsa_circ_0065481
hsa-miR-939-5p,hsa_circ_0026579
hsa-miR-103a-2-5p,hsa_circ_0055270
hsa-miR-103a-2-5p,hsa_circ_0064817
hsa-miR-103a-2-5p,hsa_circ_0088827
hsa-miR-103a-2-5p,hsa_circ_0088837
hsa-miR-103a-2-5p,hsa_circ_0088840
hsa-miR-1205,hsa_circ_0086886
hsa-miR-1205,hsa_circ_0086887
hsa-miR-1205,hsa_circ_0086888
hsa-miR-1205,hsa_circ_0086892
hsa-miR-1205,hsa_circ_0086893
hsa-miR-1205,hsa_circ_0086897
hsa-miR-1205,hsa_circ_0086898
hsa-miR-1205,hsa_circ_0086902
hsa-miR-1205,hsa_circ_0086903
hsa-miR-1205,hsa_circ_0086907
hsa-miR-1236-3p,hsa_circ_0046912
hsa-miR-1236-3p,hsa_circ_0046914
hsa-miR-1236-3p,hsa_circ_0046917
hsa-miR-1236-3p,hsa_circ_0046918
hsa-miR-1236-3p,hsa_circ_0046919
hsa-miR-1236-3p,hsa_circ_0046920
hsa-miR-1236-3p,hsa_circ_0046922
hsa-miR-1273h-5p,hsa_circ_0007710
hsa-miR-1273h-5p,hsa_circ_0048302
hsa-miR-1273h-5p,hsa_circ_0048303
hsa-miR-1273h-5p,hsa_circ_0048304
hsa-miR-1273h-5p,hsa_circ_0048305
hsa-miR-1273h-5p,hsa_circ_0048940
hsa-miR-1273h-5p,hsa_circ_0088723
hsa-miR-1286,hsa_circ_0044526
hsa-miR-1286,hsa_circ_0044527
hsa-miR-1286,hsa_circ_0044528
hsa-miR-1286,hsa_circ_0044531
hsa-miR-1286,hsa_circ_0044532
hsa-miR-1286,hsa_circ_0044533
hsa-miR-1286,hsa_circ_0044534
hsa-miR-1286,hsa_circ_0044538
hsa-miR-1286,hsa_circ_0044539
hsa-miR-134-3p,hsa_circ_0049099
hsa-miR-134-3p,hsa_circ_0049103
hsa-miR-134-3p,hsa_circ_0049104
hsa-miR-134-3p,hsa_circ_0049105
hsa-miR-134-3p,hsa_circ_0049106
hsa-miR-181d-5p,hsa_circ_0052306
hsa-miR-20a-5p,hsa_circ_0015946
hsa-miR-3187-5p,hsa_circ_0016162
hsa-miR-3187-5p,hsa_circ_0016165
hsa-miR-3187-5p,hsa_circ_0034157
hsa-miR-3187-5p,hsa_circ_0086936
hsa-miR-3187-5p,hsa_circ_0086938
hsa-miR-3189-5p,hsa_circ_0049111
hsa-miR-328-5p,hsa_circ_0081505
hsa-miR-3613-3p,hsa_circ_0050233
hsa-miR-3619-5p,hsa_circ_0026093
hsa-miR-3619-5p,hsa_circ_0026096
hsa-miR-3619-5p,hsa_circ_0026097
hsa-miR-3663-3p,hsa_circ_0057390
hsa-miR-3663-3p,hsa_circ_0057391
hsa-miR-4268,hsa_circ_0050838
hsa-miR-4476,hsa_circ_0012655
hsa-miR-4498,hsa_circ_0012069
hsa-miR-4498,hsa_circ_0012071
hsa-miR-4498,hsa_circ_0012076
hsa-miR-4498,hsa_circ_0012080
hsa-miR-4632-5p,hsa_circ_0089512
hsa-miR-4632-5p,hsa_circ_0092076
hsa-miR-4632-5p,hsa_circ_0092080
hsa-miR-4685-5p,hsa_circ_0037448
hsa-miR-4685-5p,hsa_circ_0037451
hsa-miR-4685-5p,hsa_circ_0037453
hsa-miR-4685-5p,hsa_circ_0037455
hsa-miR-4685-5p,hsa_circ_0061088
hsa-miR-4691-5p,hsa_circ_0063111
hsa-miR-4691-5p,hsa_circ_0063112
hsa-miR-4691-5p,hsa_circ_0063113
hsa-miR-4695-5p,hsa_circ_0044246
hsa-miR-4695-5p,hsa_circ_0059143
hsa-miR-4700-5p,hsa_circ_0049110
hsa-miR-4700-5p,hsa_circ_0049113
hsa-miR-4734,hsa_circ_0081633
hsa-miR-4738-5p,hsa_circ_0085899
hsa-miR-4738-5p,hsa_circ_0085900
hsa-miR-4775,hsa_circ_0087154
hsa-miR-4775,hsa_circ_0087155
hsa-miR-4775,hsa_circ_0087156
hsa-miR-4775,hsa_circ_0087157
hsa-miR-4776-5p,hsa_circ_0081123
hsa-miR-4793-3p,hsa_circ_0023418
hsa-miR-4793-3p,hsa_circ_0023419
hsa-miR-485-5p,hsa_circ_0020596
hsa-miR-504-3p,hsa_circ_0038605
hsa-miR-5193,hsa_circ_0021016
hsa-miR-5193,hsa_circ_0021017
hsa-miR-5196-3p,hsa_circ_0014770
hsa-miR-5196-3p,hsa_circ_0014771
hsa-miR-5196-3p,hsa_circ_0014772
hsa-miR-5787,hsa_circ_0058282
hsa-miR-5787,hsa_circ_0058284
hsa-miR-6081,hsa_circ_0067139
hsa-miR-608,hsa_circ_0041657
hsa-miR-608,hsa_circ_0041658
hsa-miR-608,hsa_circ_0041660
hsa-miR-608,hsa_circ_0041662
hsa-miR-608,hsa_circ_0041663
hsa-miR-608,hsa_circ_0041664
hsa-miR-612,hsa_circ_0044062
hsa-miR-612,hsa_circ_0044063
hsa-miR-637,hsa_circ_0019927
hsa-miR-637,hsa_circ_0019928
hsa-miR-637,hsa_circ_0019929
hsa-miR-660-3p,hsa_circ_0014789
hsa-miR-660-3p,hsa_circ_0043298
hsa-miR-661,hsa_circ_0078886
hsa-miR-661,hsa_circ_0078946
hsa-miR-6721-5p,hsa_circ_0081230
hsa-miR-6721-5p,hsa_circ_0081232
hsa-miR-6721-5p,hsa_circ_0081236
hsa-miR-6721-5p,hsa_circ_0081237
hsa-miR-6721-5p,hsa_circ_0081239
hsa-miR-6721-5p,hsa_circ_0081247
hsa-miR-6721-5p,hsa_circ_0081248
hsa-miR-6721-5p,hsa_circ_0081249
hsa-miR-6721-5p,hsa_circ_0081252
hsa-miR-6721-5p,hsa_circ_0081255
hsa-miR-6722-3p,hsa_circ_0051309
hsa-miR-6734-3p,hsa_circ_0015996
hsa-miR-6749-3p,hsa_circ_0062445
hsa-miR-6749-3p,hsa_circ_0062446
hsa-miR-6754-5p,hsa_circ_0009372
hsa-miR-6754-5p,hsa_circ_0010565
hsa-miR-6754-5p,hsa_circ_0010580
hsa-miR-6754-5p,hsa_circ_0010585
hsa-miR-6756-5p,hsa_circ_0022834
hsa-miR-6756-5p,hsa_circ_0051283
hsa-miR-6756-5p,hsa_circ_0051593
hsa-miR-6780a-5p,hsa_circ_0018355
hsa-miR-6781-3p,hsa_circ_0091262
hsa-miR-6783-3p,hsa_circ_0030877
hsa-miR-6791-3p,hsa_circ_0085908
hsa-miR-6791-3p,hsa_circ_0085909
hsa-miR-6791-3p,hsa_circ_0085910
hsa-miR-6791-3p,hsa_circ_0085911
hsa-miR-6791-3p,hsa_circ_0085912
hsa-miR-6791-5p,hsa_circ_0089424
hsa-miR-6791-5p,hsa_circ_0089425
hsa-miR-6791-5p,hsa_circ_0089426
hsa-miR-6791-5p,hsa_circ_0089427
hsa-miR-6791-5p,hsa_circ_0089438
hsa-miR-6791-5p,hsa_circ_0089439
hsa-miR-6791-5p,hsa_circ_0089444
hsa-miR-6791-5p,hsa_circ_0089453
hsa-miR-6791-5p,hsa_circ_0089456
hsa-miR-6813-5p,hsa_circ_0091772
hsa-miR-6816-5p,hsa_circ_0079682
hsa-miR-6819-5p,hsa_circ_0026668
hsa-miR-6819-5p,hsa_circ_0026669
hsa-miR-6819-5p,hsa_circ_0026670
hsa-miR-6819-5p,hsa_circ_0026671
hsa-miR-6819-5p,hsa_circ_0026672
hsa-miR-6825-5p,hsa_circ_0078472
hsa-miR-6829-3p,hsa_circ_0063076
hsa-miR-6829-3p,hsa_circ_0063077
hsa-miR-6829-3p,hsa_circ_0063078
hsa-miR-6829-3p,hsa_circ_0063079
hsa-miR-6829-3p,hsa_circ_0063080
hsa-miR-6829-3p,hsa_circ_0063081
hsa-miR-6829-3p,hsa_circ_0063082
hsa-miR-6829-3p,hsa_circ_0063083
hsa-miR-6829-3p,hsa_circ_0063084
hsa-miR-6829-3p,hsa_circ_0063085
hsa-miR-6829-3p,hsa_circ_0063086
hsa-miR-6829-3p,hsa_circ_0063087
hsa-miR-6836-5p,hsa_circ_0031137
hsa-miR-6836-5p,hsa_circ_0031138
hsa-miR-6836-5p,hsa_circ_0031140
hsa-miR-6836-5p,hsa_circ_0034998
hsa-miR-6846-5p,hsa_circ_0009566
hsa-miR-6848-3p,hsa_circ_0018685
hsa-miR-6848-5p,hsa_circ_0039075
hsa-miR-6848-5p,hsa_circ_0039087
hsa-miR-6882-3p,hsa_circ_0023019
hsa-miR-6882-3p,hsa_circ_0023020
hsa-miR-6882-3p,hsa_circ_0023022
hsa-miR-6882-3p,hsa_circ_0023023
hsa-miR-6882-3p,hsa_circ_0082480
hsa-miR-6884-5p,hsa_circ_0087087
hsa-miR-6894-5p,hsa_circ_0039128
hsa-miR-762,hsa_circ_0051550
hsa-miR-762,hsa_circ_0063365
hsa-miR-765,hsa_circ_0039128
hsa-miR-7703,hsa_circ_0006922
hsa-miR-8089,hsa_circ_0052258
hsa-miR-93-5p,hsa_circ_0003384
hsa-miR-943,hsa_circ_0062088
hsa-miR-943,hsa_circ_0062089
hsa-miR-943,hsa_circ_0062093
hsa-miR-1207-5p,hsa_circ_0065481
hsa-miR-1236-3p,hsa_circ_0041734
hsa-miR-1249-5p,hsa_circ_0052283
hsa-miR-1249-5p,hsa_circ_0052284
hsa-miR-1303,hsa_circ_0054632
hsa-miR-1303,hsa_circ_0054633
hsa-miR-1306-5p,hsa_circ_0085899
hsa-miR-1306-5p,hsa_circ_0085900
hsa-miR-1587,hsa_circ_0059990
hsa-miR-1587,hsa_circ_0059996
hsa-miR-1909-3p,hsa_circ_0052245
hsa-miR-214-3p,hsa_circ_0040866
hsa-miR-22-5p,hsa_circ_0075975
hsa-miR-29b-2-5p,hsa_circ_0018435
hsa-miR-3065-3p,hsa_circ_0081156
hsa-miR-3065-3p,hsa_circ_0081159
hsa-miR-3140-3p,hsa_circ_0049104
hsa-miR-3140-3p,hsa_circ_0049108
hsa-miR-3162-5p,hsa_circ_0009372
hsa-miR-3163,hsa_circ_0007033
hsa-miR-3173-5p,hsa_circ_0045769
hsa-miR-3177-3p,hsa_circ_0079070
hsa-miR-3613-3p,hsa_circ_0001720
hsa-miR-3613-3p,hsa_circ_0003727
hsa-miR-3613-3p,hsa_circ_0013344
hsa-miR-3613-3p,hsa_circ_0047603
hsa-miR-3619-5p,hsa_circ_0084258
hsa-miR-3619-5p,hsa_circ_0084264
hsa-miR-3619-5p,hsa_circ_0084268
hsa-miR-3619-5p,hsa_circ_0084274
hsa-miR-3619-5p,hsa_circ_0084285
hsa-miR-3663-3p,hsa_circ_0044528
hsa-miR-3692-5p,hsa_circ_0068969
hsa-miR-3692-5p,hsa_circ_0068988
hsa-miR-373-3p,hsa_circ_0021851
hsa-miR-3929,hsa_circ_0005885
hsa-miR-3960,hsa_circ_0009496
hsa-miR-4430,hsa_circ_0000912
hsa-miR-4430,hsa_circ_0038605
hsa-miR-4430,hsa_circ_0043980
hsa-miR-4433b-3p,hsa_circ_0049129
hsa-miR-4436b-5p,hsa_circ_0085899
hsa-miR-4436b-5p,hsa_circ_0085900
hsa-miR-4474-3p,hsa_circ_0088736
hsa-miR-4474-3p,hsa_circ_0088740
hsa-miR-4498,hsa_circ_0061080
hsa-miR-450a-2-3p,hsa_circ_0072883
hsa-miR-450a-2-3p,hsa_circ_0072884
hsa-miR-450a-2-3p,hsa_circ_0072886
hsa-miR-450a-2-3p,hsa_circ_0072887
hsa-miR-450a-2-3p,hsa_circ_0072888
hsa-miR-450a-2-3p,hsa_circ_0072890
hsa-miR-450a-2-3p,hsa_circ_0072891
hsa-miR-450a-2-3p,hsa_circ_0072892
hsa-miR-450a-2-3p,hsa_circ_0072894
hsa-miR-450a-2-3p,hsa_circ_0072895
hsa-miR-450a-2-3p,hsa_circ_0072896
hsa-miR-450a-2-3p,hsa_circ_0072897
hsa-miR-4530,hsa_circ_0081113
hsa-miR-4638-3p,hsa_circ_0037434
hsa-miR-4638-3p,hsa_circ_0037436
hsa-miR-4638-3p,hsa_circ_0037437
hsa-miR-4638-3p,hsa_circ_0037438
hsa-miR-4638-3p,hsa_circ_0037439
hsa-miR-4638-3p,hsa_circ_0037440
hsa-miR-4668-5p,hsa_circ_0080029
hsa-miR-4684-5p,hsa_circ_0018825
hsa-miR-4684-5p,hsa_circ_0044246
hsa-miR-4684-5p,hsa_circ_0086740
hsa-miR-4685-5p,hsa_circ_0086981
hsa-miR-4722-5p,hsa_circ_0026579
hsa-miR-4722-5p,hsa_circ_0026582
hsa-miR-4722-5p,hsa_circ_0026583
hsa-miR-4722-5p,hsa_circ_0026585
hsa-miR-4722-5p,hsa_circ_0026586
hsa-miR-4726-5p,hsa_circ_0063518
hsa-miR-4733-3p,hsa_circ_0039035
hsa-miR-4753-3p,hsa_circ_0015199
hsa-miR-4753-3p,hsa_circ_0015204
hsa-miR-4753-3p,hsa_circ_0015212
hsa-miR-4753-3p,hsa_circ_0015213
hsa-miR-4753-3p,hsa_circ_0015214
hsa-miR-4753-3p,hsa_circ_0015216
hsa-miR-4753-3p,hsa_circ_0015217
hsa-miR-4753-3p,hsa_circ_0015218
hsa-miR-4760-3p,hsa_circ_0054611
hsa-miR-4763-3p,hsa_circ_0010744
hsa-miR-4763-3p,hsa_circ_0010745
hsa-miR-4763-3p,hsa_circ_0010750
hsa-miR-4763-3p,hsa_circ_0010753
hsa-miR-4763-3p,hsa_circ_0010755
hsa-miR-4763-3p,hsa_circ_0010760
hsa-miR-4763-3p,hsa_circ_0046033
hsa-miR-4775,hsa_circ_0001720
hsa-miR-492,hsa_circ_0057434
hsa-miR-492,hsa_circ_0057435
hsa-miR-492,hsa_circ_0057436
hsa-miR-492,hsa_circ_0057437
hsa-miR-492,hsa_circ_0057438
hsa-miR-492,hsa_circ_0057439
hsa-miR-5001-5p,hsa_circ_0064191
hsa-miR-5008-5p,hsa_circ_0039071
hsa-miR-5088-5p,hsa_circ_0048387
hsa-miR-5088-5p,hsa_circ_0048389
hsa-miR-5193,hsa_circ_0048412
hsa-miR-5193,hsa_circ_0048413
hsa-miR-5193,hsa_circ_0048414
hsa-miR-5196-3p,hsa_circ_0039087
hsa-miR-548a-5p,hsa_circ_0011617
hsa-miR-548az-5p,hsa_circ_0029891
hsa-miR-548l,hsa_circ_0043315
hsa-miR-5787,hsa_circ_0082878
hsa-miR-608,hsa_circ_0049485
hsa-miR-612,hsa_circ_0011487
hsa-miR-612,hsa_circ_0074523
hsa-miR-637,hsa_circ_0062583
hsa-miR-637,hsa_circ_0062585
hsa-miR-660-3p,hsa_circ_0009652
hsa-miR-664a-3p,hsa_circ_0035138
hsa-miR-665,hsa_circ_0089048
hsa-miR-6734-3p,hsa_circ_0001978
hsa-miR-6734-3p,hsa_circ_0008493
hsa-miR-6735-5p,hsa_circ_0009640
hsa-miR-6735-5p,hsa_circ_0009641
hsa-miR-6735-5p,hsa_circ_0009642
hsa-miR-6754-5p,hsa_circ_0010702
hsa-miR-6756-5p,hsa_circ_0046334
hsa-miR-6756-5p,hsa_circ_0048387
hsa-miR-6773-5p,hsa_circ_0039097
hsa-miR-6775-5p,hsa_circ_0037466
hsa-miR-6780a-5p,hsa_circ_0078962
hsa-miR-6782-3p,hsa_circ_0019901
hsa-miR-6782-3p,hsa_circ_0019902
hsa-miR-6782-3p,hsa_circ_0019903
hsa-miR-6782-3p,hsa_circ_0019904
hsa-miR-6782-3p,hsa_circ_0019905
hsa-miR-6782-3p,hsa_circ_0019906
hsa-miR-6782-3p,hsa_circ_0019907
hsa-miR-6782-3p,hsa_circ_0019908
hsa-miR-6782-3p,hsa_circ_0019909
hsa-miR-6786-5p,hsa_circ_0044509
hsa-miR-6786-5p,hsa_circ_0044520
hsa-miR-6806-5p,hsa_circ_0062544
hsa-miR-6848-5p,hsa_circ_0082878
hsa-miR-6848-5p,hsa_circ_0082879
hsa-miR-6852-5p,hsa_circ_0051755
hsa-miR-6875-3p,hsa_circ_0012789
hsa-miR-6881-3p,hsa_circ_0011586
hsa-miR-6883-5p,hsa_circ_0016730
hsa-miR-6884-5p,hsa_circ_0009099
hsa-miR-6884-5p,hsa_circ_0063515
hsa-miR-7110-3p,hsa_circ_0014863
hsa-miR-7111-3p,hsa_circ_0024407
hsa-miR-7111-3p,hsa_circ_0024409
hsa-miR-7111-3p,hsa_circ_0024410
hsa-miR-7111-3p,hsa_circ_0024411
hsa-miR-7111-3p,hsa_circ_0024412
hsa-miR-7111-3p,hsa_circ_0024413
hsa-miR-7111-3p,hsa_circ_0024414
hsa-miR-7160-5p,hsa_circ_0038445
hsa-miR-762,hsa_circ_0079232
hsa-miR-764,hsa_circ_0055601
hsa-miR-7843-5p,hsa_circ_0026141
hsa-miR-7843-5p,hsa_circ_0026144
hsa-miR-8072,hsa_circ_0037182
hsa-miR-8073,hsa_circ_0089547
hsa-miR-8089,hsa_circ_0058202
hsa-miR-877-3p,hsa_circ_0039778
hsa-miR-877-3p,hsa_circ_0039779
hsa-miR-877-3p,hsa_circ_0039780
hsa-miR-939-3p,hsa_circ_0014742
hsa-miR-103a-2-5p,hsa_circ_0029492
hsa-miR-103a-2-5p,hsa_circ_0029493
hsa-miR-103a-2-5p,hsa_circ_0029494
hsa-miR-103a-2-5p,hsa_circ_0029495
hsa-miR-103a-2-5p,hsa_circ_0029496
hsa-miR-103a-2-5p,hsa_circ_0029497
hsa-miR-1184,hsa_circ_0086929
hsa-miR-1184,hsa_circ_0086930
hsa-miR-1184,hsa_circ_0086931
hsa-miR-1184,hsa_circ_0086936
hsa-miR-1184,hsa_circ_0086938
hsa-miR-143-5p,hsa_circ_0004939
hsa-miR-149-3p,hsa_circ_0022613
hsa-miR-214-3p,hsa_circ_0080192
hsa-miR-3135a,hsa_circ_0043314
hsa-miR-3135a,hsa_circ_0044246
hsa-miR-3187-5p,hsa_circ_0046155
hsa-miR-328-5p,hsa_circ_0025080
hsa-miR-328-5p,hsa_circ_0025084
hsa-miR-328-5p,hsa_circ_0065416
hsa-miR-3619-5p,hsa_circ_0089547
hsa-miR-3620-5p,hsa_circ_0041666
hsa-miR-3661,hsa_circ_0010689
hsa-miR-3661,hsa_circ_0010694
hsa-miR-3661,hsa_circ_0010695
hsa-miR-3661,hsa_circ_0010698
hsa-miR-3661,hsa_circ_0010699
hsa-miR-3661,hsa_circ_0010700
hsa-miR-3661,hsa_circ_0010702
hsa-miR-367-3p,hsa_circ_0081596
hsa-miR-3692-5p,hsa_circ_0062818
hsa-miR-3692-5p,hsa_circ_0062822
hsa-miR-4430,hsa_circ_0039780
hsa-miR-4452,hsa_circ_0039973
hsa-miR-4452,hsa_circ_0039974
hsa-miR-4632-5p,hsa_circ_0020316
hsa-miR-4632-5p,hsa_circ_0025078
hsa-miR-4651,hsa_circ_0041954
hsa-miR-466,hsa_circ_0050973
hsa-miR-4685-3p,hsa_circ_0057425
hsa-miR-4685-3p,hsa_circ_0057438
hsa-miR-4685-5p,hsa_circ_0027147
hsa-miR-4685-5p,hsa_circ_0027148
hsa-miR-4685-5p,hsa_circ_0027151
hsa-miR-4685-5p,hsa_circ_0028998
hsa-miR-4685-5p,hsa_circ_0029003
hsa-miR-4685-5p,hsa_circ_0029011
hsa-miR-4685-5p,hsa_circ_0029013
hsa-miR-4685-5p,hsa_circ_0029014
hsa-miR-4687-3p,hsa_circ_0021485
hsa-miR-4691-5p,hsa_circ_0018316
hsa-miR-4694-3p,hsa_circ_0089788
hsa-miR-4694-3p,hsa_circ_0089789
hsa-miR-4728-5p,hsa_circ_0075041
hsa-miR-4751,hsa_circ_0057399
hsa-miR-4763-3p,hsa_circ_0021006
hsa-miR-4763-3p,hsa_circ_0071922
hsa-miR-4763-3p,hsa_circ_0071945
hsa-miR-4763-3p,hsa_circ_0091803
hsa-miR-4775,hsa_circ_0003384
hsa-miR-4775,hsa_circ_0013310
hsa-miR-4787-5p,hsa_circ_0089445
hsa-miR-4793-3p,hsa_circ_0016162
hsa-miR-4793-3p,hsa_circ_0016165
hsa-miR-495-3p,hsa_circ_0034140
hsa-miR-5001-5p,hsa_circ_0029292
hsa-miR-5001-5p,hsa_circ_0029294
hsa-miR-504-3p,hsa_circ_0043314
hsa-miR-5189-5p,hsa_circ_0010683
hsa-miR-5189-5p,hsa_circ_0049813
hsa-miR-5189-5p,hsa_circ_0049819
hsa-miR-5580-5p,hsa_circ_0034283
hsa-miR-5787,hsa_circ_0063446
hsa-miR-581,hsa_circ_0076825
hsa-miR-581,hsa_circ_0076826
hsa-miR-593-5p,hsa_circ_0044533
hsa-miR-593-5p,hsa_circ_0044534
hsa-miR-593-5p,hsa_circ_0044539
hsa-miR-593-5p,hsa_circ_0044547
hsa-miR-608,hsa_circ_0037543
hsa-miR-608,hsa_circ_0042840
hsa-miR-6511a-5p,hsa_circ_0087427
hsa-miR-6511a-5p,hsa_circ_0087428
hsa-miR-6511b-5p,hsa_circ_0037448
hsa-miR-6511b-5p,hsa_circ_0037451
hsa-miR-6511b-5p,hsa_circ_0037453
hsa-miR-6511b-5p,hsa_circ_0037455
hsa-miR-660-3p,hsa_circ_0005983
hsa-miR-660-3p,hsa_circ_0055327
hsa-miR-661,hsa_circ_0008067
hsa-miR-661,hsa_circ_0086110
hsa-miR-663a,hsa_circ_0051279
hsa-miR-663a,hsa_circ_0051285
hsa-miR-665,hsa_circ_0041457
hsa-miR-671-5p,hsa_circ_0030837
hsa-miR-6734-3p,hsa_circ_0002139
hsa-miR-6735-5p,hsa_circ_0055207
hsa-miR-6739-3p,hsa_circ_0015700
hsa-miR-6739-3p,hsa_circ_0015709
hsa-miR-6742-3p,hsa_circ_0045757
hsa-miR-6744-3p,hsa_circ_0044768
hsa-miR-6744-3p,hsa_circ_0044769
hsa-miR-6748-5p,hsa_circ_0080417
hsa-miR-6751-5p,hsa_circ_0036280
hsa-miR-6754-5p,hsa_circ_0031403
hsa-miR-6754-5p,hsa_circ_0031404
hsa-miR-6760-5p,hsa_circ_0010420
hsa-miR-6760-5p,hsa_circ_0021034
hsa-miR-6760-5p,hsa_circ_0021035
hsa-miR-6763-3p,hsa_circ_0016777
hsa-miR-6763-3p,hsa_circ_0016778
hsa-miR-6764-5p,hsa_circ_0062700
hsa-miR-6764-5p,hsa_circ_0062701
hsa-miR-6764-5p,hsa_circ_0062703
hsa-miR-6771-3p,hsa_circ_0014789
hsa-miR-6782-5p,hsa_circ_0019527
hsa-miR-6783-3p,hsa_circ_0065402
hsa-miR-6783-3p,hsa_circ_0065403
hsa-miR-6783-3p,hsa_circ_0065404
hsa-miR-6807-3p,hsa_circ_0081596
hsa-miR-6825-5p,hsa_circ_0020318
hsa-miR-6836-5p,hsa_circ_0026092
hsa-miR-6836-5p,hsa_circ_0026093
hsa-miR-6836-5p,hsa_circ_0026096
hsa-miR-6836-5p,hsa_circ_0026097
hsa-miR-6838-5p,hsa_circ_0040866
hsa-miR-6852-5p,hsa_circ_0020555
hsa-miR-6852-5p,hsa_circ_0034998
hsa-miR-6862-3p,hsa_circ_0063727
hsa-miR-6868-3p,hsa_circ_0085899
hsa-miR-6868-3p,hsa_circ_0085900
hsa-miR-6881-3p,hsa_circ_0034998
hsa-miR-6881-3p,hsa_circ_0091100
hsa-miR-6881-3p,hsa_circ_0091101
hsa-miR-6882-3p,hsa_circ_0028231
hsa-miR-6883-5p,hsa_circ_0026670
hsa-miR-6883-5p,hsa_circ_0026671
hsa-miR-6883-5p,hsa_circ_0026672
hsa-miR-6884-5p,hsa_circ_0001978
hsa-miR-6884-5p,hsa_circ_0002139
hsa-miR-6884-5p,hsa_circ_0008493
hsa-miR-6895-5p,hsa_circ_0039890
hsa-miR-7106-5p,hsa_circ_0044398
hsa-miR-7106-5p,hsa_circ_0044401
hsa-miR-7106-5p,hsa_circ_0044403
hsa-miR-7106-5p,hsa_circ_0044404
hsa-miR-7110-5p,hsa_circ_0051929
hsa-miR-7161-3p,hsa_circ_0025968
hsa-miR-7843-3p,hsa_circ_0059689
hsa-miR-885-3p,hsa_circ_0010541
hsa-miR-885-3p,hsa_circ_0010542
hsa-miR-885-3p,hsa_circ_0010544
hsa-miR-885-3p,hsa_circ_0010547
hsa-miR-885-3p,hsa_circ_0010548
hsa-miR-885-3p,hsa_circ_0010549
hsa-miR-885-3p,hsa_circ_0010552
hsa-miR-885-3p,hsa_circ_0010553
hsa-miR-885-3p,hsa_circ_0010555
hsa-miR-885-3p,hsa_circ_0010557
hsa-miR-885-3p,hsa_circ_0010558
hsa-miR-885-3p,hsa_circ_0010559
hsa-miR-885-3p,hsa_circ_0010560
hsa-miR-939-5p,hsa_circ_0050660
hsa-miR-942-5p,hsa_circ_0045434
hsa-miR-942-5p,hsa_circ_0045435
hsa-miR-942-5p,hsa_circ_0045436
hsa-miR-942-5p,hsa_circ_0045437
hsa-miR-942-5p,hsa_circ_0045439
hsa-miR-106a-5p,hsa_circ_0021566
hsa-miR-106a-5p,hsa_circ_0021567
hsa-miR-1255a,hsa_circ_0012336
hsa-miR-1299,hsa_circ_0073314
hsa-miR-1303,hsa_circ_0002848
hsa-miR-1538,hsa_circ_0091857
hsa-miR-1538,hsa_circ_0091858
hsa-miR-1538,hsa_circ_0091866
hsa-miR-1538,hsa_circ_0091867
hsa-miR-1538,hsa_circ_0091910
hsa-miR-1538,hsa_circ_0091911
hsa-miR-1538,hsa_circ_0091928
hsa-miR-1538,hsa_circ_0091933
hsa-miR-1538,hsa_circ_0091953
hsa-miR-17-5p,hsa_circ_0021566
hsa-miR-17-5p,hsa_circ_0021567
hsa-miR-1909-3p,hsa_circ_0026092
hsa-miR-1909-3p,hsa_circ_0026093
hsa-miR-1909-3p,hsa_circ_0026096
hsa-miR-1909-3p,hsa_circ_0026097
hsa-miR-1909-3p,hsa_circ_0026098
hsa-miR-1909-3p,hsa_circ_0026099
hsa-miR-1913,hsa_circ_0004886
hsa-miR-1915-3p,hsa_circ_0028998
hsa-miR-1915-3p,hsa_circ_0029003
hsa-miR-1915-3p,hsa_circ_0029011
hsa-miR-1915-3p,hsa_circ_0029013
hsa-miR-1915-3p,hsa_circ_0029014
hsa-miR-1915-5p,hsa_circ_0082191
hsa-miR-1972,hsa_circ_0025078
hsa-miR-210-5p,hsa_circ_0002172
hsa-miR-210-5p,hsa_circ_0089776
hsa-miR-23a-3p,hsa_circ_0068785
hsa-miR-30b-3p,hsa_circ_0002171
hsa-miR-3133,hsa_circ_0001800
hsa-miR-3159,hsa_circ_0080466
hsa-miR-335-3p,hsa_circ_0044246
hsa-miR-3689b-3p,hsa_circ_0005266
hsa-miR-3689c,hsa_circ_0005266
hsa-miR-3929,hsa_circ_0007679
hsa-miR-3929,hsa_circ_0078886
hsa-miR-3929,hsa_circ_0078946
hsa-miR-423-5p,hsa_circ_0049668
hsa-miR-4268,hsa_circ_0050839
hsa-miR-4273,hsa_circ_0059689
hsa-miR-4287,hsa_circ_0072883
hsa-miR-4287,hsa_circ_0072884
hsa-miR-4287,hsa_circ_0072886
hsa-miR-4287,hsa_circ_0072887
hsa-miR-4287,hsa_circ_0072888
hsa-miR-4524a-3p,hsa_circ_0060123
hsa-miR-4667-5p,hsa_circ_0078886
hsa-miR-4667-5p,hsa_circ_0078946
hsa-miR-466,hsa_circ_0091667
hsa-miR-4691-5p,hsa_circ_0023022
hsa-miR-4691-5p,hsa_circ_0023023
hsa-miR-4691-5p,hsa_circ_0062089
hsa-miR-4695-5p,hsa_circ_0021035
hsa-miR-4695-5p,hsa_circ_0043314
hsa-miR-4722-5p,hsa_circ_0020316
hsa-miR-4726-5p,hsa_circ_0030855
hsa-miR-4726-5p,hsa_circ_0030856
hsa-miR-4726-5p,hsa_circ_0030857
hsa-miR-4726-5p,hsa_circ_0030864
hsa-miR-4726-5p,hsa_circ_0030869
hsa-miR-4731-5p,hsa_circ_0012655
hsa-miR-4733-3p,hsa_circ_0037450
hsa-miR-4739,hsa_circ_0067139
hsa-miR-4763-3p,hsa_circ_0063366
hsa-miR-4763-3p,hsa_circ_0063367
hsa-miR-4763-3p,hsa_circ_0063368
hsa-miR-4776-3p,hsa_circ_0043980
hsa-miR-4776-5p,hsa_circ_0081125
hsa-miR-4776-5p,hsa_circ_0081129
hsa-miR-4776-5p,hsa_circ_0081130
hsa-miR-4776-5p,hsa_circ_0081131
hsa-miR-4776-5p,hsa_circ_0081133
hsa-miR-4776-5p,hsa_circ_0081135
hsa-miR-4776-5p,hsa_circ_0081136
hsa-miR-4776-5p,hsa_circ_0081137
hsa-miR-4776-5p,hsa_circ_0081138
hsa-miR-4776-5p,hsa_circ_0081142
hsa-miR-4776-5p,hsa_circ_0081143
hsa-miR-5008-5p,hsa_circ_0000254
hsa-miR-5189-5p,hsa_circ_0010662
hsa-miR-5189-5p,hsa_circ_0010663
hsa-miR-5189-5p,hsa_circ_0010669
hsa-miR-5193,hsa_circ_0028231
hsa-miR-6081,hsa_circ_0051048
hsa-miR-6132,hsa_circ_0049813
hsa-miR-6132,hsa_circ_0049814
hsa-miR-6134,hsa_circ_0050102
hsa-miR-6134,hsa_circ_0055327
hsa-miR-615-5p,hsa_circ_0019896
hsa-miR-615-5p,hsa_circ_0019897
hsa-miR-615-5p,hsa_circ_0019898
hsa-miR-615-5p,hsa_circ_0019899
hsa-miR-615-5p,hsa_circ_0019900
hsa-miR-615-5p,hsa_circ_0019901
hsa-miR-615-5p,hsa_circ_0019902
hsa-miR-615-5p,hsa_circ_0019903
hsa-miR-615-5p,hsa_circ_0019904
hsa-miR-615-5p,hsa_circ_0019905
hsa-miR-615-5p,hsa_circ_0019906
hsa-miR-615-5p,hsa_circ_0019907
hsa-miR-615-5p,hsa_circ_0019908
hsa-miR-615-5p,hsa_circ_0019909
hsa-miR-615-5p,hsa_circ_0019913
hsa-miR-615-5p,hsa_circ_0019914
hsa-miR-6511a-5p,hsa_circ_0027022
hsa-miR-661,hsa_circ_0037450
hsa-miR-661,hsa_circ_0037451
hsa-miR-661,hsa_circ_0037453
hsa-miR-665,hsa_circ_0075921
hsa-miR-665,hsa_circ_0078806
hsa-miR-665,hsa_circ_0078807
hsa-miR-6721-5p,hsa_circ_0026098
hsa-miR-6721-5p,hsa_circ_0026099
hsa-miR-6722-3p,hsa_circ_0009561
hsa-miR-6722-3p,hsa_circ_0009562
hsa-miR-6722-3p,hsa_circ_0009563
hsa-miR-6722-3p,hsa_circ_0020318
hsa-miR-6741-5p,hsa_circ_0010542
hsa-miR-6741-5p,hsa_circ_0010549
hsa-miR-6741-5p,hsa_circ_0010553
hsa-miR-6741-5p,hsa_circ_0010560
hsa-miR-6743-5p,hsa_circ_0009640
hsa-miR-6743-5p,hsa_circ_0009641
hsa-miR-6743-5p,hsa_circ_0009642
hsa-miR-6751-5p,hsa_circ_0075115
hsa-miR-6754-3p,hsa_circ_0060071
hsa-miR-6754-3p,hsa_circ_0060073
hsa-miR-6754-3p,hsa_circ_0060075
hsa-miR-6756-5p,hsa_circ_0048698
hsa-miR-6756-5p,hsa_circ_0048709
hsa-miR-6760-3p,hsa_circ_0020760
hsa-miR-6760-3p,hsa_circ_0020761
hsa-miR-6760-3p,hsa_circ_0020762
hsa-miR-6775-5p,hsa_circ_0051922
hsa-miR-6782-5p,hsa_circ_0089792
hsa-miR-6796-5p,hsa_circ_0028434
hsa-miR-6798-5p,hsa_circ_0031403
hsa-miR-6798-5p,hsa_circ_0031404
hsa-miR-6811-3p,hsa_circ_0088738
hsa-miR-6811-3p,hsa_circ_0088741
hsa-miR-6813-5p,hsa_circ_0058199
hsa-miR-6818-3p,hsa_circ_0072883
hsa-miR-6836-5p,hsa_circ_0044505
hsa-miR-6836-5p,hsa_circ_0044506
hsa-miR-6836-5p,hsa_circ_0044514
hsa-miR-6836-5p,hsa_circ_0044525
hsa-miR-6847-5p,hsa_circ_0090598
hsa-miR-6860,hsa_circ_0086864
hsa-miR-6860,hsa_circ_0086866
hsa-miR-6860,hsa_circ_0086867
hsa-miR-6860,hsa_circ_0086871
hsa-miR-6860,hsa_circ_0086885
hsa-miR-6860,hsa_circ_0086886
hsa-miR-6860,hsa_circ_0086887
hsa-miR-6860,hsa_circ_0086888
hsa-miR-6860,hsa_circ_0086892
hsa-miR-6860,hsa_circ_0086893
hsa-miR-6860,hsa_circ_0086897
hsa-miR-6860,hsa_circ_0086898
hsa-miR-6867-3p,hsa_circ_0065411
hsa-miR-6867-3p,hsa_circ_0065414
hsa-miR-6867-3p,hsa_circ_0065415
hsa-miR-6867-3p,hsa_circ_0065416
hsa-miR-6873-3p,hsa_circ_0078981
hsa-miR-6873-3p,hsa_circ_0078982
hsa-miR-6881-3p,hsa_circ_0062544
hsa-miR-6884-5p,hsa_circ_0010542
hsa-miR-6887-3p,hsa_circ_0034998
hsa-miR-7110-5p,hsa_circ_0050794
hsa-miR-7110-5p,hsa_circ_0050802
hsa-miR-7111-5p,hsa_circ_0014863
hsa-miR-7113-5p,hsa_circ_0034154
hsa-miR-762,hsa_circ_0037564
hsa-miR-762,hsa_circ_0037568
hsa-miR-762,hsa_circ_0037570
hsa-miR-762,hsa_circ_0037574
hsa-miR-762,hsa_circ_0048033
hsa-miR-762,hsa_circ_0048034
hsa-miR-762,hsa_circ_0048035
hsa-miR-762,hsa_circ_0048036
hsa-miR-762,hsa_circ_0048037
hsa-miR-762,hsa_circ_0048038
hsa-miR-762,hsa_circ_0048039
hsa-miR-762,hsa_circ_0050085
hsa-miR-762,hsa_circ_0050086
hsa-miR-762,hsa_circ_0075082
hsa-miR-762,hsa_circ_0075083
hsa-miR-1207-5p,hsa_circ_0022613
hsa-miR-1207-5p,hsa_circ_0061088
hsa-miR-1226-5p,hsa_circ_0026925
hsa-miR-1226-5p,hsa_circ_0026926
hsa-miR-1226-5p,hsa_circ_0026927
hsa-miR-1226-5p,hsa_circ_0026928
hsa-miR-1226-5p,hsa_circ_0026929
hsa-miR-1236-3p,hsa_circ_0058374
hsa-miR-1301-3p,hsa_circ_0026092
hsa-miR-1301-3p,hsa_circ_0026093
hsa-miR-1301-3p,hsa_circ_0026096
hsa-miR-1301-3p,hsa_circ_0026097
hsa-miR-1301-3p,hsa_circ_0034769
hsa-miR-1303,hsa_circ_0000062
hsa-miR-1303,hsa_circ_0005983
hsa-miR-138-5p,hsa_circ_0011487
hsa-miR-1538,hsa_circ_0022858
hsa-miR-1538,hsa_circ_0022859
hsa-miR-1538,hsa_circ_0022861
hsa-miR-1538,hsa_circ_0022862
hsa-miR-1538,hsa_circ_0022870
hsa-miR-16-5p,hsa_circ_0040861
hsa-miR-16-5p,hsa_circ_0040867
hsa-miR-196a-3p,hsa_circ_0080692
hsa-miR-2467-3p,hsa_circ_0071546
hsa-miR-2467-3p,hsa_circ_0071547
hsa-miR-29a-5p,hsa_circ_0016456
hsa-miR-3135b,hsa_circ_0029218
hsa-miR-3163,hsa_circ_0055605
hsa-miR-3163,hsa_circ_0055606
hsa-miR-3187-5p,hsa_circ_0086865
hsa-miR-328-5p,hsa_circ_0028231
hsa-miR-328-5p,hsa_circ_0069071
hsa-miR-3619-5p,hsa_circ_0013418
hsa-miR-3619-5p,hsa_circ_0013419
hsa-miR-3619-5p,hsa_circ_0025078
hsa-miR-3619-5p,hsa_circ_0046334
hsa-miR-3620-5p,hsa_circ_0041891
hsa-miR-3661,hsa_circ_0010571
hsa-miR-3661,hsa_circ_0010594
hsa-miR-3661,hsa_circ_0010595
hsa-miR-3661,hsa_circ_0010618
hsa-miR-3692-5p,hsa_circ_0049837
hsa-miR-372-3p,hsa_circ_0049157
hsa-miR-3916,hsa_circ_0076276
hsa-miR-3929,hsa_circ_0008351
hsa-miR-3929,hsa_circ_0068732
hsa-miR-3929,hsa_circ_0068741
hsa-miR-3929,hsa_circ_0068752
hsa-miR-3929,hsa_circ_0068761
hsa-miR-3929,hsa_circ_0068762
hsa-miR-3960,hsa_circ_0052258
hsa-miR-4427,hsa_circ_0051055
hsa-miR-4476,hsa_circ_0039762
hsa-miR-4505,hsa_circ_0033561
hsa-miR-4684-5p,hsa_circ_0060490
hsa-miR-4685-3p,hsa_circ_0049716
hsa-miR-4685-5p,hsa_circ_0038486
hsa-miR-4728-5p,hsa_circ_0081673
hsa-miR-4739,hsa_circ_0031404
hsa-miR-4739,hsa_circ_0050101
hsa-miR-4749-3p,hsa_circ_0020316
hsa-miR-4763-3p,hsa_circ_0037739
hsa-miR-4763-3p,hsa_circ_0051550
hsa-miR-4775,hsa_circ_0000062
hsa-miR-4775,hsa_circ_0004454
hsa-miR-4793-3p,hsa_circ_0076614
hsa-miR-5001-5p,hsa_circ_0050113
hsa-miR-5001-5p,hsa_circ_0089792
hsa-miR-5193,hsa_circ_0082480
hsa-miR-545-5p,hsa_circ_0002848
hsa-miR-593-5p,hsa_circ_0021034
hsa-miR-593-5p,hsa_circ_0021035
hsa-miR-6504-3p,hsa_circ_0079934
hsa-miR-661,hsa_circ_0034771
hsa-miR-661,hsa_circ_0062446
hsa-miR-6722-3p,hsa_circ_0025078
hsa-miR-6722-3p,hsa_circ_0025080
hsa-miR-6722-3p,hsa_circ_0025081
hsa-miR-6722-3p,hsa_circ_0025082
hsa-miR-6722-3p,hsa_circ_0025084
hsa-miR-6722-3p,hsa_circ_0068587
hsa-miR-6735-5p,hsa_circ_0035116
hsa-miR-6749-5p,hsa_circ_0038203
hsa-miR-6752-5p,hsa_circ_0039099
hsa-miR-6752-5p,hsa_circ_0039105
hsa-miR-6752-5p,hsa_circ_0041951
hsa-miR-6752-5p,hsa_circ_0041952
hsa-miR-6779-5p,hsa_circ_0002172
hsa-miR-6779-5p,hsa_circ_0089776
hsa-miR-6780a-5p,hsa_circ_0006177
hsa-miR-6788-5p,hsa_circ_0078934
hsa-miR-6791-5p,hsa_circ_0049818
hsa-miR-6791-5p,hsa_circ_0049820
hsa-miR-6798-5p,hsa_circ_0044563
hsa-miR-6803-5p,hsa_circ_0024591
hsa-miR-6808-5p,hsa_circ_0040861
hsa-miR-6808-5p,hsa_circ_0040867
hsa-miR-6808-5p,hsa_circ_0049818
hsa-miR-6829-3p,hsa_circ_0048698
hsa-miR-6829-3p,hsa_circ_0048709
hsa-miR-6837-5p,hsa_circ_0046479
hsa-miR-6852-5p,hsa_circ_0019927
hsa-miR-6852-5p,hsa_circ_0019928
hsa-miR-6852-5p,hsa_circ_0019929
hsa-miR-6852-5p,hsa_circ_0019930
hsa-miR-6852-5p,hsa_circ_0019931
hsa-miR-6868-3p,hsa_circ_0034283
hsa-miR-6868-3p,hsa_circ_0034284
hsa-miR-6875-3p,hsa_circ_0013869
hsa-miR-6884-5p,hsa_circ_0038486
hsa-miR-6884-5p,hsa_circ_0052316
hsa-miR-6884-5p,hsa_circ_0074024
hsa-miR-6884-5p,hsa_circ_0074025
hsa-miR-6893-3p,hsa_circ_0065130
hsa-miR-6893-3p,hsa_circ_0065132
hsa-miR-762,hsa_circ_0026092
hsa-miR-762,hsa_circ_0026093
hsa-miR-762,hsa_circ_0026096
hsa-miR-762,hsa_circ_0026097
hsa-miR-762,hsa_circ_0038203
hsa-miR-7703,hsa_circ_0005558
hsa-miR-7851-3p,hsa_circ_0006177
hsa-miR-939-3p,hsa_circ_0018291
hsa-miR-939-3p,hsa_circ_0065363
hsa-miR-939-3p,hsa_circ_0091772
hsa-miR-939-5p,hsa_circ_0081633
hsa-miR-1205,hsa_circ_0068940
hsa-miR-1226-3p,hsa_circ_0091846
hsa-miR-1226-3p,hsa_circ_0091847
hsa-miR-1226-3p,hsa_circ_0091848
hsa-miR-1226-3p,hsa_circ_0091849
hsa-miR-1226-3p,hsa_circ_0091850
hsa-miR-1226-3p,hsa_circ_0091851
hsa-miR-1226-3p,hsa_circ_0091852
hsa-miR-1226-3p,hsa_circ_0091853
hsa-miR-1226-3p,hsa_circ_0091854
hsa-miR-1260b,hsa_circ_0081673
hsa-miR-1303,hsa_circ_0012557
hsa-miR-1343-3p,hsa_circ_0030837
hsa-miR-1343-3p,hsa_circ_0030838
hsa-miR-1538,hsa_circ_0064015
hsa-miR-181a-5p,hsa_circ_0073787
hsa-miR-186-5p,hsa_circ_0052293
hsa-miR-18a-3p,hsa_circ_0081678
hsa-miR-1913,hsa_circ_0058371
hsa-miR-1915-3p,hsa_circ_0051293
hsa-miR-20b-5p,hsa_circ_0021566
hsa-miR-20b-5p,hsa_circ_0021567
hsa-miR-214-3p,hsa_circ_0033251
hsa-miR-214-3p,hsa_circ_0033273
hsa-miR-214-3p,hsa_circ_0033278
hsa-miR-214-3p,hsa_circ_0033282
hsa-miR-214-3p,hsa_circ_0033289
hsa-miR-2277-5p,hsa_circ_0091699
hsa-miR-302b-3p,hsa_circ_0019125
hsa-miR-30b-3p,hsa_circ_0078806
hsa-miR-3135b,hsa_circ_0043314
hsa-miR-3145-3p,hsa_circ_0005885
hsa-miR-3173-3p,hsa_circ_0086740
hsa-miR-3180-3p,hsa_circ_0022605
hsa-miR-3192-5p,hsa_circ_0075946
hsa-miR-3613-3p,hsa_circ_0001800
hsa-miR-3619-5p,hsa_circ_0009650
hsa-miR-3692-3p,hsa_circ_0052290
hsa-miR-3929,hsa_circ_0002147
hsa-miR-3929,hsa_circ_0004779
hsa-miR-3929,hsa_circ_0041457
hsa-miR-3929,hsa_circ_0041458
hsa-miR-423-5p,hsa_circ_0082879
hsa-miR-4270,hsa_circ_0010608
hsa-miR-4270,hsa_circ_0010609
hsa-miR-4270,hsa_circ_0010610
hsa-miR-4270,hsa_circ_0010625
hsa-miR-4270,hsa_circ_0010626
hsa-miR-4430,hsa_circ_0011819
hsa-miR-4632-5p,hsa_circ_0021006
hsa-miR-4651,hsa_circ_0090569
hsa-miR-4656,hsa_circ_0050102
hsa-miR-4658,hsa_circ_0059522
hsa-miR-4658,hsa_circ_0059523
hsa-miR-4658,hsa_circ_0059524
hsa-miR-4685-5p,hsa_circ_0023022
hsa-miR-4685-5p,hsa_circ_0063076
hsa-miR-4685-5p,hsa_circ_0063077
hsa-miR-4685-5p,hsa_circ_0063078
hsa-miR-4691-5p,hsa_circ_0028684
hsa-miR-4691-5p,hsa_circ_0028685
hsa-miR-4691-5p,hsa_circ_0028691
hsa-miR-4706,hsa_circ_0012655
hsa-miR-4722-5p,hsa_circ_0089547
hsa-miR-4725-5p,hsa_circ_0049103
hsa-miR-4725-5p,hsa_circ_0049104
hsa-miR-4725-5p,hsa_circ_0049105
hsa-miR-4725-5p,hsa_circ_0049106
hsa-miR-4725-5p,hsa_circ_0049108
hsa-miR-4728-5p,hsa_circ_0063366
hsa-miR-4728-5p,hsa_circ_0063367
hsa-miR-4728-5p,hsa_circ_0063368
hsa-miR-4732-3p,hsa_circ_0046379
hsa-miR-4739,hsa_circ_0024595
hsa-miR-4751,hsa_circ_0057449
hsa-miR-4751,hsa_circ_0057450
hsa-miR-4763-3p,hsa_circ_0017198
hsa-miR-4763-3p,hsa_circ_0048085
hsa-miR-4763-3p,hsa_circ_0090569
hsa-miR-4787-5p,hsa_circ_0048726
hsa-miR-5001-5p,hsa_circ_0051116
hsa-miR-5001-5p,hsa_circ_0079247
hsa-miR-5001-5p,hsa_circ_0079250
hsa-miR-5189-5p,hsa_circ_0008323
hsa-miR-5193,hsa_circ_0022422
hsa-miR-5787,hsa_circ_0034321
hsa-miR-5787,hsa_circ_0039106
hsa-miR-5787,hsa_circ_0075115
hsa-miR-608,hsa_circ_0020841
hsa-miR-6132,hsa_circ_0044559
hsa-miR-6132,hsa_circ_0044560
hsa-miR-6504-3p,hsa_circ_0080677
hsa-miR-660-3p,hsa_circ_0085812
hsa-miR-670-3p,hsa_circ_0049716
hsa-miR-671-3p,hsa_circ_0088171
hsa-miR-671-3p,hsa_circ_0088172
hsa-miR-6756-5p,hsa_circ_0022728
hsa-miR-6756-5p,hsa_circ_0029300
hsa-miR-6774-5p,hsa_circ_0091850
hsa-miR-6774-5p,hsa_circ_0091851
hsa-miR-6774-5p,hsa_circ_0091852
hsa-miR-6779-5p,hsa_circ_0020595
hsa-miR-6780a-5p,hsa_circ_0007346
hsa-miR-6780a-5p,hsa_circ_0055407
hsa-miR-6780a-5p,hsa_circ_0081678
hsa-miR-6783-3p,hsa_circ_0065397
hsa-miR-6783-3p,hsa_circ_0065398
hsa-miR-6785-5p,hsa_circ_0010420
hsa-miR-6787-3p,hsa_circ_0034771
hsa-miR-6791-5p,hsa_circ_0033532
hsa-miR-6791-5p,hsa_circ_0033533
hsa-miR-6791-5p,hsa_circ_0033534
hsa-miR-6795-3p,hsa_circ_0089785
hsa-miR-6795-5p,hsa_circ_0010420
hsa-miR-6799-3p,hsa_circ_0061080
hsa-miR-6799-3p,hsa_circ_0061083
hsa-miR-6799-5p,hsa_circ_0051922
hsa-miR-6803-5p,hsa_circ_0064191
hsa-miR-6819-5p,hsa_circ_0026093
hsa-miR-6819-5p,hsa_circ_0026097
hsa-miR-6829-3p,hsa_circ_0040866
hsa-miR-6836-3p,hsa_circ_0065481
hsa-miR-6846-5p,hsa_circ_0050086
hsa-miR-6852-5p,hsa_circ_0049109
hsa-miR-6852-5p,hsa_circ_0049110
hsa-miR-6852-5p,hsa_circ_0049111
hsa-miR-6852-5p,hsa_circ_0049112
hsa-miR-6852-5p,hsa_circ_0049113
hsa-miR-6852-5p,hsa_circ_0049115
hsa-miR-6852-5p,hsa_circ_0049116
hsa-miR-6852-5p,hsa_circ_0049120
hsa-miR-6852-5p,hsa_circ_0049122
hsa-miR-6852-5p,hsa_circ_0049125
hsa-miR-6860,hsa_circ_0023414
hsa-miR-6860,hsa_circ_0082885
hsa-miR-6868-3p,hsa_circ_0026097
hsa-miR-6875-3p,hsa_circ_0051857
hsa-miR-6876-3p,hsa_circ_0040923
hsa-miR-6876-3p,hsa_circ_0040925
hsa-miR-6878-5p,hsa_circ_0089081
hsa-miR-6879-5p,hsa_circ_0052253
hsa-miR-6879-5p,hsa_circ_0075946
hsa-miR-6881-3p,hsa_circ_0063509
hsa-miR-6881-3p,hsa_circ_0063510
hsa-miR-6881-3p,hsa_circ_0063511
hsa-miR-6881-3p,hsa_circ_0063512
hsa-miR-6881-3p,hsa_circ_0063513
hsa-miR-6881-3p,hsa_circ_0063514
hsa-miR-6881-3p,hsa_circ_0063515
hsa-miR-6881-3p,hsa_circ_0063516
hsa-miR-6881-3p,hsa_circ_0063517
hsa-miR-6881-3p,hsa_circ_0063519
hsa-miR-6881-3p,hsa_circ_0063522
hsa-miR-6881-3p,hsa_circ_0063523
hsa-miR-6881-3p,hsa_circ_0063524
hsa-miR-6881-3p,hsa_circ_0063525
hsa-miR-6881-3p,hsa_circ_0063526
hsa-miR-6883-5p,hsa_circ_0038898
hsa-miR-6884-5p,hsa_circ_0072026
hsa-miR-6884-5p,hsa_circ_0088723
hsa-miR-7161-3p,hsa_circ_0023580
hsa-miR-7161-3p,hsa_circ_0023581
hsa-miR-762,hsa_circ_0012044
hsa-miR-762,hsa_circ_0012046
hsa-miR-762,hsa_circ_0029294
hsa-miR-762,hsa_circ_0029296
hsa-miR-762,hsa_circ_0029297
hsa-miR-762,hsa_circ_0055270
hsa-miR-762,hsa_circ_0055271
hsa-miR-762,hsa_circ_0055272
hsa-miR-762,hsa_circ_0058374
hsa-miR-7703,hsa_circ_0025078
hsa-miR-7843-5p,hsa_circ_0025086
hsa-miR-8072,hsa_circ_0067307
hsa-miR-8089,hsa_circ_0085812
hsa-miR-874-5p,hsa_circ_0092076
hsa-miR-939-5p,hsa_circ_0031403
hsa-miR-939-5p,hsa_circ_0067139
hsa-miR-106b-5p,hsa_circ_0008352
hsa-miR-1184,hsa_circ_0049922
hsa-miR-1207-5p,hsa_circ_0010661
hsa-miR-1207-5p,hsa_circ_0010666
hsa-miR-1207-5p,hsa_circ_0058374
hsa-miR-1229-5p,hsa_circ_0055230
hsa-miR-1229-5p,hsa_circ_0055233
hsa-miR-1229-5p,hsa_circ_0055235
hsa-miR-1229-5p,hsa_circ_0055236
hsa-miR-1229-5p,hsa_circ_0055237
hsa-miR-1229-5p,hsa_circ_0055239
hsa-miR-1236-3p,hsa_circ_0069223
hsa-miR-1236-3p,hsa_circ_0072888
hsa-miR-1236-3p,hsa_circ_0072890
hsa-miR-1236-3p,hsa_circ_0072891
hsa-miR-1236-3p,hsa_circ_0072895
hsa-miR-1236-3p,hsa_circ_0072896
hsa-miR-1236-3p,hsa_circ_0091093
hsa-miR-1244,hsa_circ_0019282
hsa-miR-1273h-5p,hsa_circ_0069028
hsa-miR-143-5p,hsa_circ_0078934
hsa-miR-152-3p,hsa_circ_0013869
hsa-miR-1587,hsa_circ_0042657
hsa-miR-1587,hsa_circ_0042658
hsa-miR-1587,hsa_circ_0042662
hsa-miR-1587,hsa_circ_0042663
hsa-miR-1587,hsa_circ_0042674
hsa-miR-1587,hsa_circ_0042680
hsa-miR-1587,hsa_circ_0051922
hsa-miR-190a-3p,hsa_circ_0024881
hsa-miR-190a-3p,hsa_circ_0030277
hsa-miR-1913,hsa_circ_0020756
hsa-miR-1913,hsa_circ_0020757
hsa-miR-1913,hsa_circ_0020758
hsa-miR-1913,hsa_circ_0020759
hsa-miR-1913,hsa_circ_0020760
hsa-miR-1913,hsa_circ_0020761
hsa-miR-1913,hsa_circ_0020762
hsa-miR-1914-5p,hsa_circ_0002172
hsa-miR-3064-5p,hsa_circ_0086872
hsa-miR-3064-5p,hsa_circ_0086873
hsa-miR-3064-5p,hsa_circ_0086881
hsa-miR-3064-5p,hsa_circ_0086889
hsa-miR-3064-5p,hsa_circ_0086890
hsa-miR-3064-5p,hsa_circ_0086891
hsa-miR-3064-5p,hsa_circ_0086904
hsa-miR-30e-5p,hsa_circ_0013869
hsa-miR-3121-5p,hsa_circ_0002769
hsa-miR-3135b,hsa_circ_0013310
hsa-miR-3135b,hsa_circ_0044246
hsa-miR-3173-5p,hsa_circ_0065990
hsa-miR-3187-5p,hsa_circ_0061433
hsa-miR-3192-5p,hsa_circ_0072824
hsa-miR-3192-5p,hsa_circ_0092179
hsa-miR-335-3p,hsa_circ_0061659
hsa-miR-3613-3p,hsa_circ_0006940
hsa-miR-3613-3p,hsa_circ_0031813
hsa-miR-3657,hsa_circ_0020280
hsa-miR-3657,hsa_circ_0020282
hsa-miR-3657,hsa_circ_0020283
hsa-miR-3686,hsa_circ_0007286
hsa-miR-3692-3p,hsa_circ_0052317
hsa-miR-373-3p,hsa_circ_0038906
hsa-miR-3918,hsa_circ_0038871
hsa-miR-3929,hsa_circ_0092179
hsa-miR-4498,hsa_circ_0051281
hsa-miR-4524a-3p,hsa_circ_0006177
hsa-miR-4640-5p,hsa_circ_0068940
hsa-miR-4656,hsa_circ_0020316
hsa-miR-4656,hsa_circ_0026211
hsa-miR-4656,hsa_circ_0041843
hsa-miR-4658,hsa_circ_0089837
hsa-miR-4658,hsa_circ_0089839
hsa-miR-4685-5p,hsa_circ_0010255
hsa-miR-4691-5p,hsa_circ_0071922
hsa-miR-4717-5p,hsa_circ_0051048
hsa-miR-4720-5p,hsa_circ_0030855
hsa-miR-4720-5p,hsa_circ_0030856
hsa-miR-4720-5p,hsa_circ_0030857
hsa-miR-4720-5p,hsa_circ_0030864
hsa-miR-4720-5p,hsa_circ_0030869
hsa-miR-4720-5p,hsa_circ_0030873
hsa-miR-4720-5p,hsa_circ_0030874
hsa-miR-4722-5p,hsa_circ_0009399
hsa-miR-4726-3p,hsa_circ_0062704
hsa-miR-4728-5p,hsa_circ_0046048
hsa-miR-4731-5p,hsa_circ_0091845
hsa-miR-4731-5p,hsa_circ_0091846
hsa-miR-4731-5p,hsa_circ_0091847
hsa-miR-4731-5p,hsa_circ_0091848
hsa-miR-4731-5p,hsa_circ_0091849
hsa-miR-4731-5p,hsa_circ_0091850
hsa-miR-4731-5p,hsa_circ_0091851
hsa-miR-4731-5p,hsa_circ_0091852
hsa-miR-4731-5p,hsa_circ_0091853
hsa-miR-4731-5p,hsa_circ_0091854
hsa-miR-4731-5p,hsa_circ_0091855
hsa-miR-4731-5p,hsa_circ_0091856
hsa-miR-4731-5p,hsa_circ_0091857
hsa-miR-4731-5p,hsa_circ_0091858
hsa-miR-4753-3p,hsa_circ_0000965
hsa-miR-4763-3p,hsa_circ_0053176
hsa-miR-4763-3p,hsa_circ_0053179
hsa-miR-4763-3p,hsa_circ_0055230
hsa-miR-4763-3p,hsa_circ_0055233
hsa-miR-4763-3p,hsa_circ_0055235
hsa-miR-4763-3p,hsa_circ_0055236
hsa-miR-4763-3p,hsa_circ_0055237
hsa-miR-4763-3p,hsa_circ_0055239
hsa-miR-4763-3p,hsa_circ_0086110
hsa-miR-4763-3p,hsa_circ_0086858
hsa-miR-4763-3p,hsa_circ_0086859
hsa-miR-4763-3p,hsa_circ_0086860
hsa-miR-485-5p,hsa_circ_0041843
hsa-miR-5001-5p,hsa_circ_0004021
hsa-miR-5001-5p,hsa_circ_0029472
hsa-miR-5001-5p,hsa_circ_0059128
hsa-miR-504-3p,hsa_circ_0075924
hsa-miR-5187-5p,hsa_circ_0052123
hsa-miR-5189-5p,hsa_circ_0010703
hsa-miR-5196-5p,hsa_circ_0036324
hsa-miR-5684,hsa_circ_0044246
hsa-miR-597-3p,hsa_circ_0088171
hsa-miR-597-3p,hsa_circ_0088172
hsa-miR-608,hsa_circ_0051649
hsa-miR-612,hsa_circ_0063778
hsa-miR-637,hsa_circ_0048499
hsa-miR-637,hsa_circ_0081693
hsa-miR-6511b-5p,hsa_circ_0089547
hsa-miR-660-3p,hsa_circ_0049495
hsa-miR-664a-3p,hsa_circ_0073779
hsa-miR-665,hsa_circ_0057201
hsa-miR-671-5p,hsa_circ_0089684
hsa-miR-6722-3p,hsa_circ_0034711
hsa-miR-6722-3p,hsa_circ_0065481
hsa-miR-6734-3p,hsa_circ_0055207
hsa-miR-6735-5p,hsa_circ_0090598
hsa-miR-6736-3p,hsa_circ_0032957
hsa-miR-6741-5p,hsa_circ_0049119
hsa-miR-6743-5p,hsa_circ_0089512
hsa-miR-6752-5p,hsa_circ_0010664
hsa-miR-6752-5p,hsa_circ_0010691
hsa-miR-6754-5p,hsa_circ_0042204
hsa-miR-6758-5p,hsa_circ_0062512
hsa-miR-6774-5p,hsa_circ_0091866
hsa-miR-6774-5p,hsa_circ_0091867
hsa-miR-6774-5p,hsa_circ_0091870
hsa-miR-6774-5p,hsa_circ_0091910
hsa-miR-6774-5p,hsa_circ_0091911
hsa-miR-6780a-5p,hsa_circ_0049494
hsa-miR-6780a-5p,hsa_circ_0072824
hsa-miR-6791-5p,hsa_circ_0051665
hsa-miR-6791-5p,hsa_circ_0075115
hsa-miR-6798-5p,hsa_circ_0026098
hsa-miR-6798-5p,hsa_circ_0026099
hsa-miR-6803-5p,hsa_circ_0051755
hsa-miR-6805-5p,hsa_circ_0078886
hsa-miR-6805-5p,hsa_circ_0078946
hsa-miR-6807-3p,hsa_circ_0087427
hsa-miR-6807-3p,hsa_circ_0087428
hsa-miR-6808-5p,hsa_circ_0063518
hsa-miR-6811-5p,hsa_circ_0070105
hsa-miR-6811-5p,hsa_circ_0070125
hsa-miR-6812-5p,hsa_circ_0040735
hsa-miR-6824-5p,hsa_circ_0041864
hsa-miR-6824-5p,hsa_circ_0041876
hsa-miR-6824-5p,hsa_circ_0041881
hsa-miR-6825-5p,hsa_circ_0008067
hsa-miR-6825-5p,hsa_circ_0011902
hsa-miR-6860,hsa_circ_0010715
hsa-miR-6862-5p,hsa_circ_0051048
hsa-miR-6876-5p,hsa_circ_0055817
hsa-miR-6881-3p,hsa_circ_0063074
hsa-miR-6887-3p,hsa_circ_0052258
hsa-miR-6893-5p,hsa_circ_0020318
hsa-miR-7107-5p,hsa_circ_0009180
hsa-miR-7110-5p,hsa_circ_0050631
hsa-miR-762,hsa_circ_0022862
hsa-miR-762,hsa_circ_0037453
hsa-miR-7703,hsa_circ_0050233
hsa-miR-7974,hsa_circ_0062099
hsa-miR-877-3p,hsa_circ_0081507
hsa-miR-877-3p,hsa_circ_0081508
hsa-miR-877-3p,hsa_circ_0081509
hsa-miR-877-3p,hsa_circ_0081510
hsa-miR-939-3p,hsa_circ_0036605
hsa-miR-939-3p,hsa_circ_0036606
hsa-miR-942-3p,hsa_circ_0020280
hsa-miR-106b-5p,hsa_circ_0055902
hsa-miR-1183,hsa_circ_0041864
hsa-miR-1183,hsa_circ_0041876
hsa-miR-1183,hsa_circ_0041881
hsa-miR-1183,hsa_circ_0041887
hsa-miR-1183,hsa_circ_0041888
hsa-miR-1207-5p,hsa_circ_0081503
hsa-miR-1207-5p,hsa_circ_0081504
hsa-miR-1207-5p,hsa_circ_0081505
hsa-miR-1207-5p,hsa_circ_0081506
hsa-miR-1207-5p,hsa_circ_0081507
hsa-miR-1207-5p,hsa_circ_0081508
hsa-miR-1207-5p,hsa_circ_0081509
hsa-miR-1207-5p,hsa_circ_0081510
hsa-miR-1226-3p,hsa_circ_0037448
hsa-miR-1226-3p,hsa_circ_0037451
hsa-miR-1226-3p,hsa_circ_0037453
hsa-miR-1226-3p,hsa_circ_0037455
hsa-miR-1252-5p,hsa_circ_0055935
hsa-miR-1252-5p,hsa_circ_0055941
hsa-miR-1262,hsa_circ_0070105
hsa-miR-1262,hsa_circ_0070125
hsa-miR-1273h-5p,hsa_circ_0055817
hsa-miR-199b-5p,hsa_circ_0052318
hsa-miR-199b-5p,hsa_circ_0052319
hsa-miR-212-5p,hsa_circ_0070125
hsa-miR-212-5p,hsa_circ_0070143
hsa-miR-22-5p,hsa_circ_0024011
hsa-miR-2278,hsa_circ_0010148
hsa-miR-3064-3p,hsa_circ_0052098
hsa-miR-3064-3p,hsa_circ_0052100
hsa-miR-30b-3p,hsa_circ_0006922
hsa-miR-30b-3p,hsa_circ_0076614
hsa-miR-3135b,hsa_circ_0075924
hsa-miR-3187-5p,hsa_circ_0026211
hsa-miR-3192-5p,hsa_circ_0048844
hsa-miR-328-5p,hsa_circ_0037453
hsa-miR-328-5p,hsa_circ_0037455
hsa-miR-329-5p,hsa_circ_0052097
hsa-miR-330-5p,hsa_circ_0021034
hsa-miR-330-5p,hsa_circ_0021035
hsa-miR-3613-3p,hsa_circ_0004333
hsa-miR-3613-3p,hsa_circ_0005044
hsa-miR-3613-3p,hsa_circ_0078873
hsa-miR-3619-5p,hsa_circ_0083576
hsa-miR-3662,hsa_circ_0007033
hsa-miR-3916,hsa_circ_0004886
hsa-miR-3922-3p,hsa_circ_0051585
hsa-miR-4632-3p,hsa_circ_0030834
hsa-miR-4632-5p,hsa_circ_0025094
hsa-miR-4632-5p,hsa_circ_0063387
hsa-miR-4640-5p,hsa_circ_0030837
hsa-miR-4656,hsa_circ_0010948
hsa-miR-4656,hsa_circ_0036280
hsa-miR-4677-5p,hsa_circ_0035699
hsa-miR-4677-5p,hsa_circ_0035704
hsa-miR-4677-5p,hsa_circ_0035705
hsa-miR-4677-5p,hsa_circ_0035713
hsa-miR-4677-5p,hsa_circ_0035714
hsa-miR-4677-5p,hsa_circ_0035716
hsa-miR-4677-5p,hsa_circ_0035717
hsa-miR-4677-5p,hsa_circ_0035718
hsa-miR-4677-5p,hsa_circ_0035721
hsa-miR-4677-5p,hsa_circ_0035726
hsa-miR-4677-5p,hsa_circ_0035732
hsa-miR-4677-5p,hsa_circ_0035738
hsa-miR-4677-5p,hsa_circ_0035739
hsa-miR-4677-5p,hsa_circ_0035740
hsa-miR-4677-5p,hsa_circ_0035741
hsa-miR-4677-5p,hsa_circ_0035742
hsa-miR-4677-5p,hsa_circ_0035743
hsa-miR-4677-5p,hsa_circ_0035744
hsa-miR-4677-5p,hsa_circ_0035745
hsa-miR-4677-5p,hsa_circ_0035746
hsa-miR-4677-5p,hsa_circ_0035749
hsa-miR-4685-5p,hsa_circ_0010541
hsa-miR-4685-5p,hsa_circ_0010542
hsa-miR-4685-5p,hsa_circ_0068968
hsa-miR-4685-5p,hsa_circ_0068969
hsa-miR-4692,hsa_circ_0081230
hsa-miR-4692,hsa_circ_0081237
hsa-miR-4692,hsa_circ_0081239
hsa-miR-4692,hsa_circ_0081249
hsa-miR-4692,hsa_circ_0081255
hsa-miR-4695-5p,hsa_circ_0074784
hsa-miR-4728-5p,hsa_circ_0048698
hsa-miR-4728-5p,hsa_circ_0048709
hsa-miR-4728-5p,hsa_circ_0080166
hsa-miR-4728-5p,hsa_circ_0080167
hsa-miR-4739,hsa_circ_0042061
hsa-miR-4763-3p,hsa_circ_0010585
hsa-miR-4763-3p,hsa_circ_0010589
hsa-miR-4763-3p,hsa_circ_0010597
hsa-miR-4763-3p,hsa_circ_0010614
hsa-miR-4763-3p,hsa_circ_0010620
hsa-miR-4763-3p,hsa_circ_0022747
hsa-miR-4763-3p,hsa_circ_0022834
hsa-miR-4763-3p,hsa_circ_0062410
hsa-miR-4763-3p,hsa_circ_0091809
hsa-miR-4787-5p,hsa_circ_0043339
hsa-miR-4793-5p,hsa_circ_0052258
hsa-miR-485-5p,hsa_circ_0000388
hsa-miR-5001-5p,hsa_circ_0050114
hsa-miR-5001-5p,hsa_circ_0063727
hsa-miR-5001-5p,hsa_circ_0075121
hsa-miR-500b-3p,hsa_circ_0005983
hsa-miR-5088-3p,hsa_circ_0089424
hsa-miR-5088-3p,hsa_circ_0089425
hsa-miR-5088-3p,hsa_circ_0089438
hsa-miR-5088-3p,hsa_circ_0089439
hsa-miR-5088-3p,hsa_circ_0089443
hsa-miR-5088-3p,hsa_circ_0089444
hsa-miR-5100,hsa_circ_0010585
hsa-miR-5100,hsa_circ_0010589
hsa-miR-5100,hsa_circ_0010596
hsa-miR-5100,hsa_circ_0010597
hsa-miR-5100,hsa_circ_0010614
hsa-miR-5100,hsa_circ_0010619
hsa-miR-5100,hsa_circ_0010620
hsa-miR-5100,hsa_circ_0010631
hsa-miR-5100,hsa_circ_0010632
hsa-miR-5100,hsa_circ_0010638
hsa-miR-5100,hsa_circ_0010639
hsa-miR-5100,hsa_circ_0010655
hsa-miR-5100,hsa_circ_0010661
hsa-miR-5100,hsa_circ_0010666
hsa-miR-5100,hsa_circ_0010675
hsa-miR-5193,hsa_circ_0063270
hsa-miR-5787,hsa_circ_0011308
hsa-miR-5787,hsa_circ_0011309
hsa-miR-5787,hsa_circ_0063366
hsa-miR-5787,hsa_circ_0063367
hsa-miR-5787,hsa_circ_0063368
hsa-miR-593-5p,hsa_circ_0044521
hsa-miR-593-5p,hsa_circ_0044523
hsa-miR-608,hsa_circ_0022862
hsa-miR-608,hsa_circ_0081678
hsa-miR-6132,hsa_circ_0033489
hsa-miR-6132,hsa_circ_0033490
hsa-miR-637,hsa_circ_0030864
hsa-miR-637,hsa_circ_0030869
hsa-miR-6504-5p,hsa_circ_0091307
hsa-miR-6511a-5p,hsa_circ_0040861
hsa-miR-6511a-5p,hsa_circ_0040863
hsa-miR-6511a-5p,hsa_circ_0040867
hsa-miR-661,hsa_circ_0083579
hsa-miR-663a,hsa_circ_0037448
hsa-miR-663a,hsa_circ_0037451
hsa-miR-663a,hsa_circ_0064015
hsa-miR-6721-5p,hsa_circ_0010610
hsa-miR-6721-5p,hsa_circ_0010626
hsa-miR-6743-5p,hsa_circ_0045627
hsa-miR-6744-3p,hsa_circ_0061901
hsa-miR-6744-3p,hsa_circ_0061903
hsa-miR-6744-3p,hsa_circ_0061904
hsa-miR-6744-3p,hsa_circ_0061905
hsa-miR-6751-5p,hsa_circ_0050631
hsa-miR-6751-5p,hsa_circ_0065481
hsa-miR-6752-5p,hsa_circ_0039071
hsa-miR-6756-5p,hsa_circ_0039106
hsa-miR-6762-5p,hsa_circ_0055207
hsa-miR-6762-5p,hsa_circ_0081062
hsa-miR-6762-5p,hsa_circ_0081081
hsa-miR-6762-5p,hsa_circ_0081090
hsa-miR-6762-5p,hsa_circ_0081096
hsa-miR-6762-5p,hsa_circ_0081108
hsa-miR-6766-5p,hsa_circ_0009561
hsa-miR-6766-5p,hsa_circ_0009562
hsa-miR-6766-5p,hsa_circ_0009563
hsa-miR-6774-5p,hsa_circ_0072808
hsa-miR-6774-5p,hsa_circ_0072809
hsa-miR-6774-5p,hsa_circ_0072817
hsa-miR-6774-5p,hsa_circ_0072819
hsa-miR-6774-5p,hsa_circ_0072821
hsa-miR-6774-5p,hsa_circ_0072850
hsa-miR-6774-5p,hsa_circ_0072851
hsa-miR-6775-5p,hsa_circ_0081673
hsa-miR-6779-5p,hsa_circ_0065363
hsa-miR-6780a-5p,hsa_circ_0000939
hsa-miR-6780a-5p,hsa_circ_0009099
hsa-miR-6785-5p,hsa_circ_0083240
hsa-miR-6791-3p,hsa_circ_0091857
hsa-miR-6791-3p,hsa_circ_0091858
hsa-miR-6791-3p,hsa_circ_0091866
hsa-miR-6791-3p,hsa_circ_0091867
hsa-miR-6807-3p,hsa_circ_0065511
hsa-miR-6808-5p,hsa_circ_0061901
hsa-miR-6808-5p,hsa_circ_0061903
hsa-miR-6808-5p,hsa_circ_0061904
hsa-miR-6808-5p,hsa_circ_0061905
hsa-miR-6808-5p,hsa_circ_0072808
hsa-miR-6808-5p,hsa_circ_0072809
hsa-miR-6808-5p,hsa_circ_0072850
hsa-miR-6808-5p,hsa_circ_0072851
hsa-miR-6813-5p,hsa_circ_0075556
hsa-miR-6813-5p,hsa_circ_0075557
hsa-miR-6813-5p,hsa_circ_0075558
hsa-miR-6815-5p,hsa_circ_0081673
hsa-miR-6825-5p,hsa_circ_0007680
hsa-miR-6825-5p,hsa_circ_0025801
hsa-miR-6825-5p,hsa_circ_0025819
hsa-miR-6825-5p,hsa_circ_0025820
hsa-miR-6825-5p,hsa_circ_0025827
hsa-miR-6825-5p,hsa_circ_0025831
hsa-miR-6833-3p,hsa_circ_0065411
hsa-miR-6833-3p,hsa_circ_0065414
hsa-miR-6833-3p,hsa_circ_0065415
hsa-miR-6833-3p,hsa_circ_0078794
hsa-miR-6833-3p,hsa_circ_0078812
hsa-miR-6833-3p,hsa_circ_0078968
hsa-miR-6849-3p,hsa_circ_0076600
hsa-miR-6851-5p,hsa_circ_0011484
hsa-miR-6861-5p,hsa_circ_0041843
hsa-miR-6864-5p,hsa_circ_0082192
hsa-miR-6864-5p,hsa_circ_0082199
hsa-miR-6864-5p,hsa_circ_0082201
hsa-miR-6864-5p,hsa_circ_0082202
hsa-miR-6864-5p,hsa_circ_0082208
hsa-miR-6873-3p,hsa_circ_0015700
hsa-miR-6873-3p,hsa_circ_0015708
hsa-miR-6873-3p,hsa_circ_0015709
hsa-miR-6876-5p,hsa_circ_0075477
hsa-miR-6879-5p,hsa_circ_0037448
hsa-miR-6879-5p,hsa_circ_0037451
hsa-miR-6879-5p,hsa_circ_0037453
hsa-miR-6879-5p,hsa_circ_0048698
hsa-miR-6879-5p,hsa_circ_0048709
hsa-miR-6880-5p,hsa_circ_0088724
hsa-miR-6884-5p,hsa_circ_0038912
hsa-miR-6884-5p,hsa_circ_0083104
hsa-miR-6887-3p,hsa_circ_0089191
hsa-miR-7107-5p,hsa_circ_0091806
hsa-miR-7107-5p,hsa_circ_0091807
hsa-miR-7107-5p,hsa_circ_0091808
hsa-miR-7108-3p,hsa_circ_0091699
hsa-miR-7703,hsa_circ_0052101
hsa-miR-7703,hsa_circ_0052103
hsa-miR-7847-3p,hsa_circ_0050631
hsa-miR-7851-3p,hsa_circ_0052101
hsa-miR-7851-3p,hsa_circ_0052103
hsa-miR-7851-3p,hsa_circ_0078886
hsa-miR-7851-3p,hsa_circ_0078946
hsa-miR-7974,hsa_circ_0089467
hsa-miR-7974,hsa_circ_0089468
hsa-miR-8072,hsa_circ_0040923
hsa-miR-939-5p,hsa_circ_0010572
hsa-miR-939-5p,hsa_circ_0010622
hsa-miR-939-5p,hsa_circ_0010640
hsa-miR-1205,hsa_circ_0010255
hsa-miR-1226-5p,hsa_circ_0037462
hsa-miR-1226-5p,hsa_circ_0037463
hsa-miR-1226-5p,hsa_circ_0037464
hsa-miR-1271-3p,hsa_circ_0048844
hsa-miR-1303,hsa_circ_0001244
hsa-miR-1303,hsa_circ_0038033
hsa-miR-1303,hsa_circ_0056703
hsa-miR-1303,hsa_circ_0075921
hsa-miR-1303,hsa_circ_0078806
hsa-miR-1303,hsa_circ_0078807
hsa-miR-149-3p,hsa_circ_0022231
hsa-miR-149-3p,hsa_circ_0022232
hsa-miR-149-3p,hsa_circ_0037739
hsa-miR-1538,hsa_circ_0037448
hsa-miR-1538,hsa_circ_0037451
hsa-miR-1538,hsa_circ_0037453
hsa-miR-1538,hsa_circ_0037455
hsa-miR-185-5p,hsa_circ_0068968
hsa-miR-185-5p,hsa_circ_0068969
hsa-miR-214-3p,hsa_circ_0079115
hsa-miR-2861,hsa_circ_0051755
hsa-miR-29b-1-5p,hsa_circ_0069223
hsa-miR-30b-3p,hsa_circ_0038915
hsa-miR-3135b,hsa_circ_0078794
hsa-miR-3135b,hsa_circ_0078812
hsa-miR-3135b,hsa_circ_0078968
hsa-miR-3155b,hsa_circ_0086110
hsa-miR-3159,hsa_circ_0000062
hsa-miR-3187-5p,hsa_circ_0086880
hsa-miR-3200-5p,hsa_circ_0055601
hsa-miR-3613-3p,hsa_circ_0005200
hsa-miR-3619-5p,hsa_circ_0033321
hsa-miR-3664-5p,hsa_circ_0001720
hsa-miR-373-3p,hsa_circ_0051585
hsa-miR-373-3p,hsa_circ_0076600
hsa-miR-4421,hsa_circ_0078998
hsa-miR-4421,hsa_circ_0078999
hsa-miR-4433b-3p,hsa_circ_0026925
hsa-miR-4433b-3p,hsa_circ_0026926
hsa-miR-4433b-3p,hsa_circ_0026927
hsa-miR-4433b-3p,hsa_circ_0026928
hsa-miR-4433b-3p,hsa_circ_0026929
hsa-miR-4441,hsa_circ_0089789
hsa-miR-4493,hsa_circ_0048976
hsa-miR-4493,hsa_circ_0048977
hsa-miR-4505,hsa_circ_0085885
hsa-miR-4524a-3p,hsa_circ_0015531
hsa-miR-4642,hsa_circ_0049099
hsa-miR-4642,hsa_circ_0049103
hsa-miR-4667-3p,hsa_circ_0020316
hsa-miR-4684-5p,hsa_circ_0008323
hsa-miR-4684-5p,hsa_circ_0063516
hsa-miR-4684-5p,hsa_circ_0063533
hsa-miR-4685-5p,hsa_circ_0011212
hsa-miR-4685-5p,hsa_circ_0039939
hsa-miR-4685-5p,hsa_circ_0051785
hsa-miR-4691-5p,hsa_circ_0028717
hsa-miR-4691-5p,hsa_circ_0028718
hsa-miR-4691-5p,hsa_circ_0048412
hsa-miR-4691-5p,hsa_circ_0048413
hsa-miR-4691-5p,hsa_circ_0048414
hsa-miR-4691-5p,hsa_circ_0048415
hsa-miR-4691-5p,hsa_circ_0051094
hsa-miR-4695-5p,hsa_circ_0021993
hsa-miR-4695-5p,hsa_circ_0021994
hsa-miR-4723-5p,hsa_circ_0062512
hsa-miR-4728-5p,hsa_circ_0050085
hsa-miR-4728-5p,hsa_circ_0050086
hsa-miR-4728-5p,hsa_circ_0050087
hsa-miR-4731-5p,hsa_circ_0051922
hsa-miR-4739,hsa_circ_0012042
hsa-miR-4739,hsa_circ_0012044
hsa-miR-4739,hsa_circ_0049105
hsa-miR-4739,hsa_circ_0049106
hsa-miR-4739,hsa_circ_0052258
hsa-miR-4749-3p,hsa_circ_0000939
hsa-miR-4753-3p,hsa_circ_0069028
hsa-miR-4763-3p,hsa_circ_0012044
hsa-miR-4763-3p,hsa_circ_0049825
hsa-miR-4775,hsa_circ_0075790
hsa-miR-485-5p,hsa_circ_0016027
hsa-miR-5001-5p,hsa_circ_0039106
hsa-miR-5004-5p,hsa_circ_0089788
hsa-miR-5004-5p,hsa_circ_0089789
hsa-miR-510-5p,hsa_circ_0063516
hsa-miR-5189-5p,hsa_circ_0014789
hsa-miR-5193,hsa_circ_0019687
hsa-miR-5193,hsa_circ_0019688
hsa-miR-5193,hsa_circ_0019689
hsa-miR-5193,hsa_circ_0029296
hsa-miR-5193,hsa_circ_0029297
hsa-miR-5193,hsa_circ_0029298
hsa-miR-5193,hsa_circ_0029299
hsa-miR-5193,hsa_circ_0029300
hsa-miR-5193,hsa_circ_0063070
hsa-miR-5193,hsa_circ_0063071
hsa-miR-545-5p,hsa_circ_0023581
hsa-miR-548aa,hsa_circ_0034144
hsa-miR-548aq-3p,hsa_circ_0009173
hsa-miR-548t-3p,hsa_circ_0034144
hsa-miR-5684,hsa_circ_0003384
hsa-miR-574-5p,hsa_circ_0059522
hsa-miR-574-5p,hsa_circ_0059523
hsa-miR-574-5p,hsa_circ_0059524
hsa-miR-574-5p,hsa_circ_0059525
hsa-miR-6089,hsa_circ_0082877
hsa-miR-6089,hsa_circ_0082878
hsa-miR-6089,hsa_circ_0082879
hsa-miR-6127,hsa_circ_0022613
hsa-miR-612,hsa_circ_0044246
hsa-miR-6133,hsa_circ_0011901
hsa-miR-6133,hsa_circ_0011902
hsa-miR-6133,hsa_circ_0022613
hsa-miR-637,hsa_circ_0033776
hsa-miR-637,hsa_circ_0085833
hsa-miR-6510-5p,hsa_circ_0091672
hsa-miR-6514-3p,hsa_circ_0029218
hsa-miR-6732-5p,hsa_circ_0061080
hsa-miR-6734-3p,hsa_circ_0014192
hsa-miR-6735-5p,hsa_circ_0025078
hsa-miR-6749-5p,hsa_circ_0085899
hsa-miR-6749-5p,hsa_circ_0085900
hsa-miR-6751-5p,hsa_circ_0050085
hsa-miR-6751-5p,hsa_circ_0050086
hsa-miR-6756-5p,hsa_circ_0026100
hsa-miR-6756-5p,hsa_circ_0062583
hsa-miR-6756-5p,hsa_circ_0062585
hsa-miR-6775-3p,hsa_circ_0088172
hsa-miR-6780b-5p,hsa_circ_0073606
hsa-miR-6785-5p,hsa_circ_0050085
hsa-miR-6785-5p,hsa_circ_0050086
hsa-miR-6785-5p,hsa_circ_0050087
hsa-miR-6785-5p,hsa_circ_0091803
hsa-miR-6785-5p,hsa_circ_0091804
hsa-miR-6785-5p,hsa_circ_0091805
hsa-miR-6785-5p,hsa_circ_0091806
hsa-miR-6785-5p,hsa_circ_0091807
hsa-miR-6785-5p,hsa_circ_0091808
hsa-miR-6787-5p,hsa_circ_0079232
hsa-miR-6791-3p,hsa_circ_0006293
hsa-miR-6792-3p,hsa_circ_0023019
hsa-miR-6792-3p,hsa_circ_0023020
hsa-miR-6797-5p,hsa_circ_0087436
hsa-miR-6798-5p,hsa_circ_0039075
hsa-miR-6798-5p,hsa_circ_0039090
hsa-miR-6798-5p,hsa_circ_0044530
hsa-miR-6798-5p,hsa_circ_0044537
hsa-miR-6803-5p,hsa_circ_0050802
hsa-miR-6808-5p,hsa_circ_0049813
hsa-miR-6825-5p,hsa_circ_0079232
hsa-miR-6831-5p,hsa_circ_0040861
hsa-miR-6831-5p,hsa_circ_0040867
hsa-miR-6836-5p,hsa_circ_0016773
hsa-miR-6836-5p,hsa_circ_0016775
hsa-miR-6836-5p,hsa_circ_0016776
hsa-miR-6836-5p,hsa_circ_0020554
hsa-miR-6837-5p,hsa_circ_0058665
hsa-miR-6842-3p,hsa_circ_0089529
hsa-miR-6842-3p,hsa_circ_0089530
hsa-miR-6851-5p,hsa_circ_0050631
hsa-miR-6860,hsa_circ_0010689
hsa-miR-6860,hsa_circ_0010694
hsa-miR-6860,hsa_circ_0010695
hsa-miR-6860,hsa_circ_0010700
hsa-miR-6860,hsa_circ_0010702
hsa-miR-6881-3p,hsa_circ_0035684
hsa-miR-6881-3p,hsa_circ_0035685
hsa-miR-6881-3p,hsa_circ_0035691
hsa-miR-6881-3p,hsa_circ_0035698
hsa-miR-6881-3p,hsa_circ_0035699
hsa-miR-6881-3p,hsa_circ_0035704
hsa-miR-6881-3p,hsa_circ_0035705
hsa-miR-6881-3p,hsa_circ_0035708
hsa-miR-6881-3p,hsa_circ_0035713
hsa-miR-6881-3p,hsa_circ_0035714
hsa-miR-6881-3p,hsa_circ_0035716
hsa-miR-6881-3p,hsa_circ_0035717
hsa-miR-6881-3p,hsa_circ_0035718
hsa-miR-6881-3p,hsa_circ_0035721
hsa-miR-6881-3p,hsa_circ_0035726
hsa-miR-6881-3p,hsa_circ_0035727
hsa-miR-6881-3p,hsa_circ_0035728
hsa-miR-6881-3p,hsa_circ_0035732
hsa-miR-6881-3p,hsa_circ_0035737
hsa-miR-6881-3p,hsa_circ_0035738
hsa-miR-6881-3p,hsa_circ_0035739
hsa-miR-6881-3p,hsa_circ_0035740
hsa-miR-6881-3p,hsa_circ_0035741
hsa-miR-6881-3p,hsa_circ_0035742
hsa-miR-6881-3p,hsa_circ_0035743
hsa-miR-6881-3p,hsa_circ_0035744
hsa-miR-6881-3p,hsa_circ_0035745
hsa-miR-6881-3p,hsa_circ_0035746
hsa-miR-6881-3p,hsa_circ_0035749
hsa-miR-6884-5p,hsa_circ_0011418
hsa-miR-6884-5p,hsa_circ_0022514
hsa-miR-7106-3p,hsa_circ_0079155
hsa-miR-7113-5p,hsa_circ_0044509
hsa-miR-7113-5p,hsa_circ_0044510
hsa-miR-7113-5p,hsa_circ_0044511
hsa-miR-7113-5p,hsa_circ_0044517
hsa-miR-7113-5p,hsa_circ_0044518
hsa-miR-7113-5p,hsa_circ_0044520
hsa-miR-7156-3p,hsa_circ_0037436
hsa-miR-7156-3p,hsa_circ_0037437
hsa-miR-762,hsa_circ_0033562
hsa-miR-762,hsa_circ_0051755
hsa-miR-762,hsa_circ_0080666
hsa-miR-762,hsa_circ_0080668
hsa-miR-7845-5p,hsa_circ_0046281
hsa-miR-7845-5p,hsa_circ_0046282
hsa-miR-8085,hsa_circ_0016730
hsa-miR-877-3p,hsa_circ_0021822
hsa-miR-877-3p,hsa_circ_0021824
hsa-miR-939-3p,hsa_circ_0037444
hsa-miR-939-3p,hsa_circ_0037453
hsa-miR-939-3p,hsa_circ_0091803
hsa-miR-939-3p,hsa_circ_0091804
hsa-miR-939-3p,hsa_circ_0091805
hsa-miR-939-3p,hsa_circ_0091810
hsa-miR-939-5p,hsa_circ_0011484
hsa-miR-939-5p,hsa_circ_0011485
hsa-miR-1184,hsa_circ_0075986
hsa-miR-1184,hsa_circ_0076007
hsa-miR-1205,hsa_circ_0061083
hsa-miR-1205,hsa_circ_0086916
hsa-miR-1205,hsa_circ_0086917
hsa-miR-1207-5p,hsa_circ_0026350
hsa-miR-1207-5p,hsa_circ_0026351
hsa-miR-1207-5p,hsa_circ_0073951
hsa-miR-1207-5p,hsa_circ_0073952
hsa-miR-1207-5p,hsa_circ_0073953
hsa-miR-1207-5p,hsa_circ_0073954
hsa-miR-1233-5p,hsa_circ_0015996
hsa-miR-1249-5p,hsa_circ_0020763
hsa-miR-125a-3p,hsa_circ_0039097
hsa-miR-1262,hsa_circ_0049099
hsa-miR-1262,hsa_circ_0049103
hsa-miR-1262,hsa_circ_0049108
hsa-miR-1273h-5p,hsa_circ_0004939
hsa-miR-138-5p,hsa_circ_0029483
hsa-miR-185-3p,hsa_circ_0062445
hsa-miR-185-3p,hsa_circ_0062446
hsa-miR-190a-3p,hsa_circ_0038317
hsa-miR-190a-3p,hsa_circ_0038318
hsa-miR-3065-3p,hsa_circ_0081102
hsa-miR-3065-3p,hsa_circ_0081115
hsa-miR-30b-3p,hsa_circ_0072026
hsa-miR-3135a,hsa_circ_0072808
hsa-miR-3135a,hsa_circ_0072809
hsa-miR-3135a,hsa_circ_0072817
hsa-miR-3135a,hsa_circ_0072819
hsa-miR-3135a,hsa_circ_0072821
hsa-miR-3135a,hsa_circ_0072850
hsa-miR-3135a,hsa_circ_0072851
hsa-miR-3135b,hsa_circ_0055902
hsa-miR-3180-3p,hsa_circ_0044246
hsa-miR-3187-5p,hsa_circ_0024881
hsa-miR-3187-5p,hsa_circ_0048844
hsa-miR-3189-3p,hsa_circ_0088171
hsa-miR-3192-5p,hsa_circ_0041843
hsa-miR-3192-5p,hsa_circ_0072026
hsa-miR-3192-5p,hsa_circ_0075156
hsa-miR-3202,hsa_circ_0020759
hsa-miR-3202,hsa_circ_0020760
hsa-miR-3202,hsa_circ_0020761
hsa-miR-3202,hsa_circ_0020762
hsa-miR-324-3p,hsa_circ_0051048
hsa-miR-3613-3p,hsa_circ_0052094
hsa-miR-3619-5p,hsa_circ_0041325
hsa-miR-3619-5p,hsa_circ_0061901
hsa-miR-3619-5p,hsa_circ_0061903
hsa-miR-3619-5p,hsa_circ_0061904
hsa-miR-3619-5p,hsa_circ_0061905
hsa-miR-3619-5p,hsa_circ_0065363
hsa-miR-3620-5p,hsa_circ_0015199
hsa-miR-3620-5p,hsa_circ_0015204
hsa-miR-3620-5p,hsa_circ_0015212
hsa-miR-3620-5p,hsa_circ_0015213
hsa-miR-3620-5p,hsa_circ_0015214
hsa-miR-3620-5p,hsa_circ_0015216
hsa-miR-3620-5p,hsa_circ_0015217
hsa-miR-3620-5p,hsa_circ_0015218
hsa-miR-3620-5p,hsa_circ_0015220
hsa-miR-3620-5p,hsa_circ_0015221
hsa-miR-3620-5p,hsa_circ_0015222
hsa-miR-3620-5p,hsa_circ_0015223
hsa-miR-3620-5p,hsa_circ_0015224
hsa-miR-3620-5p,hsa_circ_0015226
hsa-miR-3620-5p,hsa_circ_0015227
hsa-miR-3689b-3p,hsa_circ_0050102
hsa-miR-3689c,hsa_circ_0050102
hsa-miR-3692-5p,hsa_circ_0063446
hsa-miR-372-3p,hsa_circ_0041843
hsa-miR-373-3p,hsa_circ_0009180
hsa-miR-378a-5p,hsa_circ_0050085
hsa-miR-378a-5p,hsa_circ_0050086
hsa-miR-3922-3p,hsa_circ_0078794
hsa-miR-3922-3p,hsa_circ_0078812
hsa-miR-3922-3p,hsa_circ_0078968
hsa-miR-412-3p,hsa_circ_0066288
hsa-miR-4270,hsa_circ_0026923
hsa-miR-4270,hsa_circ_0026924
hsa-miR-4302,hsa_circ_0049505
hsa-miR-4446-3p,hsa_circ_0073877
hsa-miR-4455,hsa_circ_0004790
hsa-miR-4455,hsa_circ_0007514
hsa-miR-4455,hsa_circ_0008447
hsa-miR-4455,hsa_circ_0031059
hsa-miR-4455,hsa_circ_0031066
hsa-miR-4455,hsa_circ_0031067
hsa-miR-4477a,hsa_circ_0087132
hsa-miR-4498,hsa_circ_0010725
hsa-miR-4498,hsa_circ_0065130
hsa-miR-4505,hsa_circ_0039075
hsa-miR-4505,hsa_circ_0039087
hsa-miR-4505,hsa_circ_0039090
hsa-miR-4505,hsa_circ_0039099
hsa-miR-4505,hsa_circ_0039105
hsa-miR-4640-5p,hsa_circ_0091772
hsa-miR-4651,hsa_circ_0030188
hsa-miR-4656,hsa_circ_0026098
hsa-miR-4656,hsa_circ_0026099
hsa-miR-4659a-3p,hsa_circ_0049103
hsa-miR-4659a-3p,hsa_circ_0049108
hsa-miR-4660,hsa_circ_0046335
hsa-miR-4660,hsa_circ_0046336
hsa-miR-4660,hsa_circ_0046337
hsa-miR-4660,hsa_circ_0046338
hsa-miR-4684-5p,hsa_circ_0081378
hsa-miR-4685-5p,hsa_circ_0061901
hsa-miR-4685-5p,hsa_circ_0061903
hsa-miR-4685-5p,hsa_circ_0061904
hsa-miR-4685-5p,hsa_circ_0061905
hsa-miR-4691-5p,hsa_circ_0076122
hsa-miR-4695-5p,hsa_circ_0002379
hsa-miR-4700-5p,hsa_circ_0006298
hsa-miR-4722-5p,hsa_circ_0038898
hsa-miR-4726-5p,hsa_circ_0010572
hsa-miR-4726-5p,hsa_circ_0010573
hsa-miR-4726-5p,hsa_circ_0010581
hsa-miR-4726-5p,hsa_circ_0010582
hsa-miR-4726-5p,hsa_circ_0010583
hsa-miR-4726-5p,hsa_circ_0065130
hsa-miR-4726-5p,hsa_circ_0065132
hsa-miR-4728-5p,hsa_circ_0031207
hsa-miR-4728-5p,hsa_circ_0087119
hsa-miR-4739,hsa_circ_0039762
hsa-miR-4739,hsa_circ_0040923
hsa-miR-4739,hsa_circ_0040925
hsa-miR-4739,hsa_circ_0065990
hsa-miR-4763-3p,hsa_circ_0026669
hsa-miR-4763-3p,hsa_circ_0042939
hsa-miR-4763-3p,hsa_circ_0042941
hsa-miR-4763-3p,hsa_circ_0042942
hsa-miR-4763-3p,hsa_circ_0042943
hsa-miR-4763-3p,hsa_circ_0061130
hsa-miR-4763-3p,hsa_circ_0083091
hsa-miR-4763-3p,hsa_circ_0083095
hsa-miR-4763-3p,hsa_circ_0083104
hsa-miR-4767,hsa_circ_0051929
hsa-miR-4775,hsa_circ_0005277
hsa-miR-4775,hsa_circ_0019282
hsa-miR-4778-3p,hsa_circ_0069223
hsa-miR-485-5p,hsa_circ_0000939
hsa-miR-485-5p,hsa_circ_0027022
hsa-miR-485-5p,hsa_circ_0031813
hsa-miR-494-5p,hsa_circ_0091306
hsa-miR-494-5p,hsa_circ_0091307
hsa-miR-494-5p,hsa_circ_0091309
hsa-miR-494-5p,hsa_circ_0091310
hsa-miR-497-5p,hsa_circ_0065743
hsa-miR-5001-5p,hsa_circ_0011669
hsa-miR-5001-5p,hsa_circ_0024899
hsa-miR-5001-5p,hsa_circ_0051550
hsa-miR-5187-5p,hsa_circ_0002172
hsa-miR-5193,hsa_circ_0078794
hsa-miR-5193,hsa_circ_0078812
hsa-miR-5193,hsa_circ_0078968
hsa-miR-548aq-3p,hsa_circ_0068084
hsa-miR-548aq-3p,hsa_circ_0068085
hsa-miR-548aq-3p,hsa_circ_0068086
hsa-miR-548aq-3p,hsa_circ_0068087
hsa-miR-548aq-3p,hsa_circ_0068088
hsa-miR-5584-5p,hsa_circ_0015946
hsa-miR-5787,hsa_circ_0009227
hsa-miR-5787,hsa_circ_0051116
hsa-miR-615-5p,hsa_circ_0065413
hsa-miR-6511a-5p,hsa_circ_0002379
hsa-miR-6514-3p,hsa_circ_0050233
hsa-miR-661,hsa_circ_0020318
hsa-miR-661,hsa_circ_0062512
hsa-miR-661,hsa_circ_0086853
hsa-miR-661,hsa_circ_0086865
hsa-miR-661,hsa_circ_0086866
hsa-miR-661,hsa_circ_0086880
hsa-miR-661,hsa_circ_0086884
hsa-miR-661,hsa_circ_0086885
hsa-miR-661,hsa_circ_0086886
hsa-miR-661,hsa_circ_0086892
hsa-miR-661,hsa_circ_0086897
hsa-miR-671-5p,hsa_circ_0011484
hsa-miR-671-5p,hsa_circ_0011485
hsa-miR-671-5p,hsa_circ_0011486
hsa-miR-6722-3p,hsa_circ_0050631
hsa-miR-6732-5p,hsa_circ_0009372
hsa-miR-6735-5p,hsa_circ_0025086
hsa-miR-6735-5p,hsa_circ_0072808
hsa-miR-6735-5p,hsa_circ_0072809
hsa-miR-6735-5p,hsa_circ_0072817
hsa-miR-6735-5p,hsa_circ_0072819
hsa-miR-6735-5p,hsa_circ_0072821
hsa-miR-6735-5p,hsa_circ_0072850
hsa-miR-6735-5p,hsa_circ_0072851
hsa-miR-6739-5p,hsa_circ_0004642
hsa-miR-6739-5p,hsa_circ_0004778
hsa-miR-6739-5p,hsa_circ_0004836
hsa-miR-6743-5p,hsa_circ_0028998
hsa-miR-6743-5p,hsa_circ_0029003
hsa-miR-6743-5p,hsa_circ_0029011
hsa-miR-6743-5p,hsa_circ_0029013
hsa-miR-6743-5p,hsa_circ_0029014
hsa-miR-6743-5p,hsa_circ_0031207
hsa-miR-6753-5p,hsa_circ_0044559
hsa-miR-6753-5p,hsa_circ_0044560
hsa-miR-6754-5p,hsa_circ_0085812
hsa-miR-6754-5p,hsa_circ_0090706
hsa-miR-6756-5p,hsa_circ_0088609
hsa-miR-6765-3p,hsa_circ_0088170
hsa-miR-6780a-5p,hsa_circ_0050233
hsa-miR-6780b-5p,hsa_circ_0014789
hsa-miR-6785-5p,hsa_circ_0058374
hsa-miR-6791-3p,hsa_circ_0034998
hsa-miR-6791-5p,hsa_circ_0061080
hsa-miR-6795-5p,hsa_circ_0076069
hsa-miR-6796-5p,hsa_circ_0020759
hsa-miR-6796-5p,hsa_circ_0020760
hsa-miR-6796-5p,hsa_circ_0020761
hsa-miR-6796-5p,hsa_circ_0020762
hsa-miR-6798-5p,hsa_circ_0088167
hsa-miR-6798-5p,hsa_circ_0089427
hsa-miR-6798-5p,hsa_circ_0089428
hsa-miR-6798-5p,hsa_circ_0089429
hsa-miR-6798-5p,hsa_circ_0089433
hsa-miR-6798-5p,hsa_circ_0089440
hsa-miR-6798-5p,hsa_circ_0089445
hsa-miR-6805-5p,hsa_circ_0051649
hsa-miR-6808-5p,hsa_circ_0033606
hsa-miR-6808-5p,hsa_circ_0033607
hsa-miR-6808-5p,hsa_circ_0063516
hsa-miR-6809-3p,hsa_circ_0060073
hsa-miR-6809-3p,hsa_circ_0060075
hsa-miR-6813-3p,hsa_circ_0002172
hsa-miR-6813-3p,hsa_circ_0089776
hsa-miR-6838-5p,hsa_circ_0061185
hsa-miR-6838-5p,hsa_circ_0061186
hsa-miR-6840-3p,hsa_circ_0072026
hsa-miR-6854-5p,hsa_circ_0072807
hsa-miR-6854-5p,hsa_circ_0072823
hsa-miR-6854-5p,hsa_circ_0072826
hsa-miR-6854-5p,hsa_circ_0072849
hsa-miR-6881-3p,hsa_circ_0031275
hsa-miR-6893-5p,hsa_circ_0011617
hsa-miR-6893-5p,hsa_circ_0011623
hsa-miR-7151-5p,hsa_circ_0078313
hsa-miR-7151-5p,hsa_circ_0078314
hsa-miR-762,hsa_circ_0068940
hsa-miR-762,hsa_circ_0082192
hsa-miR-7847-3p,hsa_circ_0051922
hsa-miR-8089,hsa_circ_0026923
hsa-miR-8089,hsa_circ_0026924
hsa-miR-8089,hsa_circ_0026925
hsa-miR-8089,hsa_circ_0026926
hsa-miR-1184,hsa_circ_0020763
hsa-miR-1225-3p,hsa_circ_0037436
hsa-miR-1225-3p,hsa_circ_0037437
hsa-miR-1225-3p,hsa_circ_0037438
hsa-miR-1225-3p,hsa_circ_0037439
hsa-miR-1225-3p,hsa_circ_0037440
hsa-miR-1225-3p,hsa_circ_0037444
hsa-miR-1225-3p,hsa_circ_0037445
hsa-miR-1225-3p,hsa_circ_0037448
hsa-miR-1225-3p,hsa_circ_0037449
hsa-miR-1225-3p,hsa_circ_0037450
hsa-miR-1225-3p,hsa_circ_0037451
hsa-miR-1226-5p,hsa_circ_0052201
hsa-miR-1226-5p,hsa_circ_0052202
hsa-miR-1226-5p,hsa_circ_0052203
hsa-miR-1226-5p,hsa_circ_0052204
hsa-miR-1226-5p,hsa_circ_0052205
hsa-miR-1236-3p,hsa_circ_0078794
hsa-miR-1236-3p,hsa_circ_0078812
hsa-miR-1236-3p,hsa_circ_0078968
hsa-miR-1249-5p,hsa_circ_0087119
hsa-miR-125a-3p,hsa_circ_0026092
hsa-miR-125a-3p,hsa_circ_0026093
hsa-miR-125a-3p,hsa_circ_0026097
hsa-miR-1285-3p,hsa_circ_0089191
hsa-miR-1587,hsa_circ_0020554
hsa-miR-1909-3p,hsa_circ_0027147
hsa-miR-1909-3p,hsa_circ_0027170
hsa-miR-1909-3p,hsa_circ_0027174
hsa-miR-1909-3p,hsa_circ_0027175
hsa-miR-1909-3p,hsa_circ_0027179
hsa-miR-1909-3p,hsa_circ_0027188
hsa-miR-197-3p,hsa_circ_0046337
hsa-miR-197-3p,hsa_circ_0046338
hsa-miR-216a-3p,hsa_circ_0091855
hsa-miR-216a-3p,hsa_circ_0091856
hsa-miR-216a-3p,hsa_circ_0091857
hsa-miR-216a-3p,hsa_circ_0091858
hsa-miR-216a-3p,hsa_circ_0091866
hsa-miR-216a-3p,hsa_circ_0091867
hsa-miR-216a-3p,hsa_circ_0091870
hsa-miR-216a-3p,hsa_circ_0091909
hsa-miR-216a-3p,hsa_circ_0091910
hsa-miR-216a-3p,hsa_circ_0091911
hsa-miR-216a-3p,hsa_circ_0091916
hsa-miR-23a-3p,hsa_circ_0052123
hsa-miR-2467-5p,hsa_circ_0020554
hsa-miR-2861,hsa_circ_0010682
hsa-miR-3064-5p,hsa_circ_0062088
hsa-miR-3064-5p,hsa_circ_0062089
hsa-miR-3064-5p,hsa_circ_0062099
hsa-miR-30b-3p,hsa_circ_0019519
hsa-miR-3158-3p,hsa_circ_0060070
hsa-miR-3158-3p,hsa_circ_0060071
hsa-miR-3187-5p,hsa_circ_0086852
hsa-miR-3192-5p,hsa_circ_0020279
hsa-miR-3192-5p,hsa_circ_0020280
hsa-miR-3192-5p,hsa_circ_0020282
hsa-miR-3192-5p,hsa_circ_0020283
hsa-miR-3192-5p,hsa_circ_0059143
hsa-miR-3194-3p,hsa_circ_0045756
hsa-miR-328-5p,hsa_circ_0063447
hsa-miR-328-5p,hsa_circ_0063448
hsa-miR-328-5p,hsa_circ_0063449
hsa-miR-330-5p,hsa_circ_0050248
hsa-miR-330-5p,hsa_circ_0086852
hsa-miR-330-5p,hsa_circ_0086853
hsa-miR-330-5p,hsa_circ_0086854
hsa-miR-330-5p,hsa_circ_0086855
hsa-miR-330-5p,hsa_circ_0086856
hsa-miR-330-5p,hsa_circ_0086857
hsa-miR-330-5p,hsa_circ_0086858
hsa-miR-330-5p,hsa_circ_0086859
hsa-miR-330-5p,hsa_circ_0086860
hsa-miR-3667-3p,hsa_circ_0049716
hsa-miR-373-3p,hsa_circ_0017040
hsa-miR-3918,hsa_circ_0026579
hsa-miR-3918,hsa_circ_0026583
hsa-miR-3925-3p,hsa_circ_0078794
hsa-miR-3925-3p,hsa_circ_0078812
hsa-miR-3925-3p,hsa_circ_0078968
hsa-miR-3929,hsa_circ_0072824
hsa-miR-3944-3p,hsa_circ_0034321
hsa-miR-3960,hsa_circ_0046338
hsa-miR-4420,hsa_circ_0070105
hsa-miR-4433b-3p,hsa_circ_0049128
hsa-miR-4452,hsa_circ_0005503
hsa-miR-4498,hsa_circ_0041951
hsa-miR-4498,hsa_circ_0091772
hsa-miR-4505,hsa_circ_0058374
hsa-miR-4507,hsa_circ_0052194
hsa-miR-4632-5p,hsa_circ_0010574
hsa-miR-4632-5p,hsa_circ_0010608
hsa-miR-4632-5p,hsa_circ_0020763
hsa-miR-4640-5p,hsa_circ_0040884
hsa-miR-4650-5p,hsa_circ_0081673
hsa-miR-4656,hsa_circ_0008161
hsa-miR-4656,hsa_circ_0087424
hsa-miR-4656,hsa_circ_0087425
hsa-miR-4659b-3p,hsa_circ_0015760
hsa-miR-4659b-3p,hsa_circ_0015762
hsa-miR-4680-3p,hsa_circ_0071546
hsa-miR-4680-3p,hsa_circ_0071547
hsa-miR-4685-5p,hsa_circ_0041575
hsa-miR-4685-5p,hsa_circ_0041576
hsa-miR-4685-5p,hsa_circ_0041577
hsa-miR-4685-5p,hsa_circ_0041578
hsa-miR-4688,hsa_circ_0081063
hsa-miR-4688,hsa_circ_0081065
hsa-miR-4688,hsa_circ_0081066
hsa-miR-4688,hsa_circ_0081090
hsa-miR-4688,hsa_circ_0081091
hsa-miR-4688,hsa_circ_0081096
hsa-miR-4688,hsa_circ_0081102
hsa-miR-4688,hsa_circ_0081108
hsa-miR-4706,hsa_circ_0022836
hsa-miR-4722-5p,hsa_circ_0040861
hsa-miR-4722-5p,hsa_circ_0040863
hsa-miR-4722-5p,hsa_circ_0040867
hsa-miR-4726-5p,hsa_circ_0057365
hsa-miR-4726-5p,hsa_circ_0057366
hsa-miR-4728-5p,hsa_circ_0058227
hsa-miR-4739,hsa_circ_0009652
hsa-miR-4739,hsa_circ_0063446
hsa-miR-4745-3p,hsa_circ_0024590
hsa-miR-4745-3p,hsa_circ_0024591
hsa-miR-4747-5p,hsa_circ_0090561
hsa-miR-4751,hsa_circ_0037564
hsa-miR-4751,hsa_circ_0037565
hsa-miR-4751,hsa_circ_0037568
hsa-miR-4751,hsa_circ_0037570
hsa-miR-4751,hsa_circ_0037571
hsa-miR-4751,hsa_circ_0037573
hsa-miR-4751,hsa_circ_0037574
hsa-miR-4763-3p,hsa_circ_0033776
hsa-miR-4763-3p,hsa_circ_0061185
hsa-miR-4763-3p,hsa_circ_0061186
hsa-miR-4767,hsa_circ_0044246
hsa-miR-4772-3p,hsa_circ_0015946
hsa-miR-4772-3p,hsa_circ_0043314
hsa-miR-4775,hsa_circ_0028093
hsa-miR-4787-5p,hsa_circ_0051755
hsa-miR-4793-3p,hsa_circ_0081596
hsa-miR-5001-5p,hsa_circ_0010559
hsa-miR-5001-5p,hsa_circ_0010599
hsa-miR-5001-5p,hsa_circ_0010600
hsa-miR-5001-5p,hsa_circ_0010641
hsa-miR-5001-5p,hsa_circ_0010653
hsa-miR-5001-5p,hsa_circ_0013875
hsa-miR-5001-5p,hsa_circ_0086860
hsa-miR-5047,hsa_circ_0063096
hsa-miR-5047,hsa_circ_0063097
hsa-miR-5047,hsa_circ_0063098
hsa-miR-5047,hsa_circ_0063099
hsa-miR-5047,hsa_circ_0063100
hsa-miR-5047,hsa_circ_0063101
hsa-miR-5047,hsa_circ_0063102
hsa-miR-5047,hsa_circ_0063103
hsa-miR-5047,hsa_circ_0063105
hsa-miR-509-3-5p,hsa_circ_0051048
hsa-miR-5189-5p,hsa_circ_0010641
hsa-miR-548aq-3p,hsa_circ_0024881
hsa-miR-548d-3p,hsa_circ_0056727
hsa-miR-548f-3p,hsa_circ_0019095
hsa-miR-548f-3p,hsa_circ_0019096
hsa-miR-548f-3p,hsa_circ_0019097
hsa-miR-548n,hsa_circ_0070076
hsa-miR-548n,hsa_circ_0070077
hsa-miR-548n,hsa_circ_0070078
hsa-miR-548n,hsa_circ_0070079
hsa-miR-548n,hsa_circ_0070080
hsa-miR-548n,hsa_circ_0070081
hsa-miR-548n,hsa_circ_0070082
hsa-miR-548n,hsa_circ_0070083
hsa-miR-5699-3p,hsa_circ_0030189
